hs2,negara,nilai_usd,tahun,yoy_pct,nama_chapter,seksi,nama_seksi
01,Armenia,8.57,2023,,Hewan hidup,I,Produk Hewani
01,Austria,160.0,2023,,Hewan hidup,I,Produk Hewani
01,Azerbaijan,33.0,2023,,Hewan hidup,I,Produk Hewani
01,Bahrain,351.0,2023,,Hewan hidup,I,Produk Hewani
01,Bangladesh,5550.0,2023,,Hewan hidup,I,Produk Hewani
01,Belgium,72.93,2023,,Hewan hidup,I,Produk Hewani
01,Brazil,550.0,2023,,Hewan hidup,I,Produk Hewani
01,Brunei Darussalam,934.5,2023,,Hewan hidup,I,Produk Hewani
01,Cambodia,177.0,2023,,Hewan hidup,I,Produk Hewani
01,Canada,15663.35,2023,,Hewan hidup,I,Produk Hewani
01,China,48052.0,2023,,Hewan hidup,I,Produk Hewani
01,Cyprus,50.0,2023,,Hewan hidup,I,Produk Hewani
01,Czech Republic,185639.86,2023,,Hewan hidup,I,Produk Hewani
01,East Timor,361350.0,2023,,Hewan hidup,I,Produk Hewani
01,Egypt,100.0,2023,,Hewan hidup,I,Produk Hewani
01,France,197.0,2023,,Hewan hidup,I,Produk Hewani
01,Germany Fed. Rep. Of,66333.14,2023,,Hewan hidup,I,Produk Hewani
01,Ghana,100.0,2023,,Hewan hidup,I,Produk Hewani
01,Hong Kong,134270.0,2023,,Hewan hidup,I,Produk Hewani
01,Hungary,386.4,2023,,Hewan hidup,I,Produk Hewani
01,Iceland,115.56,2023,,Hewan hidup,I,Produk Hewani
01,India,800.0,2023,,Hewan hidup,I,Produk Hewani
01,Iraq,3500.0,2023,,Hewan hidup,I,Produk Hewani
01,Italy,19888.5,2023,,Hewan hidup,I,Produk Hewani
01,Japan,422166.54,2023,,Hewan hidup,I,Produk Hewani
01,Kazakhstan,6423.39,2023,,Hewan hidup,I,Produk Hewani
01,Kenya,50.0,2023,,Hewan hidup,I,Produk Hewani
01,Korea Republic Of,146313.18,2023,,Hewan hidup,I,Produk Hewani
01,Kuwait,10901.18,2023,,Hewan hidup,I,Produk Hewani
01,Lebanon,111100.0,2023,,Hewan hidup,I,Produk Hewani
01,Malaysia,7960.9,2023,,Hewan hidup,I,Produk Hewani
01,Mauritius,575.0,2023,,Hewan hidup,I,Produk Hewani
01,Mexico,141.0,2023,,Hewan hidup,I,Produk Hewani
01,Morocco,670.0,2023,,Hewan hidup,I,Produk Hewani
01,Myanmar,150.0,2023,,Hewan hidup,I,Produk Hewani
01,Nepal,50.0,2023,,Hewan hidup,I,Produk Hewani
01,Netherlands,3586.5,2023,,Hewan hidup,I,Produk Hewani
01,Nigeria,195.0,2023,,Hewan hidup,I,Produk Hewani
01,Pakistan,9650.0,2023,,Hewan hidup,I,Produk Hewani
01,Panama,1330.0,2023,,Hewan hidup,I,Produk Hewani
01,Philippines,11738.0,2023,,Hewan hidup,I,Produk Hewani
01,Poland,5469.3,2023,,Hewan hidup,I,Produk Hewani
01,Qatar,2302.7,2023,,Hewan hidup,I,Produk Hewani
01,Russia Federation,25558.78,2023,,Hewan hidup,I,Produk Hewani
01,Saudi Arabia,16450.0,2023,,Hewan hidup,I,Produk Hewani
01,Serbia,154.44,2023,,Hewan hidup,I,Produk Hewani
01,Singapore,22015808.740000002,2023,,Hewan hidup,I,Produk Hewani
01,South Africa,1210.5,2023,,Hewan hidup,I,Produk Hewani
01,Spain,734.0,2023,,Hewan hidup,I,Produk Hewani
01,Sweden,205.32,2023,,Hewan hidup,I,Produk Hewani
01,Switzerland,50.0,2023,,Hewan hidup,I,Produk Hewani
01,Taiwan,80688.85,2023,,Hewan hidup,I,Produk Hewani
01,Thailand,7766.5,2023,,Hewan hidup,I,Produk Hewani
01,Turkey,9040.0,2023,,Hewan hidup,I,Produk Hewani
01,Uganda,260.0,2023,,Hewan hidup,I,Produk Hewani
01,United Arab Emirates,69132.6,2023,,Hewan hidup,I,Produk Hewani
01,United Kingdom,70735.67,2023,,Hewan hidup,I,Produk Hewani
01,United States,3292656.1,2023,,Hewan hidup,I,Produk Hewani
01,Uzbekistan,8172.0,2023,,Hewan hidup,I,Produk Hewani
01,Viet Nam,452.0,2023,,Hewan hidup,I,Produk Hewani
01,Zimbabwe,97.5,2023,,Hewan hidup,I,Produk Hewani
02,Belgium,4296748.64,2023,,Daging dan jeroan yang dapat dimakan,I,Produk Hewani
02,China,4446425.4,2023,,Daging dan jeroan yang dapat dimakan,I,Produk Hewani
02,East Timor,346914.64,2023,,Daging dan jeroan yang dapat dimakan,I,Produk Hewani
02,France,10317246.96,2023,,Daging dan jeroan yang dapat dimakan,I,Produk Hewani
02,Hong Kong,349887.57,2023,,Daging dan jeroan yang dapat dimakan,I,Produk Hewani
02,Japan,13000.0,2023,,Daging dan jeroan yang dapat dimakan,I,Produk Hewani
02,Korea Republic Of,2.0,2023,,Daging dan jeroan yang dapat dimakan,I,Produk Hewani
02,Kuwait,48.08,2023,,Daging dan jeroan yang dapat dimakan,I,Produk Hewani
02,Lao Peoples Dem. Rep.,3500.0,2023,,Daging dan jeroan yang dapat dimakan,I,Produk Hewani
02,Malaysia,17741.28,2023,,Daging dan jeroan yang dapat dimakan,I,Produk Hewani
02,Papua New Guinea,488.0,2023,,Daging dan jeroan yang dapat dimakan,I,Produk Hewani
02,Poland,10.0,2023,,Daging dan jeroan yang dapat dimakan,I,Produk Hewani
02,Singapore,920830.74,2023,,Daging dan jeroan yang dapat dimakan,I,Produk Hewani
02,Taiwan,10000.0,2023,,Daging dan jeroan yang dapat dimakan,I,Produk Hewani
02,Thailand,23552.0,2023,,Daging dan jeroan yang dapat dimakan,I,Produk Hewani
03,Albania,1267417.0,2023,,Ikan dan krustasea,I,Produk Hewani
03,Algeria,7625889.33,2023,,Ikan dan krustasea,I,Produk Hewani
03,American Samoa,1053728.0,2023,,Ikan dan krustasea,I,Produk Hewani
03,Andorra,2022.41,2023,,Ikan dan krustasea,I,Produk Hewani
03,Argentina,92033.59,2023,,Ikan dan krustasea,I,Produk Hewani
03,Armenia,11646.789999999999,2023,,Ikan dan krustasea,I,Produk Hewani
03,Aruba,954006.0800000001,2023,,Ikan dan krustasea,I,Produk Hewani
03,Australia,48013294.24,2023,,Ikan dan krustasea,I,Produk Hewani
03,Austria,140389.47,2023,,Ikan dan krustasea,I,Produk Hewani
03,Azerbaijan,6441.45,2023,,Ikan dan krustasea,I,Produk Hewani
03,Bahrain,61610.91,2023,,Ikan dan krustasea,I,Produk Hewani
03,Bangladesh,87024.95999999999,2023,,Ikan dan krustasea,I,Produk Hewani
03,Barbados,516175.34,2023,,Ikan dan krustasea,I,Produk Hewani
03,Belarus,1170000.0,2023,,Ikan dan krustasea,I,Produk Hewani
03,Belgium,13802825.049999999,2023,,Ikan dan krustasea,I,Produk Hewani
03,Brazil,270609.91000000003,2023,,Ikan dan krustasea,I,Produk Hewani
03,Brunei Darussalam,479696.92,2023,,Ikan dan krustasea,I,Produk Hewani
03,Bulgaria,467810.23,2023,,Ikan dan krustasea,I,Produk Hewani
03,Cambodia,2940.9700000000003,2023,,Ikan dan krustasea,I,Produk Hewani
03,Canada,41481165.239999995,2023,,Ikan dan krustasea,I,Produk Hewani
03,Chile,346474.58,2023,,Ikan dan krustasea,I,Produk Hewani
03,China,804163921.1,2023,,Ikan dan krustasea,I,Produk Hewani
03,Colombia,337783.7,2023,,Ikan dan krustasea,I,Produk Hewani
03,Costa Rica,7735169.0,2023,,Ikan dan krustasea,I,Produk Hewani
03,Cote Divoire,181030.35,2023,,Ikan dan krustasea,I,Produk Hewani
03,Croatia,208972.2,2023,,Ikan dan krustasea,I,Produk Hewani
03,Cyprus,2444134.5300000003,2023,,Ikan dan krustasea,I,Produk Hewani
03,Czech Republic,542803.32,2023,,Ikan dan krustasea,I,Produk Hewani
03,Denmark,765383.74,2023,,Ikan dan krustasea,I,Produk Hewani
03,Dominican Republic,4127242.25,2023,,Ikan dan krustasea,I,Produk Hewani
03,East Timor,566954.74,2023,,Ikan dan krustasea,I,Produk Hewani
03,Ecuador,3045186.2300000004,2023,,Ikan dan krustasea,I,Produk Hewani
03,Egypt,760894.82,2023,,Ikan dan krustasea,I,Produk Hewani
03,Finland,5006.26,2023,,Ikan dan krustasea,I,Produk Hewani
03,France,19314635.66,2023,,Ikan dan krustasea,I,Produk Hewani
03,Georgia,564953.9099999999,2023,,Ikan dan krustasea,I,Produk Hewani
03,Germany Fed. Rep. Of,14802431.67,2023,,Ikan dan krustasea,I,Produk Hewani
03,Greece,10672066.620000001,2023,,Ikan dan krustasea,I,Produk Hewani
03,Grenada,73778.2,2023,,Ikan dan krustasea,I,Produk Hewani
03,Guadeloupe,1814324.0,2023,,Ikan dan krustasea,I,Produk Hewani
03,Guam,84200.0,2023,,Ikan dan krustasea,I,Produk Hewani
03,Hong Kong,64150896.620000005,2023,,Ikan dan krustasea,I,Produk Hewani
03,Hungary,45901.09,2023,,Ikan dan krustasea,I,Produk Hewani
03,Iceland,19004.56,2023,,Ikan dan krustasea,I,Produk Hewani
03,India,1047276.2699999999,2023,,Ikan dan krustasea,I,Produk Hewani
03,Iran (Islamic Republic Of),182043.98,2023,,Ikan dan krustasea,I,Produk Hewani
03,Iraq,54644.6,2023,,Ikan dan krustasea,I,Produk Hewani
03,Ireland,2777743.4400000004,2023,,Ikan dan krustasea,I,Produk Hewani
03,Israel,371445.49,2023,,Ikan dan krustasea,I,Produk Hewani
03,Italy,101873147.13,2023,,Ikan dan krustasea,I,Produk Hewani
03,Japan,451499257.55,2023,,Ikan dan krustasea,I,Produk Hewani
03,Jordan,385274.91000000003,2023,,Ikan dan krustasea,I,Produk Hewani
03,Kazakhstan,66268.33,2023,,Ikan dan krustasea,I,Produk Hewani
03,Kenya,72760.0,2023,,Ikan dan krustasea,I,Produk Hewani
03,Korea Republic Of,73584520.06,2023,,Ikan dan krustasea,I,Produk Hewani
03,Kuwait,355563.31,2023,,Ikan dan krustasea,I,Produk Hewani
03,Kyrgyzstan,600.0,2023,,Ikan dan krustasea,I,Produk Hewani
03,Latvia,111000.0,2023,,Ikan dan krustasea,I,Produk Hewani
03,Lebanon,1202454.8599999999,2023,,Ikan dan krustasea,I,Produk Hewani
03,Libyan Arab Jamahiriya,369.0,2023,,Ikan dan krustasea,I,Produk Hewani
03,Lithuania,906480.21,2023,,Ikan dan krustasea,I,Produk Hewani
03,Luxembourg,13843.32,2023,,Ikan dan krustasea,I,Produk Hewani
03,Macau,123874.42,2023,,Ikan dan krustasea,I,Produk Hewani
03,Madagascar,48820.0,2023,,Ikan dan krustasea,I,Produk Hewani
03,Malaysia,140668592.25,2023,,Ikan dan krustasea,I,Produk Hewani
03,Maldives,29968.94,2023,,Ikan dan krustasea,I,Produk Hewani
03,Mali,111851.0,2023,,Ikan dan krustasea,I,Produk Hewani
03,Malta,149150.88,2023,,Ikan dan krustasea,I,Produk Hewani
03,Martinique,1388994.63,2023,,Ikan dan krustasea,I,Produk Hewani
03,Mauritius,8930117.760000002,2023,,Ikan dan krustasea,I,Produk Hewani
03,Mayotte,221177.25,2023,,Ikan dan krustasea,I,Produk Hewani
03,Mexico,12625838.5,2023,,Ikan dan krustasea,I,Produk Hewani
03,Moldova Republic Of,78439.6,2023,,Ikan dan krustasea,I,Produk Hewani
03,Morocco,60359.869999999995,2023,,Ikan dan krustasea,I,Produk Hewani
03,Mozambique,120750.32,2023,,Ikan dan krustasea,I,Produk Hewani
03,Myanmar,27827.21,2023,,Ikan dan krustasea,I,Produk Hewani
03,Namibia,426013.49,2023,,Ikan dan krustasea,I,Produk Hewani
03,Netherlands,19369256.88,2023,,Ikan dan krustasea,I,Produk Hewani
03,New Zealand,1253913.33,2023,,Ikan dan krustasea,I,Produk Hewani
03,Norway,3576.7200000000003,2023,,Ikan dan krustasea,I,Produk Hewani
03,Oman,15052.3,2023,,Ikan dan krustasea,I,Produk Hewani
03,Pakistan,9311.71,2023,,Ikan dan krustasea,I,Produk Hewani
03,Panama,89450.0,2023,,Ikan dan krustasea,I,Produk Hewani
03,Papua New Guinea,1922724.03,2023,,Ikan dan krustasea,I,Produk Hewani
03,Peru,3379256.22,2023,,Ikan dan krustasea,I,Produk Hewani
03,Philippines,45841575.72,2023,,Ikan dan krustasea,I,Produk Hewani
03,Poland,5598409.54,2023,,Ikan dan krustasea,I,Produk Hewani
03,Portugal,10910001.2,2023,,Ikan dan krustasea,I,Produk Hewani
03,Puerto Rico,10706406.68,2023,,Ikan dan krustasea,I,Produk Hewani
03,Qatar,407889.11,2023,,Ikan dan krustasea,I,Produk Hewani
03,Rep. Of Macedonia,12513.65,2023,,Ikan dan krustasea,I,Produk Hewani
03,Reunion,3511000.2699999996,2023,,Ikan dan krustasea,I,Produk Hewani
03,Romania,1142440.05,2023,,Ikan dan krustasea,I,Produk Hewani
03,Russia Federation,16606887.670000002,2023,,Ikan dan krustasea,I,Produk Hewani
03,Samoa,1055457.0,2023,,Ikan dan krustasea,I,Produk Hewani
03,Saudi Arabia,1864139.09,2023,,Ikan dan krustasea,I,Produk Hewani
03,Senegal,1570495.49,2023,,Ikan dan krustasea,I,Produk Hewani
03,Serbia,7155.15,2023,,Ikan dan krustasea,I,Produk Hewani
03,Seychelles,534049.08,2023,,Ikan dan krustasea,I,Produk Hewani
03,Singapore,101304211.41,2023,,Ikan dan krustasea,I,Produk Hewani
03,Slovenia,229594.47,2023,,Ikan dan krustasea,I,Produk Hewani
03,South Africa,975702.27,2023,,Ikan dan krustasea,I,Produk Hewani
03,Spain,32936908.6,2023,,Ikan dan krustasea,I,Produk Hewani
03,Sri Lanka,1547376.75,2023,,Ikan dan krustasea,I,Produk Hewani
03,Suriname,1024329.27,2023,,Ikan dan krustasea,I,Produk Hewani
03,Sweden,534667.2,2023,,Ikan dan krustasea,I,Produk Hewani
03,Switzerland,783752.55,2023,,Ikan dan krustasea,I,Produk Hewani
03,Taiwan,132111991.5,2023,,Ikan dan krustasea,I,Produk Hewani
03,Tanzania United Rep. Of,11700.869999999999,2023,,Ikan dan krustasea,I,Produk Hewani
03,Thailand,71646372.08,2023,,Ikan dan krustasea,I,Produk Hewani
03,Trinidad And Tobago,1749210.19,2023,,Ikan dan krustasea,I,Produk Hewani
03,Tunisia,1296247.0,2023,,Ikan dan krustasea,I,Produk Hewani
03,Turkey,1030183.46,2023,,Ikan dan krustasea,I,Produk Hewani
03,Ukraine,404911.11,2023,,Ikan dan krustasea,I,Produk Hewani
03,United Arab Emirates,4241215.640000001,2023,,Ikan dan krustasea,I,Produk Hewani
03,United Kingdom,12668529.72,2023,,Ikan dan krustasea,I,Produk Hewani
03,United States,1077880320.79,2023,,Ikan dan krustasea,I,Produk Hewani
03,Uruguay,68856.27,2023,,Ikan dan krustasea,I,Produk Hewani
03,Uzbekistan,80308.92,2023,,Ikan dan krustasea,I,Produk Hewani
03,Viet Nam,196736753.88,2023,,Ikan dan krustasea,I,Produk Hewani
04,Australia,2542240.5,2023,,Susu; telur unggas; madu,I,Produk Hewani
04,Bahrain,3575.6,2023,,Susu; telur unggas; madu,I,Produk Hewani
04,Brunei Darussalam,1792497.59,2023,,Susu; telur unggas; madu,I,Produk Hewani
04,Cambodia,994215.8200000001,2023,,Susu; telur unggas; madu,I,Produk Hewani
04,Canada,1183472.42,2023,,Susu; telur unggas; madu,I,Produk Hewani
04,China,479115401.34000003,2023,,Susu; telur unggas; madu,I,Produk Hewani
04,Comoros,47243.0,2023,,Susu; telur unggas; madu,I,Produk Hewani
04,Cook Islands,10.0,2023,,Susu; telur unggas; madu,I,Produk Hewani
04,Cote Divoire,9077.5,2023,,Susu; telur unggas; madu,I,Produk Hewani
04,Democratic Rep. Of The Congo,1896.15,2023,,Susu; telur unggas; madu,I,Produk Hewani
04,East Timor,14368737.2,2023,,Susu; telur unggas; madu,I,Produk Hewani
04,Egypt,4859.67,2023,,Susu; telur unggas; madu,I,Produk Hewani
04,Fiji,63720.54,2023,,Susu; telur unggas; madu,I,Produk Hewani
04,France,80842.85,2023,,Susu; telur unggas; madu,I,Produk Hewani
04,French Polynesia,783.29,2023,,Susu; telur unggas; madu,I,Produk Hewani
04,Gabon,440.0,2023,,Susu; telur unggas; madu,I,Produk Hewani
04,Germany Fed. Rep. Of,302.0,2023,,Susu; telur unggas; madu,I,Produk Hewani
04,Guyana,98835.0,2023,,Susu; telur unggas; madu,I,Produk Hewani
04,Hong Kong,77877517.73,2023,,Susu; telur unggas; madu,I,Produk Hewani
04,Iraq,9057.8,2023,,Susu; telur unggas; madu,I,Produk Hewani
04,Japan,209025.63000000003,2023,,Susu; telur unggas; madu,I,Produk Hewani
04,Kenya,438.0,2023,,Susu; telur unggas; madu,I,Produk Hewani
04,Kiribati,10692.9,2023,,Susu; telur unggas; madu,I,Produk Hewani
04,Korea Republic Of,162456.76,2023,,Susu; telur unggas; madu,I,Produk Hewani
04,Kuwait,33578.1,2023,,Susu; telur unggas; madu,I,Produk Hewani
04,Lao Peoples Dem. Rep.,15692.5,2023,,Susu; telur unggas; madu,I,Produk Hewani
04,Lebanon,2264.52,2023,,Susu; telur unggas; madu,I,Produk Hewani
04,Libyan Arab Jamahiriya,651297.81,2023,,Susu; telur unggas; madu,I,Produk Hewani
04,Macau,31374.02,2023,,Susu; telur unggas; madu,I,Produk Hewani
04,Malaysia,4710565.78,2023,,Susu; telur unggas; madu,I,Produk Hewani
04,Maldives,2921280.66,2023,,Susu; telur unggas; madu,I,Produk Hewani
04,Marshall Islands,406.5,2023,,Susu; telur unggas; madu,I,Produk Hewani
04,Micronesia Fed. States Of,274.65,2023,,Susu; telur unggas; madu,I,Produk Hewani
04,Mongolia,14323.68,2023,,Susu; telur unggas; madu,I,Produk Hewani
04,Myanmar,817539.7200000001,2023,,Susu; telur unggas; madu,I,Produk Hewani
04,Netherlands,2.18,2023,,Susu; telur unggas; madu,I,Produk Hewani
04,New Zealand,52492.159999999996,2023,,Susu; telur unggas; madu,I,Produk Hewani
04,Nigeria,37413.1,2023,,Susu; telur unggas; madu,I,Produk Hewani
04,Oman,5806.700000000001,2023,,Susu; telur unggas; madu,I,Produk Hewani
04,Palestina,1406.4,2023,,Susu; telur unggas; madu,I,Produk Hewani
04,Papua New Guinea,8231560.29,2023,,Susu; telur unggas; madu,I,Produk Hewani
04,Philippines,13128143.51,2023,,Susu; telur unggas; madu,I,Produk Hewani
04,Qatar,9486.7,2023,,Susu; telur unggas; madu,I,Produk Hewani
04,Samoa,196404.90000000002,2023,,Susu; telur unggas; madu,I,Produk Hewani
04,Saudi Arabia,345208.25,2023,,Susu; telur unggas; madu,I,Produk Hewani
04,Senegal,4939.71,2023,,Susu; telur unggas; madu,I,Produk Hewani
04,Sierra Leone,253.4,2023,,Susu; telur unggas; madu,I,Produk Hewani
04,Singapore,27408473.82,2023,,Susu; telur unggas; madu,I,Produk Hewani
04,Solomon Islands,135005.82,2023,,Susu; telur unggas; madu,I,Produk Hewani
04,Swaziland,897.32,2023,,Susu; telur unggas; madu,I,Produk Hewani
04,Taiwan,1833144.32,2023,,Susu; telur unggas; madu,I,Produk Hewani
04,Thailand,1192235.52,2023,,Susu; telur unggas; madu,I,Produk Hewani
04,Togo,38.5,2023,,Susu; telur unggas; madu,I,Produk Hewani
04,Tonga,183635.09999999998,2023,,Susu; telur unggas; madu,I,Produk Hewani
04,Tuvalu,1223.2,2023,,Susu; telur unggas; madu,I,Produk Hewani
04,United Arab Emirates,22141.9,2023,,Susu; telur unggas; madu,I,Produk Hewani
04,United States,14393222.319999998,2023,,Susu; telur unggas; madu,I,Produk Hewani
04,Vanuatu,77427.47,2023,,Susu; telur unggas; madu,I,Produk Hewani
04,Viet Nam,39990351.85,2023,,Susu; telur unggas; madu,I,Produk Hewani
05,Argentina,25037.64,2023,,Produk hewani lainnya,I,Produk Hewani
05,Armenia,211.84,2023,,Produk hewani lainnya,I,Produk Hewani
05,Australia,34096.92,2023,,Produk hewani lainnya,I,Produk Hewani
05,Austria,24267.25,2023,,Produk hewani lainnya,I,Produk Hewani
05,Azerbaijan,2025.0,2023,,Produk hewani lainnya,I,Produk Hewani
05,Bahrain,7068.53,2023,,Produk hewani lainnya,I,Produk Hewani
05,Bangladesh,4915449.71,2023,,Produk hewani lainnya,I,Produk Hewani
05,Belgium,40421.85,2023,,Produk hewani lainnya,I,Produk Hewani
05,Brazil,583102.8200000001,2023,,Produk hewani lainnya,I,Produk Hewani
05,Brunei Darussalam,449.0,2023,,Produk hewani lainnya,I,Produk Hewani
05,Bulgaria,4442.01,2023,,Produk hewani lainnya,I,Produk Hewani
05,Cambodia,2380.8,2023,,Produk hewani lainnya,I,Produk Hewani
05,Canada,333111.83,2023,,Produk hewani lainnya,I,Produk Hewani
05,China,7360154.22,2023,,Produk hewani lainnya,I,Produk Hewani
05,Cyprus,6056.12,2023,,Produk hewani lainnya,I,Produk Hewani
05,Czech Republic,36905.61,2023,,Produk hewani lainnya,I,Produk Hewani
05,Denmark,19601.870000000003,2023,,Produk hewani lainnya,I,Produk Hewani
05,Finland,2275.0,2023,,Produk hewani lainnya,I,Produk Hewani
05,France,223554.2,2023,,Produk hewani lainnya,I,Produk Hewani
05,Germany Fed. Rep. Of,2439781.17,2023,,Produk hewani lainnya,I,Produk Hewani
05,Greece,7926.59,2023,,Produk hewani lainnya,I,Produk Hewani
05,Hong Kong,1365614.0,2023,,Produk hewani lainnya,I,Produk Hewani
05,Hungary,2629.92,2023,,Produk hewani lainnya,I,Produk Hewani
05,Iceland,8455.5,2023,,Produk hewani lainnya,I,Produk Hewani
05,India,635660.1299999999,2023,,Produk hewani lainnya,I,Produk Hewani
05,Iran (Islamic Republic Of),17021.55,2023,,Produk hewani lainnya,I,Produk Hewani
05,Iraq,12635.4,2023,,Produk hewani lainnya,I,Produk Hewani
05,Ireland,12668.19,2023,,Produk hewani lainnya,I,Produk Hewani
05,Israel,30037.09,2023,,Produk hewani lainnya,I,Produk Hewani
05,Italy,733723.7999999999,2023,,Produk hewani lainnya,I,Produk Hewani
05,Japan,4549607.73,2023,,Produk hewani lainnya,I,Produk Hewani
05,Jordan,23397.19,2023,,Produk hewani lainnya,I,Produk Hewani
05,Kazakhstan,4185.25,2023,,Produk hewani lainnya,I,Produk Hewani
05,Korea Republic Of,554807.19,2023,,Produk hewani lainnya,I,Produk Hewani
05,Kuwait,4353.95,2023,,Produk hewani lainnya,I,Produk Hewani
05,Lebanon,2014.15,2023,,Produk hewani lainnya,I,Produk Hewani
05,Libyan Arab Jamahiriya,13920.0,2023,,Produk hewani lainnya,I,Produk Hewani
05,Macau,656.5,2023,,Produk hewani lainnya,I,Produk Hewani
05,Madagascar,74039.1,2023,,Produk hewani lainnya,I,Produk Hewani
05,Malaysia,83087.3,2023,,Produk hewani lainnya,I,Produk Hewani
05,Malta,984.9,2023,,Produk hewani lainnya,I,Produk Hewani
05,Mexico,90842.58,2023,,Produk hewani lainnya,I,Produk Hewani
05,Myanmar,12544.0,2023,,Produk hewani lainnya,I,Produk Hewani
05,Namibia,64.6,2023,,Produk hewani lainnya,I,Produk Hewani
05,Netherlands,609779.4400000001,2023,,Produk hewani lainnya,I,Produk Hewani
05,New Zealand,11223.78,2023,,Produk hewani lainnya,I,Produk Hewani
05,Norway,12097.61,2023,,Produk hewani lainnya,I,Produk Hewani
05,Pakistan,1080.5,2023,,Produk hewani lainnya,I,Produk Hewani
05,Peru,5230.75,2023,,Produk hewani lainnya,I,Produk Hewani
05,Philippines,27797.75,2023,,Produk hewani lainnya,I,Produk Hewani
05,Poland,144060.25,2023,,Produk hewani lainnya,I,Produk Hewani
05,Portugal,84865.73000000001,2023,,Produk hewani lainnya,I,Produk Hewani
05,Qatar,11277.1,2023,,Produk hewani lainnya,I,Produk Hewani
05,Russia Federation,186705.32,2023,,Produk hewani lainnya,I,Produk Hewani
05,Saudi Arabia,1219776.07,2023,,Produk hewani lainnya,I,Produk Hewani
05,Serbia,900.0,2023,,Produk hewani lainnya,I,Produk Hewani
05,Singapore,537205.64,2023,,Produk hewani lainnya,I,Produk Hewani
05,South Africa,81027.25,2023,,Produk hewani lainnya,I,Produk Hewani
05,Spain,139139.2,2023,,Produk hewani lainnya,I,Produk Hewani
05,Sri Lanka,536.71,2023,,Produk hewani lainnya,I,Produk Hewani
05,Sudan,3193.0,2023,,Produk hewani lainnya,I,Produk Hewani
05,Sweden,841.5999999999999,2023,,Produk hewani lainnya,I,Produk Hewani
05,Switzerland,49653.24999999999,2023,,Produk hewani lainnya,I,Produk Hewani
05,Taiwan,4519081.14,2023,,Produk hewani lainnya,I,Produk Hewani
05,Thailand,351563.72,2023,,Produk hewani lainnya,I,Produk Hewani
05,Turkey,554940.3300000001,2023,,Produk hewani lainnya,I,Produk Hewani
05,United Arab Emirates,501611.82999999996,2023,,Produk hewani lainnya,I,Produk Hewani
05,United Kingdom,778969.13,2023,,Produk hewani lainnya,I,Produk Hewani
05,United States,6821803.199999999,2023,,Produk hewani lainnya,I,Produk Hewani
05,Uzbekistan,4403.0,2023,,Produk hewani lainnya,I,Produk Hewani
05,Viet Nam,1444925.83,2023,,Produk hewani lainnya,I,Produk Hewani
06,Australia,552888.1900000001,2023,,Tanaman hidup dan bunga,II,Produk Nabati
06,Austria,120.0,2023,,Tanaman hidup dan bunga,II,Produk Nabati
06,Bahrain,3953.0,2023,,Tanaman hidup dan bunga,II,Produk Nabati
06,Belgium,8471.32,2023,,Tanaman hidup dan bunga,II,Produk Nabati
06,Brunei Darussalam,2436.5,2023,,Tanaman hidup dan bunga,II,Produk Nabati
06,Cambodia,33317.5,2023,,Tanaman hidup dan bunga,II,Produk Nabati
06,Canada,417169.58999999997,2023,,Tanaman hidup dan bunga,II,Produk Nabati
06,Chile,160228.98,2023,,Tanaman hidup dan bunga,II,Produk Nabati
06,China,668998.29,2023,,Tanaman hidup dan bunga,II,Produk Nabati
06,Cote Divoire,5268.12,2023,,Tanaman hidup dan bunga,II,Produk Nabati
06,Czech Republic,66152.24,2023,,Tanaman hidup dan bunga,II,Produk Nabati
06,Denmark,17470.82,2023,,Tanaman hidup dan bunga,II,Produk Nabati
06,East Timor,2891.2200000000003,2023,,Tanaman hidup dan bunga,II,Produk Nabati
06,Estonia,12350.0,2023,,Tanaman hidup dan bunga,II,Produk Nabati
06,France,8466.66,2023,,Tanaman hidup dan bunga,II,Produk Nabati
06,Germany Fed. Rep. Of,187815.83000000002,2023,,Tanaman hidup dan bunga,II,Produk Nabati
06,Hong Kong,140480.37,2023,,Tanaman hidup dan bunga,II,Produk Nabati
06,India,58523.38,2023,,Tanaman hidup dan bunga,II,Produk Nabati
06,Iraq,20040.1,2023,,Tanaman hidup dan bunga,II,Produk Nabati
06,Italy,51225.590000000004,2023,,Tanaman hidup dan bunga,II,Produk Nabati
06,Japan,5666715.61,2023,,Tanaman hidup dan bunga,II,Produk Nabati
06,Jordan,542.8299999999999,2023,,Tanaman hidup dan bunga,II,Produk Nabati
06,Kazakhstan,4924.5,2023,,Tanaman hidup dan bunga,II,Produk Nabati
06,Korea Republic Of,960189.24,2023,,Tanaman hidup dan bunga,II,Produk Nabati
06,Kuwait,29333.0,2023,,Tanaman hidup dan bunga,II,Produk Nabati
06,Malaysia,702986.36,2023,,Tanaman hidup dan bunga,II,Produk Nabati
06,Maldives,250.0,2023,,Tanaman hidup dan bunga,II,Produk Nabati
06,Mauritius,4660.0,2023,,Tanaman hidup dan bunga,II,Produk Nabati
06,Mexico,111.07,2023,,Tanaman hidup dan bunga,II,Produk Nabati
06,Nepal,1302.0,2023,,Tanaman hidup dan bunga,II,Produk Nabati
06,Netherlands,3897074.58,2023,,Tanaman hidup dan bunga,II,Produk Nabati
06,New Zealand,6429.4,2023,,Tanaman hidup dan bunga,II,Produk Nabati
06,Oman,924.9,2023,,Tanaman hidup dan bunga,II,Produk Nabati
06,Papua New Guinea,1406.85,2023,,Tanaman hidup dan bunga,II,Produk Nabati
06,Peru,1332.72,2023,,Tanaman hidup dan bunga,II,Produk Nabati
06,Philippines,42467.52,2023,,Tanaman hidup dan bunga,II,Produk Nabati
06,Poland,47992.36,2023,,Tanaman hidup dan bunga,II,Produk Nabati
06,Portugal,648.0,2023,,Tanaman hidup dan bunga,II,Produk Nabati
06,Qatar,17907.7,2023,,Tanaman hidup dan bunga,II,Produk Nabati
06,Romania,40.0,2023,,Tanaman hidup dan bunga,II,Produk Nabati
06,Russia Federation,63094.83,2023,,Tanaman hidup dan bunga,II,Produk Nabati
06,Saudi Arabia,188440.22999999998,2023,,Tanaman hidup dan bunga,II,Produk Nabati
06,Singapore,2285107.44,2023,,Tanaman hidup dan bunga,II,Produk Nabati
06,South Africa,84256.23999999999,2023,,Tanaman hidup dan bunga,II,Produk Nabati
06,Spain,58328.37,2023,,Tanaman hidup dan bunga,II,Produk Nabati
06,Suriname,16504.0,2023,,Tanaman hidup dan bunga,II,Produk Nabati
06,Sweden,2.14,2023,,Tanaman hidup dan bunga,II,Produk Nabati
06,Taiwan,128326.05,2023,,Tanaman hidup dan bunga,II,Produk Nabati
06,Thailand,868436.7899999999,2023,,Tanaman hidup dan bunga,II,Produk Nabati
06,Turkey,20882.38,2023,,Tanaman hidup dan bunga,II,Produk Nabati
06,United Arab Emirates,20397.0,2023,,Tanaman hidup dan bunga,II,Produk Nabati
06,United Kingdom,60831.520000000004,2023,,Tanaman hidup dan bunga,II,Produk Nabati
06,United States,2310002.5,2023,,Tanaman hidup dan bunga,II,Produk Nabati
06,Uzbekistan,205.0,2023,,Tanaman hidup dan bunga,II,Produk Nabati
06,Viet Nam,12167.2,2023,,Tanaman hidup dan bunga,II,Produk Nabati
06,Zambia,8880.2,2023,,Tanaman hidup dan bunga,II,Produk Nabati
07,Argentina,359.04,2023,,Sayuran,II,Produk Nabati
07,Australia,507097.17000000004,2023,,Sayuran,II,Produk Nabati
07,Bahrain,28023.25,2023,,Sayuran,II,Produk Nabati
07,Belgium,129704.75,2023,,Sayuran,II,Produk Nabati
07,Brunei Darussalam,253.15,2023,,Sayuran,II,Produk Nabati
07,Cambodia,794.3,2023,,Sayuran,II,Produk Nabati
07,Canada,67260.73000000001,2023,,Sayuran,II,Produk Nabati
07,China,32072350.62,2023,,Sayuran,II,Produk Nabati
07,Christmas Islands,245.17,2023,,Sayuran,II,Produk Nabati
07,Czech Republic,1228.7,2023,,Sayuran,II,Produk Nabati
07,Denmark,4096.08,2023,,Sayuran,II,Produk Nabati
07,Dominican Republic,227910.0,2023,,Sayuran,II,Produk Nabati
07,East Timor,314875.39,2023,,Sayuran,II,Produk Nabati
07,Egypt,1125.0,2023,,Sayuran,II,Produk Nabati
07,Estonia,214.59,2023,,Sayuran,II,Produk Nabati
07,France,27036.97,2023,,Sayuran,II,Produk Nabati
07,Germany Fed. Rep. Of,19233.36,2023,,Sayuran,II,Produk Nabati
07,Hong Kong,1160410.08,2023,,Sayuran,II,Produk Nabati
07,Hungary,561.2,2023,,Sayuran,II,Produk Nabati
07,India,274532.5,2023,,Sayuran,II,Produk Nabati
07,Iraq,72000.0,2023,,Sayuran,II,Produk Nabati
07,Japan,27461963.63,2023,,Sayuran,II,Produk Nabati
07,Jordan,24970.0,2023,,Sayuran,II,Produk Nabati
07,Korea Republic Of,671408.4099999999,2023,,Sayuran,II,Produk Nabati
07,Kuwait,42200.619999999995,2023,,Sayuran,II,Produk Nabati
07,Malaysia,6521695.61,2023,,Sayuran,II,Produk Nabati
07,Maldives,58433.43,2023,,Sayuran,II,Produk Nabati
07,Mexico,6.0,2023,,Sayuran,II,Produk Nabati
07,Netherlands,1424257.83,2023,,Sayuran,II,Produk Nabati
07,New Zealand,2825.73,2023,,Sayuran,II,Produk Nabati
07,Nigeria,171232.7,2023,,Sayuran,II,Produk Nabati
07,Oman,59.5,2023,,Sayuran,II,Produk Nabati
07,Papua New Guinea,51469.7,2023,,Sayuran,II,Produk Nabati
07,Philippines,10891518.29,2023,,Sayuran,II,Produk Nabati
07,Puerto Rico,195448.82,2023,,Sayuran,II,Produk Nabati
07,Qatar,19902.99,2023,,Sayuran,II,Produk Nabati
07,Russia Federation,63561.94,2023,,Sayuran,II,Produk Nabati
07,Saudi Arabia,1567694.04,2023,,Sayuran,II,Produk Nabati
07,Singapore,15633918.16,2023,,Sayuran,II,Produk Nabati
07,Sri Lanka,22.8,2023,,Sayuran,II,Produk Nabati
07,Taiwan,17421412.11,2023,,Sayuran,II,Produk Nabati
07,Thailand,10442405.21,2023,,Sayuran,II,Produk Nabati
07,Tunisia,2.5,2023,,Sayuran,II,Produk Nabati
07,United Arab Emirates,90905.06,2023,,Sayuran,II,Produk Nabati
07,United Kingdom,40763.97,2023,,Sayuran,II,Produk Nabati
07,United States,2144966.85,2023,,Sayuran,II,Produk Nabati
07,Viet Nam,1641139.48,2023,,Sayuran,II,Produk Nabati
08,Afghanistan,298077.5,2023,,Buah dan kacang-kacangan,II,Produk Nabati
08,Algeria,145317.18,2023,,Buah dan kacang-kacangan,II,Produk Nabati
08,Angola,34060.0,2023,,Buah dan kacang-kacangan,II,Produk Nabati
08,Argentina,2521193.34,2023,,Buah dan kacang-kacangan,II,Produk Nabati
08,Australia,1763948.23,2023,,Buah dan kacang-kacangan,II,Produk Nabati
08,Azerbaijan,17906.25,2023,,Buah dan kacang-kacangan,II,Produk Nabati
08,Bahrain,334771.94999999995,2023,,Buah dan kacang-kacangan,II,Produk Nabati
08,Bangladesh,12954972.52,2023,,Buah dan kacang-kacangan,II,Produk Nabati
08,Belarus,43864.63,2023,,Buah dan kacang-kacangan,II,Produk Nabati
08,Belgium,129245.0,2023,,Buah dan kacang-kacangan,II,Produk Nabati
08,Benin,32500.0,2023,,Buah dan kacang-kacangan,II,Produk Nabati
08,Bhutan,13537.04,2023,,Buah dan kacang-kacangan,II,Produk Nabati
08,Brazil,6067781.640000001,2023,,Buah dan kacang-kacangan,II,Produk Nabati
08,Brunei Darussalam,13942.5,2023,,Buah dan kacang-kacangan,II,Produk Nabati
08,Bulgaria,139734.1,2023,,Buah dan kacang-kacangan,II,Produk Nabati
08,Cambodia,1418183.1800000002,2023,,Buah dan kacang-kacangan,II,Produk Nabati
08,Canada,1061954.1,2023,,Buah dan kacang-kacangan,II,Produk Nabati
08,Cape Verde,50050.0,2023,,Buah dan kacang-kacangan,II,Produk Nabati
08,Chile,721187.97,2023,,Buah dan kacang-kacangan,II,Produk Nabati
08,China,156218922.19,2023,,Buah dan kacang-kacangan,II,Produk Nabati
08,Christmas Islands,3088.27,2023,,Buah dan kacang-kacangan,II,Produk Nabati
08,Costa Rica,220635.0,2023,,Buah dan kacang-kacangan,II,Produk Nabati
08,Croatia,299608.85,2023,,Buah dan kacang-kacangan,II,Produk Nabati
08,Cyprus,16380.0,2023,,Buah dan kacang-kacangan,II,Produk Nabati
08,Czech Republic,162463.06,2023,,Buah dan kacang-kacangan,II,Produk Nabati
08,Denmark,169178.09,2023,,Buah dan kacang-kacangan,II,Produk Nabati
08,Dominican Republic,145761.75,2023,,Buah dan kacang-kacangan,II,Produk Nabati
08,East Timor,216994.17,2023,,Buah dan kacang-kacangan,II,Produk Nabati
08,Egypt,2662102.67,2023,,Buah dan kacang-kacangan,II,Produk Nabati
08,Finland,16529.0,2023,,Buah dan kacang-kacangan,II,Produk Nabati
08,France,2431244.39,2023,,Buah dan kacang-kacangan,II,Produk Nabati
08,Georgia,376383.1,2023,,Buah dan kacang-kacangan,II,Produk Nabati
08,Germany Fed. Rep. Of,13334828.6,2023,,Buah dan kacang-kacangan,II,Produk Nabati
08,Greece,956312.5,2023,,Buah dan kacang-kacangan,II,Produk Nabati
08,Guadeloupe,17654.0,2023,,Buah dan kacang-kacangan,II,Produk Nabati
08,Hong Kong,50286795.260000005,2023,,Buah dan kacang-kacangan,II,Produk Nabati
08,Hungary,161449.0,2023,,Buah dan kacang-kacangan,II,Produk Nabati
08,India,26073068.71,2023,,Buah dan kacang-kacangan,II,Produk Nabati
08,Iran (Islamic Republic Of),57898798.4,2023,,Buah dan kacang-kacangan,II,Produk Nabati
08,Iraq,4006904.6,2023,,Buah dan kacang-kacangan,II,Produk Nabati
08,Ireland,103660.0,2023,,Buah dan kacang-kacangan,II,Produk Nabati
08,Israel,203728.72,2023,,Buah dan kacang-kacangan,II,Produk Nabati
08,Italy,1344787.78,2023,,Buah dan kacang-kacangan,II,Produk Nabati
08,Japan,3113794.12,2023,,Buah dan kacang-kacangan,II,Produk Nabati
08,Jordan,456750.24,2023,,Buah dan kacang-kacangan,II,Produk Nabati
08,Kazakhstan,103000.0,2023,,Buah dan kacang-kacangan,II,Produk Nabati
08,Kenya,83885.0,2023,,Buah dan kacang-kacangan,II,Produk Nabati
08,Korea Republic Of,5119497.89,2023,,Buah dan kacang-kacangan,II,Produk Nabati
08,Kuwait,398584.35,2023,,Buah dan kacang-kacangan,II,Produk Nabati
08,Kyrgyzstan,16443.75,2023,,Buah dan kacang-kacangan,II,Produk Nabati
08,Latvia,90333.66,2023,,Buah dan kacang-kacangan,II,Produk Nabati
08,Lebanon,500736.92,2023,,Buah dan kacang-kacangan,II,Produk Nabati
08,Libyan Arab Jamahiriya,170475.0,2023,,Buah dan kacang-kacangan,II,Produk Nabati
08,Lithuania,248498.75,2023,,Buah dan kacang-kacangan,II,Produk Nabati
08,Malaysia,78581645.89,2023,,Buah dan kacang-kacangan,II,Produk Nabati
08,Maldives,1245952.24,2023,,Buah dan kacang-kacangan,II,Produk Nabati
08,Malta,33410.0,2023,,Buah dan kacang-kacangan,II,Produk Nabati
08,Martinique,39088.0,2023,,Buah dan kacang-kacangan,II,Produk Nabati
08,Mauritius,211163.49,2023,,Buah dan kacang-kacangan,II,Produk Nabati
08,Mexico,53030.0,2023,,Buah dan kacang-kacangan,II,Produk Nabati
08,Montenegro,16900.0,2023,,Buah dan kacang-kacangan,II,Produk Nabati
08,Morocco,2026390.6,2023,,Buah dan kacang-kacangan,II,Produk Nabati
08,Nepal,1414203.94,2023,,Buah dan kacang-kacangan,II,Produk Nabati
08,Netherlands,6834513.21,2023,,Buah dan kacang-kacangan,II,Produk Nabati
08,New Zealand,1618717.7999999998,2023,,Buah dan kacang-kacangan,II,Produk Nabati
08,Nigeria,223809.82,2023,,Buah dan kacang-kacangan,II,Produk Nabati
08,Norway,68566.97,2023,,Buah dan kacang-kacangan,II,Produk Nabati
08,Oman,1360929.67,2023,,Buah dan kacang-kacangan,II,Produk Nabati
08,Pakistan,10828799.809999999,2023,,Buah dan kacang-kacangan,II,Produk Nabati
08,Papua New Guinea,52545.130000000005,2023,,Buah dan kacang-kacangan,II,Produk Nabati
08,Paraguay,505471.88,2023,,Buah dan kacang-kacangan,II,Produk Nabati
08,Peru,271028.56,2023,,Buah dan kacang-kacangan,II,Produk Nabati
08,Philippines,2633117.67,2023,,Buah dan kacang-kacangan,II,Produk Nabati
08,Poland,4837753.37,2023,,Buah dan kacang-kacangan,II,Produk Nabati
08,Portugal,655840.89,2023,,Buah dan kacang-kacangan,II,Produk Nabati
08,Qatar,1740952.6300000001,2023,,Buah dan kacang-kacangan,II,Produk Nabati
08,Romania,271037.25,2023,,Buah dan kacang-kacangan,II,Produk Nabati
08,Russia Federation,11057972.52,2023,,Buah dan kacang-kacangan,II,Produk Nabati
08,Saudi Arabia,4881079.63,2023,,Buah dan kacang-kacangan,II,Produk Nabati
08,Serbia,4000.0,2023,,Buah dan kacang-kacangan,II,Produk Nabati
08,Singapore,30002938.16,2023,,Buah dan kacang-kacangan,II,Produk Nabati
08,Slovenia,538642.76,2023,,Buah dan kacang-kacangan,II,Produk Nabati
08,South Africa,1464708.5,2023,,Buah dan kacang-kacangan,II,Produk Nabati
08,Spain,866144.26,2023,,Buah dan kacang-kacangan,II,Produk Nabati
08,Sri Lanka,923492.5,2023,,Buah dan kacang-kacangan,II,Produk Nabati
08,Sweden,30184.38,2023,,Buah dan kacang-kacangan,II,Produk Nabati
08,Switzerland,113719.58,2023,,Buah dan kacang-kacangan,II,Produk Nabati
08,Syria Arab Republic,658803.2,2023,,Buah dan kacang-kacangan,II,Produk Nabati
08,Taiwan,1436998.36,2023,,Buah dan kacang-kacangan,II,Produk Nabati
08,Thailand,43831659.03,2023,,Buah dan kacang-kacangan,II,Produk Nabati
08,Trinidad And Tobago,2800.0,2023,,Buah dan kacang-kacangan,II,Produk Nabati
08,Tunisia,155374.87,2023,,Buah dan kacang-kacangan,II,Produk Nabati
08,Turkey,4232825.46,2023,,Buah dan kacang-kacangan,II,Produk Nabati
08,Uganda,18785.0,2023,,Buah dan kacang-kacangan,II,Produk Nabati
08,Ukraine,814072.0499999999,2023,,Buah dan kacang-kacangan,II,Produk Nabati
08,United Arab Emirates,19521336.52,2023,,Buah dan kacang-kacangan,II,Produk Nabati
08,United Kingdom,3967436.96,2023,,Buah dan kacang-kacangan,II,Produk Nabati
08,United States,2303761.09,2023,,Buah dan kacang-kacangan,II,Produk Nabati
08,Uruguay,1640844.25,2023,,Buah dan kacang-kacangan,II,Produk Nabati
08,Uzbekistan,101345.0,2023,,Buah dan kacang-kacangan,II,Produk Nabati
08,Vanuatu,600.0,2023,,Buah dan kacang-kacangan,II,Produk Nabati
08,Venezuela,33625.0,2023,,Buah dan kacang-kacangan,II,Produk Nabati
08,Viet Nam,37847954.760000005,2023,,Buah dan kacang-kacangan,II,Produk Nabati
08,Yemen,268064.23,2023,,Buah dan kacang-kacangan,II,Produk Nabati
09,Afghanistan,79362.0,2023,,"Kopi, teh, rempah-rempah",II,Produk Nabati
09,Algeria,13946557.8,2023,,"Kopi, teh, rempah-rempah",II,Produk Nabati
09,American Samoa,3540.0,2023,,"Kopi, teh, rempah-rempah",II,Produk Nabati
09,Argentina,1438963.6,2023,,"Kopi, teh, rempah-rempah",II,Produk Nabati
09,Armenia,6159749.470000001,2023,,"Kopi, teh, rempah-rempah",II,Produk Nabati
09,Australia,15043001.58,2023,,"Kopi, teh, rempah-rempah",II,Produk Nabati
09,Austria,1130.79,2023,,"Kopi, teh, rempah-rempah",II,Produk Nabati
09,Bahrain,387942.60000000003,2023,,"Kopi, teh, rempah-rempah",II,Produk Nabati
09,Bangladesh,27410706.729999997,2023,,"Kopi, teh, rempah-rempah",II,Produk Nabati
09,Belarus,64.0,2023,,"Kopi, teh, rempah-rempah",II,Produk Nabati
09,Belgium,22483312.42,2023,,"Kopi, teh, rempah-rempah",II,Produk Nabati
09,Benin,284987.25,2023,,"Kopi, teh, rempah-rempah",II,Produk Nabati
09,Brazil,5179802.640000001,2023,,"Kopi, teh, rempah-rempah",II,Produk Nabati
09,Brunei Darussalam,296239.91,2023,,"Kopi, teh, rempah-rempah",II,Produk Nabati
09,Bulgaria,1301533.46,2023,,"Kopi, teh, rempah-rempah",II,Produk Nabati
09,Cambodia,207672.91999999998,2023,,"Kopi, teh, rempah-rempah",II,Produk Nabati
09,Canada,22789192.19,2023,,"Kopi, teh, rempah-rempah",II,Produk Nabati
09,Cape Verde,92236.8,2023,,"Kopi, teh, rempah-rempah",II,Produk Nabati
09,Chile,1386825.45,2023,,"Kopi, teh, rempah-rempah",II,Produk Nabati
09,China,172639655.32,2023,,"Kopi, teh, rempah-rempah",II,Produk Nabati
09,Christmas Islands,16.45,2023,,"Kopi, teh, rempah-rempah",II,Produk Nabati
09,Colombia,527095.55,2023,,"Kopi, teh, rempah-rempah",II,Produk Nabati
09,Congo,41827.1,2023,,"Kopi, teh, rempah-rempah",II,Produk Nabati
09,Costa Rica,81412.5,2023,,"Kopi, teh, rempah-rempah",II,Produk Nabati
09,Croatia,137395.0,2023,,"Kopi, teh, rempah-rempah",II,Produk Nabati
09,Czech Republic,139449.83,2023,,"Kopi, teh, rempah-rempah",II,Produk Nabati
09,Democratic Rep. Of The Congo,289384.38,2023,,"Kopi, teh, rempah-rempah",II,Produk Nabati
09,Denmark,677478.49,2023,,"Kopi, teh, rempah-rempah",II,Produk Nabati
09,Djibouti,921267.39,2023,,"Kopi, teh, rempah-rempah",II,Produk Nabati
09,Dominican Republic,1727277.5,2023,,"Kopi, teh, rempah-rempah",II,Produk Nabati
09,East Timor,2225672.3200000003,2023,,"Kopi, teh, rempah-rempah",II,Produk Nabati
09,Ecuador,121505.43,2023,,"Kopi, teh, rempah-rempah",II,Produk Nabati
09,Egypt,85571092.53,2023,,"Kopi, teh, rempah-rempah",II,Produk Nabati
09,Estonia,1296136.83,2023,,"Kopi, teh, rempah-rempah",II,Produk Nabati
09,Ethiopia,307894.0,2023,,"Kopi, teh, rempah-rempah",II,Produk Nabati
09,Fiji,18500.0,2023,,"Kopi, teh, rempah-rempah",II,Produk Nabati
09,Finland,372824.66,2023,,"Kopi, teh, rempah-rempah",II,Produk Nabati
09,France,16204962.780000001,2023,,"Kopi, teh, rempah-rempah",II,Produk Nabati
09,French Polynesia,10.0,2023,,"Kopi, teh, rempah-rempah",II,Produk Nabati
09,Gambia,135.5,2023,,"Kopi, teh, rempah-rempah",II,Produk Nabati
09,Georgia,29160104.64,2023,,"Kopi, teh, rempah-rempah",II,Produk Nabati
09,Germany Fed. Rep. Of,54030240.35,2023,,"Kopi, teh, rempah-rempah",II,Produk Nabati
09,Greece,4283596.640000001,2023,,"Kopi, teh, rempah-rempah",II,Produk Nabati
09,Guadeloupe,55652.0,2023,,"Kopi, teh, rempah-rempah",II,Produk Nabati
09,Guatemala,1667902.01,2023,,"Kopi, teh, rempah-rempah",II,Produk Nabati
09,Haiti,1063890.8,2023,,"Kopi, teh, rempah-rempah",II,Produk Nabati
09,Hong Kong,3598743.8,2023,,"Kopi, teh, rempah-rempah",II,Produk Nabati
09,Hungary,258689.75,2023,,"Kopi, teh, rempah-rempah",II,Produk Nabati
09,India,122470085.19,2023,,"Kopi, teh, rempah-rempah",II,Produk Nabati
09,Iran (Islamic Republic Of),5949218.24,2023,,"Kopi, teh, rempah-rempah",II,Produk Nabati
09,Iraq,1574930.06,2023,,"Kopi, teh, rempah-rempah",II,Produk Nabati
09,Ireland,908260.38,2023,,"Kopi, teh, rempah-rempah",II,Produk Nabati
09,Israel,1606502.47,2023,,"Kopi, teh, rempah-rempah",II,Produk Nabati
09,Italy,48276410.19,2023,,"Kopi, teh, rempah-rempah",II,Produk Nabati
09,Jamaica,80010.0,2023,,"Kopi, teh, rempah-rempah",II,Produk Nabati
09,Japan,85067891.78,2023,,"Kopi, teh, rempah-rempah",II,Produk Nabati
09,Jordan,1328767.16,2023,,"Kopi, teh, rempah-rempah",II,Produk Nabati
09,Kazakhstan,323475.0,2023,,"Kopi, teh, rempah-rempah",II,Produk Nabati
09,Kenya,1025.0,2023,,"Kopi, teh, rempah-rempah",II,Produk Nabati
09,Kiribati,46.05,2023,,"Kopi, teh, rempah-rempah",II,Produk Nabati
09,Korea Republic Of,13409727.64,2023,,"Kopi, teh, rempah-rempah",II,Produk Nabati
09,Kuwait,765657.74,2023,,"Kopi, teh, rempah-rempah",II,Produk Nabati
09,Kyrgyzstan,20800.0,2023,,"Kopi, teh, rempah-rempah",II,Produk Nabati
09,Lao Peoples Dem. Rep.,625.0,2023,,"Kopi, teh, rempah-rempah",II,Produk Nabati
09,Latvia,684274.53,2023,,"Kopi, teh, rempah-rempah",II,Produk Nabati
09,Lebanon,2414170.71,2023,,"Kopi, teh, rempah-rempah",II,Produk Nabati
09,Libyan Arab Jamahiriya,369730.0,2023,,"Kopi, teh, rempah-rempah",II,Produk Nabati
09,Lithuania,46885.0,2023,,"Kopi, teh, rempah-rempah",II,Produk Nabati
09,Macau,469424.4,2023,,"Kopi, teh, rempah-rempah",II,Produk Nabati
09,Malaysia,95412172.61,2023,,"Kopi, teh, rempah-rempah",II,Produk Nabati
09,Maldives,32825.38,2023,,"Kopi, teh, rempah-rempah",II,Produk Nabati
09,Martinique,7827.01,2023,,"Kopi, teh, rempah-rempah",II,Produk Nabati
09,Mauritius,99113.84999999999,2023,,"Kopi, teh, rempah-rempah",II,Produk Nabati
09,Mexico,3721374.64,2023,,"Kopi, teh, rempah-rempah",II,Produk Nabati
09,Mongolia,3737.0,2023,,"Kopi, teh, rempah-rempah",II,Produk Nabati
09,Morocco,19828269.82,2023,,"Kopi, teh, rempah-rempah",II,Produk Nabati
09,Myanmar,718349.2,2023,,"Kopi, teh, rempah-rempah",II,Produk Nabati
09,Nepal,2902236.8,2023,,"Kopi, teh, rempah-rempah",II,Produk Nabati
09,Netherlands,39275453.21,2023,,"Kopi, teh, rempah-rempah",II,Produk Nabati
09,New Caledonia,333.03000000000003,2023,,"Kopi, teh, rempah-rempah",II,Produk Nabati
09,New Zealand,4062845.2399999998,2023,,"Kopi, teh, rempah-rempah",II,Produk Nabati
09,Nigeria,761043.37,2023,,"Kopi, teh, rempah-rempah",II,Produk Nabati
09,Norway,634839.17,2023,,"Kopi, teh, rempah-rempah",II,Produk Nabati
09,Oman,20650.15,2023,,"Kopi, teh, rempah-rempah",II,Produk Nabati
09,Pakistan,20684043.51,2023,,"Kopi, teh, rempah-rempah",II,Produk Nabati
09,Panama,115977.25,2023,,"Kopi, teh, rempah-rempah",II,Produk Nabati
09,Papua New Guinea,69749.46,2023,,"Kopi, teh, rempah-rempah",II,Produk Nabati
09,Paraguay,61810.0,2023,,"Kopi, teh, rempah-rempah",II,Produk Nabati
09,Peru,4683215.5,2023,,"Kopi, teh, rempah-rempah",II,Produk Nabati
09,Philippines,19821109.869999997,2023,,"Kopi, teh, rempah-rempah",II,Produk Nabati
09,Poland,6496838.99,2023,,"Kopi, teh, rempah-rempah",II,Produk Nabati
09,Portugal,7400978.16,2023,,"Kopi, teh, rempah-rempah",II,Produk Nabati
09,Puerto Rico,60000.0,2023,,"Kopi, teh, rempah-rempah",II,Produk Nabati
09,Qatar,336126.87,2023,,"Kopi, teh, rempah-rempah",II,Produk Nabati
09,Rep. Of Macedonia,8827.65,2023,,"Kopi, teh, rempah-rempah",II,Produk Nabati
09,Romania,1323801.74,2023,,"Kopi, teh, rempah-rempah",II,Produk Nabati
09,Russia Federation,26888274.810000002,2023,,"Kopi, teh, rempah-rempah",II,Produk Nabati
09,Samoa,30646.8,2023,,"Kopi, teh, rempah-rempah",II,Produk Nabati
09,Saudi Arabia,16868772.939999998,2023,,"Kopi, teh, rempah-rempah",II,Produk Nabati
09,Senegal,286715.05,2023,,"Kopi, teh, rempah-rempah",II,Produk Nabati
09,Serbia,25031.7,2023,,"Kopi, teh, rempah-rempah",II,Produk Nabati
09,Singapore,31005067.349999998,2023,,"Kopi, teh, rempah-rempah",II,Produk Nabati
09,Slovakia,307625.25,2023,,"Kopi, teh, rempah-rempah",II,Produk Nabati
09,Slovenia,235040.0,2023,,"Kopi, teh, rempah-rempah",II,Produk Nabati
09,Somalia,8400.0,2023,,"Kopi, teh, rempah-rempah",II,Produk Nabati
09,South Africa,826903.02,2023,,"Kopi, teh, rempah-rempah",II,Produk Nabati
09,Spain,10878030.87,2023,,"Kopi, teh, rempah-rempah",II,Produk Nabati
09,Sri Lanka,5272.0,2023,,"Kopi, teh, rempah-rempah",II,Produk Nabati
09,Sudan,834083.49,2023,,"Kopi, teh, rempah-rempah",II,Produk Nabati
09,Suriname,37237.19,2023,,"Kopi, teh, rempah-rempah",II,Produk Nabati
09,Swaziland,4732.2,2023,,"Kopi, teh, rempah-rempah",II,Produk Nabati
09,Sweden,2338727.0,2023,,"Kopi, teh, rempah-rempah",II,Produk Nabati
09,Switzerland,141790.03,2023,,"Kopi, teh, rempah-rempah",II,Produk Nabati
09,Syria Arab Republic,683449.22,2023,,"Kopi, teh, rempah-rempah",II,Produk Nabati
09,Taiwan,28958479.1,2023,,"Kopi, teh, rempah-rempah",II,Produk Nabati
09,Thailand,42286889.11,2023,,"Kopi, teh, rempah-rempah",II,Produk Nabati
09,Togo,162859.0,2023,,"Kopi, teh, rempah-rempah",II,Produk Nabati
09,Trinidad And Tobago,32316.0,2023,,"Kopi, teh, rempah-rempah",II,Produk Nabati
09,Tunisia,776925.48,2023,,"Kopi, teh, rempah-rempah",II,Produk Nabati
09,Turkey,4661671.48,2023,,"Kopi, teh, rempah-rempah",II,Produk Nabati
09,Ukraine,32948.5,2023,,"Kopi, teh, rempah-rempah",II,Produk Nabati
09,United Arab Emirates,27848341.77,2023,,"Kopi, teh, rempah-rempah",II,Produk Nabati
09,United Kingdom,21937792.44,2023,,"Kopi, teh, rempah-rempah",II,Produk Nabati
09,United States,319515917.77,2023,,"Kopi, teh, rempah-rempah",II,Produk Nabati
09,Uruguay,105445.0,2023,,"Kopi, teh, rempah-rempah",II,Produk Nabati
09,Uzbekistan,1950.33,2023,,"Kopi, teh, rempah-rempah",II,Produk Nabati
09,Vanuatu,8568.0,2023,,"Kopi, teh, rempah-rempah",II,Produk Nabati
09,Venezuela,95448.0,2023,,"Kopi, teh, rempah-rempah",II,Produk Nabati
09,Viet Nam,63814784.47,2023,,"Kopi, teh, rempah-rempah",II,Produk Nabati
09,Yemen,180.0,2023,,"Kopi, teh, rempah-rempah",II,Produk Nabati
10,Australia,15660.0,2023,,Serealia,II,Produk Nabati
10,Brunei Darussalam,427500.0,2023,,Serealia,II,Produk Nabati
10,Canada,2298.24,2023,,Serealia,II,Produk Nabati
10,China,2.87,2023,,Serealia,II,Produk Nabati
10,East Timor,57851.770000000004,2023,,Serealia,II,Produk Nabati
10,Egypt,4242.36,2023,,Serealia,II,Produk Nabati
10,France,0.97,2023,,Serealia,II,Produk Nabati
10,Hong Kong,216.0,2023,,Serealia,II,Produk Nabati
10,India,173.76,2023,,Serealia,II,Produk Nabati
10,Italy,2646.0,2023,,Serealia,II,Produk Nabati
10,Japan,37820.0,2023,,Serealia,II,Produk Nabati
10,Kuwait,2592.0,2023,,Serealia,II,Produk Nabati
10,Malaysia,234187.54,2023,,Serealia,II,Produk Nabati
10,Nepal,51098.0,2023,,Serealia,II,Produk Nabati
10,Netherlands,354.29,2023,,Serealia,II,Produk Nabati
10,New Zealand,7776.0,2023,,Serealia,II,Produk Nabati
10,Papua New Guinea,16139.38,2023,,Serealia,II,Produk Nabati
10,Philippines,29422526.63,2023,,Serealia,II,Produk Nabati
10,Saudi Arabia,105663.12,2023,,Serealia,II,Produk Nabati
10,Senegal,13.2,2023,,Serealia,II,Produk Nabati
10,Singapore,361793.69,2023,,Serealia,II,Produk Nabati
10,Taiwan,2827.5,2023,,Serealia,II,Produk Nabati
10,Thailand,15.99,2023,,Serealia,II,Produk Nabati
10,Tonga,1358.0,2023,,Serealia,II,Produk Nabati
10,United Arab Emirates,6075.06,2023,,Serealia,II,Produk Nabati
10,United States,83599.26,2023,,Serealia,II,Produk Nabati
10,Vanuatu,54824.26,2023,,Serealia,II,Produk Nabati
10,Viet Nam,190083.0,2023,,Serealia,II,Produk Nabati
11,Australia,158322.28999999998,2023,,Produk penggilingan,II,Produk Nabati
11,Bahrain,121.97,2023,,Produk penggilingan,II,Produk Nabati
11,Brazil,235880.25,2023,,Produk penggilingan,II,Produk Nabati
11,Brunei Darussalam,207483.33000000002,2023,,Produk penggilingan,II,Produk Nabati
11,Bulgaria,20.0,2023,,Produk penggilingan,II,Produk Nabati
11,Cambodia,6286.8,2023,,Produk penggilingan,II,Produk Nabati
11,Canada,69050.88,2023,,Produk penggilingan,II,Produk Nabati
11,China,60705529.96000001,2023,,Produk penggilingan,II,Produk Nabati
11,Colombia,103428.7,2023,,Produk penggilingan,II,Produk Nabati
11,Costa Rica,3300.0,2023,,Produk penggilingan,II,Produk Nabati
11,Cyprus,8640.0,2023,,Produk penggilingan,II,Produk Nabati
11,East Timor,10038984.16,2023,,Produk penggilingan,II,Produk Nabati
11,Egypt,126.0,2023,,Produk penggilingan,II,Produk Nabati
11,France,110.15,2023,,Produk penggilingan,II,Produk Nabati
11,French Polynesia,25761.5,2023,,Produk penggilingan,II,Produk Nabati
11,Germany Fed. Rep. Of,5048.0,2023,,Produk penggilingan,II,Produk Nabati
11,Guatemala,46000.0,2023,,Produk penggilingan,II,Produk Nabati
11,Hong Kong,858524.7,2023,,Produk penggilingan,II,Produk Nabati
11,India,157636.1,2023,,Produk penggilingan,II,Produk Nabati
11,Iraq,7400.0,2023,,Produk penggilingan,II,Produk Nabati
11,Italy,82056.65,2023,,Produk penggilingan,II,Produk Nabati
11,Jamaica,970928.64,2023,,Produk penggilingan,II,Produk Nabati
11,Japan,1982184.6,2023,,Produk penggilingan,II,Produk Nabati
11,Korea Republic Of,2160410.08,2023,,Produk penggilingan,II,Produk Nabati
11,Kuwait,3103.0,2023,,Produk penggilingan,II,Produk Nabati
11,Madagascar,22040.0,2023,,Produk penggilingan,II,Produk Nabati
11,Malaysia,24255470.49,2023,,Produk penggilingan,II,Produk Nabati
11,Maldives,16810.18,2023,,Produk penggilingan,II,Produk Nabati
11,Mexico,57068.0,2023,,Produk penggilingan,II,Produk Nabati
11,Netherlands,34364.409999999996,2023,,Produk penggilingan,II,Produk Nabati
11,New Caledonia,1127.55,2023,,Produk penggilingan,II,Produk Nabati
11,New Zealand,40908.39,2023,,Produk penggilingan,II,Produk Nabati
11,Oman,48296.32,2023,,Produk penggilingan,II,Produk Nabati
11,Palau,1583.0,2023,,Produk penggilingan,II,Produk Nabati
11,Papua New Guinea,13040656.34,2023,,Produk penggilingan,II,Produk Nabati
11,Philippines,34270039.88,2023,,Produk penggilingan,II,Produk Nabati
11,Qatar,1327.26,2023,,Produk penggilingan,II,Produk Nabati
11,Romania,16.25,2023,,Produk penggilingan,II,Produk Nabati
11,Russia Federation,46707.27,2023,,Produk penggilingan,II,Produk Nabati
11,Samoa,23751.88,2023,,Produk penggilingan,II,Produk Nabati
11,Saudi Arabia,41349.0,2023,,Produk penggilingan,II,Produk Nabati
11,Senegal,31800.0,2023,,Produk penggilingan,II,Produk Nabati
11,Singapore,13241643.97,2023,,Produk penggilingan,II,Produk Nabati
11,Solomon Islands,576437.89,2023,,Produk penggilingan,II,Produk Nabati
11,Sri Lanka,146490.86,2023,,Produk penggilingan,II,Produk Nabati
11,Suriname,26370.0,2023,,Produk penggilingan,II,Produk Nabati
11,Sweden,8716.0,2023,,Produk penggilingan,II,Produk Nabati
11,Switzerland,76.28,2023,,Produk penggilingan,II,Produk Nabati
11,Taiwan,18771724.51,2023,,Produk penggilingan,II,Produk Nabati
11,Thailand,1750401.3199999998,2023,,Produk penggilingan,II,Produk Nabati
11,Togo,31.2,2023,,Produk penggilingan,II,Produk Nabati
11,Tonga,8861.0,2023,,Produk penggilingan,II,Produk Nabati
11,Trinidad And Tobago,212539.95,2023,,Produk penggilingan,II,Produk Nabati
11,U.S. Virgin Islands,40000.0,2023,,Produk penggilingan,II,Produk Nabati
11,Ukraine,5595.1,2023,,Produk penggilingan,II,Produk Nabati
11,United Arab Emirates,64021.020000000004,2023,,Produk penggilingan,II,Produk Nabati
11,United Kingdom,1230.0,2023,,Produk penggilingan,II,Produk Nabati
11,United States,833518.78,2023,,Produk penggilingan,II,Produk Nabati
11,Venezuela,13750.0,2023,,Produk penggilingan,II,Produk Nabati
11,Viet Nam,936202.52,2023,,Produk penggilingan,II,Produk Nabati
11,Yemen,38360.0,2023,,Produk penggilingan,II,Produk Nabati
12,Australia,460347.55000000005,2023,,Biji dan buah mengandung minyak,II,Produk Nabati
12,Austria,43047.5,2023,,Biji dan buah mengandung minyak,II,Produk Nabati
12,Bahrain,146002.24,2023,,Biji dan buah mengandung minyak,II,Produk Nabati
12,Bangladesh,26124589.98,2023,,Biji dan buah mengandung minyak,II,Produk Nabati
12,Belgium,300.0,2023,,Biji dan buah mengandung minyak,II,Produk Nabati
12,Benin,37500.0,2023,,Biji dan buah mengandung minyak,II,Produk Nabati
12,Brunei Darussalam,500.0,2023,,Biji dan buah mengandung minyak,II,Produk Nabati
12,Burkina Faso,30.0,2023,,Biji dan buah mengandung minyak,II,Produk Nabati
12,Cambodia,49349.200000000004,2023,,Biji dan buah mengandung minyak,II,Produk Nabati
12,Cameroon,142714.0,2023,,Biji dan buah mengandung minyak,II,Produk Nabati
12,Canada,121858.0,2023,,Biji dan buah mengandung minyak,II,Produk Nabati
12,Chile,4001205.37,2023,,Biji dan buah mengandung minyak,II,Produk Nabati
12,China,314049945.38,2023,,Biji dan buah mengandung minyak,II,Produk Nabati
12,Colombia,128477.0,2023,,Biji dan buah mengandung minyak,II,Produk Nabati
12,Cote Divoire,272000.0,2023,,Biji dan buah mengandung minyak,II,Produk Nabati
12,Czech Republic,1469935.64,2023,,Biji dan buah mengandung minyak,II,Produk Nabati
12,Democratic Rep. Of The Congo,50.0,2023,,Biji dan buah mengandung minyak,II,Produk Nabati
12,Denmark,759366.0,2023,,Biji dan buah mengandung minyak,II,Produk Nabati
12,East Timor,1339780.3800000001,2023,,Biji dan buah mengandung minyak,II,Produk Nabati
12,Ecuador,2200.0,2023,,Biji dan buah mengandung minyak,II,Produk Nabati
12,Egypt,22500.0,2023,,Biji dan buah mengandung minyak,II,Produk Nabati
12,France,1903116.16,2023,,Biji dan buah mengandung minyak,II,Produk Nabati
12,Germany Fed. Rep. Of,1507184.94,2023,,Biji dan buah mengandung minyak,II,Produk Nabati
12,Greece,3179.5,2023,,Biji dan buah mengandung minyak,II,Produk Nabati
12,Guatemala,28874.0,2023,,Biji dan buah mengandung minyak,II,Produk Nabati
12,Honduras,169970.08,2023,,Biji dan buah mengandung minyak,II,Produk Nabati
12,Hong Kong,1267654.3699999999,2023,,Biji dan buah mengandung minyak,II,Produk Nabati
12,Hungary,54191.5,2023,,Biji dan buah mengandung minyak,II,Produk Nabati
12,India,14891111.06,2023,,Biji dan buah mengandung minyak,II,Produk Nabati
12,Iran (Islamic Republic Of),51513.380000000005,2023,,Biji dan buah mengandung minyak,II,Produk Nabati
12,Iraq,10.0,2023,,Biji dan buah mengandung minyak,II,Produk Nabati
12,Ireland,39293.49,2023,,Biji dan buah mengandung minyak,II,Produk Nabati
12,Italy,182729.65,2023,,Biji dan buah mengandung minyak,II,Produk Nabati
12,Japan,4409348.01,2023,,Biji dan buah mengandung minyak,II,Produk Nabati
12,Korea Republic Of,8190746.41,2023,,Biji dan buah mengandung minyak,II,Produk Nabati
12,Kuwait,311929.0,2023,,Biji dan buah mengandung minyak,II,Produk Nabati
12,Libyan Arab Jamahiriya,32240.0,2023,,Biji dan buah mengandung minyak,II,Produk Nabati
12,Malaysia,8506472.54,2023,,Biji dan buah mengandung minyak,II,Produk Nabati
12,Malta,21.12,2023,,Biji dan buah mengandung minyak,II,Produk Nabati
12,Mauritius,5100.0,2023,,Biji dan buah mengandung minyak,II,Produk Nabati
12,Mexico,208.0,2023,,Biji dan buah mengandung minyak,II,Produk Nabati
12,Morocco,51091.96,2023,,Biji dan buah mengandung minyak,II,Produk Nabati
12,Myanmar,68639.2,2023,,Biji dan buah mengandung minyak,II,Produk Nabati
12,Netherlands,3379053.09,2023,,Biji dan buah mengandung minyak,II,Produk Nabati
12,New Caledonia,953.6,2023,,Biji dan buah mengandung minyak,II,Produk Nabati
12,New Zealand,2976.67,2023,,Biji dan buah mengandung minyak,II,Produk Nabati
12,Nigeria,895692.9,2023,,Biji dan buah mengandung minyak,II,Produk Nabati
12,Oman,15150.0,2023,,Biji dan buah mengandung minyak,II,Produk Nabati
12,Pakistan,1441784.26,2023,,Biji dan buah mengandung minyak,II,Produk Nabati
12,Papua New Guinea,19021.95,2023,,Biji dan buah mengandung minyak,II,Produk Nabati
12,Peru,302158.88,2023,,Biji dan buah mengandung minyak,II,Produk Nabati
12,Philippines,3207562.62,2023,,Biji dan buah mengandung minyak,II,Produk Nabati
12,Portugal,25460.0,2023,,Biji dan buah mengandung minyak,II,Produk Nabati
12,Qatar,182604.58,2023,,Biji dan buah mengandung minyak,II,Produk Nabati
12,Russia Federation,2100.0,2023,,Biji dan buah mengandung minyak,II,Produk Nabati
12,Saudi Arabia,12354550.99,2023,,Biji dan buah mengandung minyak,II,Produk Nabati
12,Singapore,2020328.0699999998,2023,,Biji dan buah mengandung minyak,II,Produk Nabati
12,South Africa,1970.0,2023,,Biji dan buah mengandung minyak,II,Produk Nabati
12,Spain,1339257.67,2023,,Biji dan buah mengandung minyak,II,Produk Nabati
12,Sri Lanka,7680.0,2023,,Biji dan buah mengandung minyak,II,Produk Nabati
12,Sudan,255000.0,2023,,Biji dan buah mengandung minyak,II,Produk Nabati
12,Suriname,1250.0,2023,,Biji dan buah mengandung minyak,II,Produk Nabati
12,Sweden,48112.0,2023,,Biji dan buah mengandung minyak,II,Produk Nabati
12,Taiwan,2405260.2,2023,,Biji dan buah mengandung minyak,II,Produk Nabati
12,Thailand,1860893.9500000002,2023,,Biji dan buah mengandung minyak,II,Produk Nabati
12,Togo,10.0,2023,,Biji dan buah mengandung minyak,II,Produk Nabati
12,Tunisia,85920.0,2023,,Biji dan buah mengandung minyak,II,Produk Nabati
12,Turkey,161.0,2023,,Biji dan buah mengandung minyak,II,Produk Nabati
12,United Arab Emirates,1480393.35,2023,,Biji dan buah mengandung minyak,II,Produk Nabati
12,United Kingdom,283864.98,2023,,Biji dan buah mengandung minyak,II,Produk Nabati
12,United States,19319527.689999998,2023,,Biji dan buah mengandung minyak,II,Produk Nabati
12,Venezuela,135000.0,2023,,Biji dan buah mengandung minyak,II,Produk Nabati
12,Viet Nam,8216209.109999999,2023,,Biji dan buah mengandung minyak,II,Produk Nabati
12,Virgin Islands (British),29940.0,2023,,Biji dan buah mengandung minyak,II,Produk Nabati
12,Yemen,13471.52,2023,,Biji dan buah mengandung minyak,II,Produk Nabati
13,Argentina,359012.75,2023,,Getah dan damar,II,Produk Nabati
13,Australia,4180922.6900000004,2023,,Getah dan damar,II,Produk Nabati
13,Austria,14.44,2023,,Getah dan damar,II,Produk Nabati
13,Azerbaijan,106998.0,2023,,Getah dan damar,II,Produk Nabati
13,Bangladesh,2752907.56,2023,,Getah dan damar,II,Produk Nabati
13,Belgium,147450.8,2023,,Getah dan damar,II,Produk Nabati
13,Brazil,501080.55,2023,,Getah dan damar,II,Produk Nabati
13,Brunei Darussalam,1702.6999999999998,2023,,Getah dan damar,II,Produk Nabati
13,Bulgaria,12.0,2023,,Getah dan damar,II,Produk Nabati
13,Canada,8652740.850000001,2023,,Getah dan damar,II,Produk Nabati
13,Chile,4747001.08,2023,,Getah dan damar,II,Produk Nabati
13,China,70897387.25,2023,,Getah dan damar,II,Produk Nabati
13,Colombia,1.0,2023,,Getah dan damar,II,Produk Nabati
13,Democratic Rep. Of The Congo,1490.32,2023,,Getah dan damar,II,Produk Nabati
13,Denmark,343600.0,2023,,Getah dan damar,II,Produk Nabati
13,Djibouti,243104.0,2023,,Getah dan damar,II,Produk Nabati
13,East Timor,46125.979999999996,2023,,Getah dan damar,II,Produk Nabati
13,Egypt,930263.66,2023,,Getah dan damar,II,Produk Nabati
13,Estonia,134.0,2023,,Getah dan damar,II,Produk Nabati
13,Ethiopia,314450.0,2023,,Getah dan damar,II,Produk Nabati
13,Finland,2.0,2023,,Getah dan damar,II,Produk Nabati
13,France,1602644.17,2023,,Getah dan damar,II,Produk Nabati
13,Germany Fed. Rep. Of,7307947.73,2023,,Getah dan damar,II,Produk Nabati
13,Hong Kong,21755.0,2023,,Getah dan damar,II,Produk Nabati
13,Hungary,1122755.13,2023,,Getah dan damar,II,Produk Nabati
13,India,26841605.84,2023,,Getah dan damar,II,Produk Nabati
13,Italy,4685765.7,2023,,Getah dan damar,II,Produk Nabati
13,Japan,9285145.14,2023,,Getah dan damar,II,Produk Nabati
13,Kazakhstan,213491.39,2023,,Getah dan damar,II,Produk Nabati
13,Kenya,2375.0,2023,,Getah dan damar,II,Produk Nabati
13,Korea Republic Of,1525059.24,2023,,Getah dan damar,II,Produk Nabati
13,Latvia,1358250.0,2023,,Getah dan damar,II,Produk Nabati
13,Lebanon,2485.0,2023,,Getah dan damar,II,Produk Nabati
13,Libyan Arab Jamahiriya,158538.14,2023,,Getah dan damar,II,Produk Nabati
13,Macau,775.2,2023,,Getah dan damar,II,Produk Nabati
13,Malaysia,4452562.98,2023,,Getah dan damar,II,Produk Nabati
13,Mexico,1362701.78,2023,,Getah dan damar,II,Produk Nabati
13,Morocco,126436.47,2023,,Getah dan damar,II,Produk Nabati
13,Nepal,163788.66,2023,,Getah dan damar,II,Produk Nabati
13,Netherlands,7008985.29,2023,,Getah dan damar,II,Produk Nabati
13,New Zealand,654612.0,2023,,Getah dan damar,II,Produk Nabati
13,Oman,2560.5,2023,,Getah dan damar,II,Produk Nabati
13,Pakistan,888164.0,2023,,Getah dan damar,II,Produk Nabati
13,Papua New Guinea,12988.910000000002,2023,,Getah dan damar,II,Produk Nabati
13,Peru,5000.0,2023,,Getah dan damar,II,Produk Nabati
13,Philippines,1513631.8900000001,2023,,Getah dan damar,II,Produk Nabati
13,Poland,1599621.4300000002,2023,,Getah dan damar,II,Produk Nabati
13,Romania,1280.58,2023,,Getah dan damar,II,Produk Nabati
13,Russia Federation,6166345.859999999,2023,,Getah dan damar,II,Produk Nabati
13,Saudi Arabia,1884305.73,2023,,Getah dan damar,II,Produk Nabati
13,Serbia,30700.0,2023,,Getah dan damar,II,Produk Nabati
13,Singapore,2248864.67,2023,,Getah dan damar,II,Produk Nabati
13,Slovenia,21905.0,2023,,Getah dan damar,II,Produk Nabati
13,South Africa,13567.27,2023,,Getah dan damar,II,Produk Nabati
13,Spain,1104030.65,2023,,Getah dan damar,II,Produk Nabati
13,Sri Lanka,467522.15,2023,,Getah dan damar,II,Produk Nabati
13,Sudan,277050.77,2023,,Getah dan damar,II,Produk Nabati
13,Switzerland,11745.0,2023,,Getah dan damar,II,Produk Nabati
13,Syria Arab Republic,22337.5,2023,,Getah dan damar,II,Produk Nabati
13,Taiwan,1926238.48,2023,,Getah dan damar,II,Produk Nabati
13,Thailand,2691275.79,2023,,Getah dan damar,II,Produk Nabati
13,Trinidad And Tobago,22708.34,2023,,Getah dan damar,II,Produk Nabati
13,Tunisia,45345.0,2023,,Getah dan damar,II,Produk Nabati
13,Turkey,434144.33999999997,2023,,Getah dan damar,II,Produk Nabati
13,United Arab Emirates,568737.8300000001,2023,,Getah dan damar,II,Produk Nabati
13,United Kingdom,10788524.02,2023,,Getah dan damar,II,Produk Nabati
13,United States,12046104.04,2023,,Getah dan damar,II,Produk Nabati
13,Uruguay,139750.0,2023,,Getah dan damar,II,Produk Nabati
13,Viet Nam,6389558.86,2023,,Getah dan damar,II,Produk Nabati
13,Yemen,174422.72,2023,,Getah dan damar,II,Produk Nabati
13,Zambia,187.5,2023,,Getah dan damar,II,Produk Nabati
14,Afghanistan,44125.0,2023,,Bahan anyaman nabati,II,Produk Nabati
14,Albania,8577.76,2023,,Bahan anyaman nabati,II,Produk Nabati
14,Algeria,14202.63,2023,,Bahan anyaman nabati,II,Produk Nabati
14,Australia,674182.1799999999,2023,,Bahan anyaman nabati,II,Produk Nabati
14,Bahamas,89.6,2023,,Bahan anyaman nabati,II,Produk Nabati
14,Bangladesh,38701.39,2023,,Bahan anyaman nabati,II,Produk Nabati
14,Belgium,57478.8,2023,,Bahan anyaman nabati,II,Produk Nabati
14,Brazil,350.0,2023,,Bahan anyaman nabati,II,Produk Nabati
14,Brunei Darussalam,12190.0,2023,,Bahan anyaman nabati,II,Produk Nabati
14,Bulgaria,21773.25,2023,,Bahan anyaman nabati,II,Produk Nabati
14,Cambodia,7008.0,2023,,Bahan anyaman nabati,II,Produk Nabati
14,Cayman Islands,1626.17,2023,,Bahan anyaman nabati,II,Produk Nabati
14,China,4697061.42,2023,,Bahan anyaman nabati,II,Produk Nabati
14,Costa Rica,47841.65,2023,,Bahan anyaman nabati,II,Produk Nabati
14,Czech Republic,4162.74,2023,,Bahan anyaman nabati,II,Produk Nabati
14,Denmark,350.0,2023,,Bahan anyaman nabati,II,Produk Nabati
14,East Timor,946.92,2023,,Bahan anyaman nabati,II,Produk Nabati
14,France,224823.53999999998,2023,,Bahan anyaman nabati,II,Produk Nabati
14,Germany Fed. Rep. Of,400544.33,2023,,Bahan anyaman nabati,II,Produk Nabati
14,Greece,331.9,2023,,Bahan anyaman nabati,II,Produk Nabati
14,Grenada,96.0,2023,,Bahan anyaman nabati,II,Produk Nabati
14,Hong Kong,5132.0,2023,,Bahan anyaman nabati,II,Produk Nabati
14,India,4882468.53,2023,,Bahan anyaman nabati,II,Produk Nabati
14,Iran (Islamic Republic Of),10500.0,2023,,Bahan anyaman nabati,II,Produk Nabati
14,Iraq,900.0,2023,,Bahan anyaman nabati,II,Produk Nabati
14,Italy,93680.58,2023,,Bahan anyaman nabati,II,Produk Nabati
14,Japan,552711266.64,2023,,Bahan anyaman nabati,II,Produk Nabati
14,Korea Republic Of,22776844.1,2023,,Bahan anyaman nabati,II,Produk Nabati
14,Kuwait,2340.0,2023,,Bahan anyaman nabati,II,Produk Nabati
14,Lebanon,2987.1,2023,,Bahan anyaman nabati,II,Produk Nabati
14,Malaysia,1840948.4400000002,2023,,Bahan anyaman nabati,II,Produk Nabati
14,Maldives,17367.05,2023,,Bahan anyaman nabati,II,Produk Nabati
14,Mauritius,1144.82,2023,,Bahan anyaman nabati,II,Produk Nabati
14,Nepal,429.5,2023,,Bahan anyaman nabati,II,Produk Nabati
14,Netherlands,1956134.49,2023,,Bahan anyaman nabati,II,Produk Nabati
14,New Zealand,9540.41,2023,,Bahan anyaman nabati,II,Produk Nabati
14,Oman,5685.0,2023,,Bahan anyaman nabati,II,Produk Nabati
14,Pakistan,1647720.98,2023,,Bahan anyaman nabati,II,Produk Nabati
14,Papua New Guinea,1312.0,2023,,Bahan anyaman nabati,II,Produk Nabati
14,Philippines,355.2,2023,,Bahan anyaman nabati,II,Produk Nabati
14,Poland,382330.1,2023,,Bahan anyaman nabati,II,Produk Nabati
14,Portugal,1662109.2,2023,,Bahan anyaman nabati,II,Produk Nabati
14,Saudi Arabia,65049.130000000005,2023,,Bahan anyaman nabati,II,Produk Nabati
14,Singapore,7768985.78,2023,,Bahan anyaman nabati,II,Produk Nabati
14,South Africa,29097.77,2023,,Bahan anyaman nabati,II,Produk Nabati
14,Spain,23251.49,2023,,Bahan anyaman nabati,II,Produk Nabati
14,Sri Lanka,161128.69,2023,,Bahan anyaman nabati,II,Produk Nabati
14,Taiwan,92061.82999999999,2023,,Bahan anyaman nabati,II,Produk Nabati
14,Thailand,25880137.889999997,2023,,Bahan anyaman nabati,II,Produk Nabati
14,Tunisia,9640.5,2023,,Bahan anyaman nabati,II,Produk Nabati
14,Turkey,25900.0,2023,,Bahan anyaman nabati,II,Produk Nabati
14,United Arab Emirates,38259.5,2023,,Bahan anyaman nabati,II,Produk Nabati
14,United Kingdom,38488.24,2023,,Bahan anyaman nabati,II,Produk Nabati
14,United States,196121.52,2023,,Bahan anyaman nabati,II,Produk Nabati
14,Uruguay,67.87,2023,,Bahan anyaman nabati,II,Produk Nabati
14,Viet Nam,314784.79,2023,,Bahan anyaman nabati,II,Produk Nabati
15,Afghanistan,20265.0,2023,,Lemak dan minyak hewani/nabati,III,Lemak dan Minyak
15,Albania,4400790.77,2023,,Lemak dan minyak hewani/nabati,III,Lemak dan Minyak
15,Algeria,214339075.54,2023,,Lemak dan minyak hewani/nabati,III,Lemak dan Minyak
15,American Samoa,46467.0,2023,,Lemak dan minyak hewani/nabati,III,Lemak dan Minyak
15,Angola,85700426.25,2023,,Lemak dan minyak hewani/nabati,III,Lemak dan Minyak
15,Antigua And Barbuda,65237.66,2023,,Lemak dan minyak hewani/nabati,III,Lemak dan Minyak
15,Argentina,1982173.8399999999,2023,,Lemak dan minyak hewani/nabati,III,Lemak dan Minyak
15,Australia,5254323.11,2023,,Lemak dan minyak hewani/nabati,III,Lemak dan Minyak
15,Austria,397.5,2023,,Lemak dan minyak hewani/nabati,III,Lemak dan Minyak
15,Azerbaijan,253126.4,2023,,Lemak dan minyak hewani/nabati,III,Lemak dan Minyak
15,Bahrain,3687216.8000000003,2023,,Lemak dan minyak hewani/nabati,III,Lemak dan Minyak
15,Bangladesh,1172122125.8999999,2023,,Lemak dan minyak hewani/nabati,III,Lemak dan Minyak
15,Barbados,19989.81,2023,,Lemak dan minyak hewani/nabati,III,Lemak dan Minyak
15,Belarus,620020.97,2023,,Lemak dan minyak hewani/nabati,III,Lemak dan Minyak
15,Belgium,19998773.2,2023,,Lemak dan minyak hewani/nabati,III,Lemak dan Minyak
15,Benin,187799386.96,2023,,Lemak dan minyak hewani/nabati,III,Lemak dan Minyak
15,Bolivia,859557.5,2023,,Lemak dan minyak hewani/nabati,III,Lemak dan Minyak
15,Bosnia And Herzegovina,541497.6,2023,,Lemak dan minyak hewani/nabati,III,Lemak dan Minyak
15,Brazil,301395598.62,2023,,Lemak dan minyak hewani/nabati,III,Lemak dan Minyak
15,Brunei Darussalam,3094623.1900000004,2023,,Lemak dan minyak hewani/nabati,III,Lemak dan Minyak
15,Bulgaria,8635134.469999999,2023,,Lemak dan minyak hewani/nabati,III,Lemak dan Minyak
15,Burkina Faso,9688864.0,2023,,Lemak dan minyak hewani/nabati,III,Lemak dan Minyak
15,Cambodia,1257036.23,2023,,Lemak dan minyak hewani/nabati,III,Lemak dan Minyak
15,Cameroon,46061736.9,2023,,Lemak dan minyak hewani/nabati,III,Lemak dan Minyak
15,Canada,12612373.2,2023,,Lemak dan minyak hewani/nabati,III,Lemak dan Minyak
15,Central African Republic,1.69,2023,,Lemak dan minyak hewani/nabati,III,Lemak dan Minyak
15,Chad,89812.0,2023,,Lemak dan minyak hewani/nabati,III,Lemak dan Minyak
15,Chile,12822496.370000001,2023,,Lemak dan minyak hewani/nabati,III,Lemak dan Minyak
15,China,6078829881.1,2023,,Lemak dan minyak hewani/nabati,III,Lemak dan Minyak
15,Colombia,2820960.99,2023,,Lemak dan minyak hewani/nabati,III,Lemak dan Minyak
15,Comoros,1213000.47,2023,,Lemak dan minyak hewani/nabati,III,Lemak dan Minyak
15,Congo,68148428.84,2023,,Lemak dan minyak hewani/nabati,III,Lemak dan Minyak
15,Costa Rica,591602.05,2023,,Lemak dan minyak hewani/nabati,III,Lemak dan Minyak
15,Cote Divoire,74774704.67,2023,,Lemak dan minyak hewani/nabati,III,Lemak dan Minyak
15,Croatia,40581155.65,2023,,Lemak dan minyak hewani/nabati,III,Lemak dan Minyak
15,Cuba,432764.37,2023,,Lemak dan minyak hewani/nabati,III,Lemak dan Minyak
15,Cyprus,163328.65,2023,,Lemak dan minyak hewani/nabati,III,Lemak dan Minyak
15,Democratic Rep. Of The Congo,7523283.23,2023,,Lemak dan minyak hewani/nabati,III,Lemak dan Minyak
15,Denmark,19268830.380000003,2023,,Lemak dan minyak hewani/nabati,III,Lemak dan Minyak
15,Djibouti,364040317.15999997,2023,,Lemak dan minyak hewani/nabati,III,Lemak dan Minyak
15,Dominica,201923.61000000002,2023,,Lemak dan minyak hewani/nabati,III,Lemak dan Minyak
15,Dominican Republic,7360472.08,2023,,Lemak dan minyak hewani/nabati,III,Lemak dan Minyak
15,East Timor,18794836.4,2023,,Lemak dan minyak hewani/nabati,III,Lemak dan Minyak
15,Ecuador,1065860.76,2023,,Lemak dan minyak hewani/nabati,III,Lemak dan Minyak
15,Egypt,866854138.09,2023,,Lemak dan minyak hewani/nabati,III,Lemak dan Minyak
15,El Salvador,42665.0,2023,,Lemak dan minyak hewani/nabati,III,Lemak dan Minyak
15,Equatorial Guinea,8688019.01,2023,,Lemak dan minyak hewani/nabati,III,Lemak dan Minyak
15,Estonia,276339381.90999997,2023,,Lemak dan minyak hewani/nabati,III,Lemak dan Minyak
15,Ethiopia,140238.0,2023,,Lemak dan minyak hewani/nabati,III,Lemak dan Minyak
15,Fiji,2381004.86,2023,,Lemak dan minyak hewani/nabati,III,Lemak dan Minyak
15,Finland,432006.27,2023,,Lemak dan minyak hewani/nabati,III,Lemak dan Minyak
15,France,14907304.86,2023,,Lemak dan minyak hewani/nabati,III,Lemak dan Minyak
15,French Polynesia,62624.0,2023,,Lemak dan minyak hewani/nabati,III,Lemak dan Minyak
15,Gabon,1614853.2399999998,2023,,Lemak dan minyak hewani/nabati,III,Lemak dan Minyak
15,Gambia,50195096.71,2023,,Lemak dan minyak hewani/nabati,III,Lemak dan Minyak
15,Georgia,39498466.38,2023,,Lemak dan minyak hewani/nabati,III,Lemak dan Minyak
15,Germany Fed. Rep. Of,54642054.04,2023,,Lemak dan minyak hewani/nabati,III,Lemak dan Minyak
15,Ghana,65587600.7,2023,,Lemak dan minyak hewani/nabati,III,Lemak dan Minyak
15,Greece,102132450.91000001,2023,,Lemak dan minyak hewani/nabati,III,Lemak dan Minyak
15,Grenada,292393.55,2023,,Lemak dan minyak hewani/nabati,III,Lemak dan Minyak
15,Guatemala,2504232.37,2023,,Lemak dan minyak hewani/nabati,III,Lemak dan Minyak
15,Guinea,90110657.86,2023,,Lemak dan minyak hewani/nabati,III,Lemak dan Minyak
15,Guinea Bissau,856846.6,2023,,Lemak dan minyak hewani/nabati,III,Lemak dan Minyak
15,Guyana,1328287.7,2023,,Lemak dan minyak hewani/nabati,III,Lemak dan Minyak
15,Haiti,128027307.85000001,2023,,Lemak dan minyak hewani/nabati,III,Lemak dan Minyak
15,Honduras,23685165.36,2023,,Lemak dan minyak hewani/nabati,III,Lemak dan Minyak
15,Hong Kong,3814670.17,2023,,Lemak dan minyak hewani/nabati,III,Lemak dan Minyak
15,Hungary,1225038.4100000001,2023,,Lemak dan minyak hewani/nabati,III,Lemak dan Minyak
15,Iceland,882671.8,2023,,Lemak dan minyak hewani/nabati,III,Lemak dan Minyak
15,India,4544993702.6,2023,,Lemak dan minyak hewani/nabati,III,Lemak dan Minyak
15,Iran (Islamic Republic Of),11001331.68,2023,,Lemak dan minyak hewani/nabati,III,Lemak dan Minyak
15,Iraq,66462690.43,2023,,Lemak dan minyak hewani/nabati,III,Lemak dan Minyak
15,Ireland,72501.4,2023,,Lemak dan minyak hewani/nabati,III,Lemak dan Minyak
15,Israel,44113817.0,2023,,Lemak dan minyak hewani/nabati,III,Lemak dan Minyak
15,Italy,480830900.45000005,2023,,Lemak dan minyak hewani/nabati,III,Lemak dan Minyak
15,Jamaica,5250852.25,2023,,Lemak dan minyak hewani/nabati,III,Lemak dan Minyak
15,Japan,115481067.35000001,2023,,Lemak dan minyak hewani/nabati,III,Lemak dan Minyak
15,Jordan,19800036.36,2023,,Lemak dan minyak hewani/nabati,III,Lemak dan Minyak
15,Kazakhstan,8124497.829999998,2023,,Lemak dan minyak hewani/nabati,III,Lemak dan Minyak
15,Kenya,298597558.29,2023,,Lemak dan minyak hewani/nabati,III,Lemak dan Minyak
15,Kiribati,452222.64,2023,,Lemak dan minyak hewani/nabati,III,Lemak dan Minyak
15,Korea Republic Of,307921260.91,2023,,Lemak dan minyak hewani/nabati,III,Lemak dan Minyak
15,Kuwait,801085.55,2023,,Lemak dan minyak hewani/nabati,III,Lemak dan Minyak
15,Kyrgyzstan,639604.56,2023,,Lemak dan minyak hewani/nabati,III,Lemak dan Minyak
15,Latvia,29585725.810000002,2023,,Lemak dan minyak hewani/nabati,III,Lemak dan Minyak
15,Lebanon,13365929.969999999,2023,,Lemak dan minyak hewani/nabati,III,Lemak dan Minyak
15,Liberia,20545898.73,2023,,Lemak dan minyak hewani/nabati,III,Lemak dan Minyak
15,Libyan Arab Jamahiriya,5073473.43,2023,,Lemak dan minyak hewani/nabati,III,Lemak dan Minyak
15,Lithuania,5182599.28,2023,,Lemak dan minyak hewani/nabati,III,Lemak dan Minyak
15,Madagascar,1461960.79,2023,,Lemak dan minyak hewani/nabati,III,Lemak dan Minyak
15,Malawi,253159.5,2023,,Lemak dan minyak hewani/nabati,III,Lemak dan Minyak
15,Malaysia,1223711442.45,2023,,Lemak dan minyak hewani/nabati,III,Lemak dan Minyak
15,Maldives,811507.06,2023,,Lemak dan minyak hewani/nabati,III,Lemak dan Minyak
15,Mali,487564.7,2023,,Lemak dan minyak hewani/nabati,III,Lemak dan Minyak
15,Malta,8717815.89,2023,,Lemak dan minyak hewani/nabati,III,Lemak dan Minyak
15,Marshall Islands,203094.0,2023,,Lemak dan minyak hewani/nabati,III,Lemak dan Minyak
15,Mauritania,129278750.92,2023,,Lemak dan minyak hewani/nabati,III,Lemak dan Minyak
15,Mauritius,1456323.48,2023,,Lemak dan minyak hewani/nabati,III,Lemak dan Minyak
15,Mayotte,494501.21,2023,,Lemak dan minyak hewani/nabati,III,Lemak dan Minyak
15,Mexico,64675932.400000006,2023,,Lemak dan minyak hewani/nabati,III,Lemak dan Minyak
15,Micronesia Fed. States Of,228445.34999999998,2023,,Lemak dan minyak hewani/nabati,III,Lemak dan Minyak
15,Moldova Republic Of,375674.4,2023,,Lemak dan minyak hewani/nabati,III,Lemak dan Minyak
15,Mongolia,85447.85,2023,,Lemak dan minyak hewani/nabati,III,Lemak dan Minyak
15,Montenegro,676876.33,2023,,Lemak dan minyak hewani/nabati,III,Lemak dan Minyak
15,Morocco,39034317.99,2023,,Lemak dan minyak hewani/nabati,III,Lemak dan Minyak
15,Mozambique,69064251.05000001,2023,,Lemak dan minyak hewani/nabati,III,Lemak dan Minyak
15,Myanmar,529779978.07,2023,,Lemak dan minyak hewani/nabati,III,Lemak dan Minyak
15,Namibia,106191.0,2023,,Lemak dan minyak hewani/nabati,III,Lemak dan Minyak
15,Nauru,20323.0,2023,,Lemak dan minyak hewani/nabati,III,Lemak dan Minyak
15,Nepal,2488490.41,2023,,Lemak dan minyak hewani/nabati,III,Lemak dan Minyak
15,Netherlands,548601639.23,2023,,Lemak dan minyak hewani/nabati,III,Lemak dan Minyak
15,New Caledonia,47141.8,2023,,Lemak dan minyak hewani/nabati,III,Lemak dan Minyak
15,New Zealand,7871867.07,2023,,Lemak dan minyak hewani/nabati,III,Lemak dan Minyak
15,Niger,4432669.95,2023,,Lemak dan minyak hewani/nabati,III,Lemak dan Minyak
15,Nigeria,160818297.87,2023,,Lemak dan minyak hewani/nabati,III,Lemak dan Minyak
15,Northern Mariana Islands,64619.0,2023,,Lemak dan minyak hewani/nabati,III,Lemak dan Minyak
15,Norway,35595.6,2023,,Lemak dan minyak hewani/nabati,III,Lemak dan Minyak
15,Oman,165975234.67000002,2023,,Lemak dan minyak hewani/nabati,III,Lemak dan Minyak
15,Pakistan,2199752995.75,2023,,Lemak dan minyak hewani/nabati,III,Lemak dan Minyak
15,Palau,46323.5,2023,,Lemak dan minyak hewani/nabati,III,Lemak dan Minyak
15,Panama,3022717.25,2023,,Lemak dan minyak hewani/nabati,III,Lemak dan Minyak
15,Papua New Guinea,8350580.24,2023,,Lemak dan minyak hewani/nabati,III,Lemak dan Minyak
15,Paraguay,42228.93,2023,,Lemak dan minyak hewani/nabati,III,Lemak dan Minyak
15,Peru,11163647.17,2023,,Lemak dan minyak hewani/nabati,III,Lemak dan Minyak
15,Philippines,459476155.64,2023,,Lemak dan minyak hewani/nabati,III,Lemak dan Minyak
15,Poland,12423080.620000001,2023,,Lemak dan minyak hewani/nabati,III,Lemak dan Minyak
15,Portugal,806895.2999999999,2023,,Lemak dan minyak hewani/nabati,III,Lemak dan Minyak
15,Puerto Rico,1333191.0,2023,,Lemak dan minyak hewani/nabati,III,Lemak dan Minyak
15,Qatar,1015417.12,2023,,Lemak dan minyak hewani/nabati,III,Lemak dan Minyak
15,Rep. Of Macedonia,1319334.33,2023,,Lemak dan minyak hewani/nabati,III,Lemak dan Minyak
15,Reunion,20292.0,2023,,Lemak dan minyak hewani/nabati,III,Lemak dan Minyak
15,Romania,17916903.37,2023,,Lemak dan minyak hewani/nabati,III,Lemak dan Minyak
15,Russia Federation,585893303.2199999,2023,,Lemak dan minyak hewani/nabati,III,Lemak dan Minyak
15,Rwanda,219949.64,2023,,Lemak dan minyak hewani/nabati,III,Lemak dan Minyak
15,Saint Kitts And Nevis,22140.72,2023,,Lemak dan minyak hewani/nabati,III,Lemak dan Minyak
15,Saint Lucia,547919.71,2023,,Lemak dan minyak hewani/nabati,III,Lemak dan Minyak
15,Saint Vincent And The Grenadines,102704.35,2023,,Lemak dan minyak hewani/nabati,III,Lemak dan Minyak
15,Samoa,1933671.41,2023,,Lemak dan minyak hewani/nabati,III,Lemak dan Minyak
15,Sao Tome And Principe,843899.49,2023,,Lemak dan minyak hewani/nabati,III,Lemak dan Minyak
15,Saudi Arabia,351693396.24,2023,,Lemak dan minyak hewani/nabati,III,Lemak dan Minyak
15,Senegal,162105121.47,2023,,Lemak dan minyak hewani/nabati,III,Lemak dan Minyak
15,Serbia,3497371.83,2023,,Lemak dan minyak hewani/nabati,III,Lemak dan Minyak
15,Seychelles,189479.47,2023,,Lemak dan minyak hewani/nabati,III,Lemak dan Minyak
15,Sierra Leone,2494730.4299999997,2023,,Lemak dan minyak hewani/nabati,III,Lemak dan Minyak
15,Singapore,117168505.64,2023,,Lemak dan minyak hewani/nabati,III,Lemak dan Minyak
15,Slovenia,886181.0800000001,2023,,Lemak dan minyak hewani/nabati,III,Lemak dan Minyak
15,Solomon Islands,3309436.3400000003,2023,,Lemak dan minyak hewani/nabati,III,Lemak dan Minyak
15,Somalia,32766076.740000002,2023,,Lemak dan minyak hewani/nabati,III,Lemak dan Minyak
15,South Africa,390652541.94,2023,,Lemak dan minyak hewani/nabati,III,Lemak dan Minyak
15,Spain,687467400.99,2023,,Lemak dan minyak hewani/nabati,III,Lemak dan Minyak
15,Sri Lanka,85754357.31,2023,,Lemak dan minyak hewani/nabati,III,Lemak dan Minyak
15,Sudan,38605306.04000001,2023,,Lemak dan minyak hewani/nabati,III,Lemak dan Minyak
15,Sweden,49121556.25,2023,,Lemak dan minyak hewani/nabati,III,Lemak dan Minyak
15,Switzerland,874762.96,2023,,Lemak dan minyak hewani/nabati,III,Lemak dan Minyak
15,Syria Arab Republic,7096564.28,2023,,Lemak dan minyak hewani/nabati,III,Lemak dan Minyak
15,Taiwan,15658400.620000001,2023,,Lemak dan minyak hewani/nabati,III,Lemak dan Minyak
15,Tajikistan,439667.0,2023,,Lemak dan minyak hewani/nabati,III,Lemak dan Minyak
15,Tanzania United Rep. Of,195358921.88,2023,,Lemak dan minyak hewani/nabati,III,Lemak dan Minyak
15,Thailand,75614901.98,2023,,Lemak dan minyak hewani/nabati,III,Lemak dan Minyak
15,Togo,130593897.18,2023,,Lemak dan minyak hewani/nabati,III,Lemak dan Minyak
15,Tonga,655019.3700000001,2023,,Lemak dan minyak hewani/nabati,III,Lemak dan Minyak
15,Trinidad And Tobago,3516998.8,2023,,Lemak dan minyak hewani/nabati,III,Lemak dan Minyak
15,Tunisia,55354578.34,2023,,Lemak dan minyak hewani/nabati,III,Lemak dan Minyak
15,Turkey,255408432.25000003,2023,,Lemak dan minyak hewani/nabati,III,Lemak dan Minyak
15,Turkmenistan,1212134.23,2023,,Lemak dan minyak hewani/nabati,III,Lemak dan Minyak
15,Tuvalu,38412.0,2023,,Lemak dan minyak hewani/nabati,III,Lemak dan Minyak
15,Uganda,1087621.16,2023,,Lemak dan minyak hewani/nabati,III,Lemak dan Minyak
15,Ukraine,3173473.21,2023,,Lemak dan minyak hewani/nabati,III,Lemak dan Minyak
15,United Arab Emirates,255562494.53,2023,,Lemak dan minyak hewani/nabati,III,Lemak dan Minyak
15,United Kingdom,55030240.36,2023,,Lemak dan minyak hewani/nabati,III,Lemak dan Minyak
15,United States,1947369703.85,2023,,Lemak dan minyak hewani/nabati,III,Lemak dan Minyak
15,Uruguay,4745008.499999999,2023,,Lemak dan minyak hewani/nabati,III,Lemak dan Minyak
15,Uzbekistan,10558388.040000001,2023,,Lemak dan minyak hewani/nabati,III,Lemak dan Minyak
15,Vanuatu,1299539.5799999998,2023,,Lemak dan minyak hewani/nabati,III,Lemak dan Minyak
15,Venezuela,179218.1,2023,,Lemak dan minyak hewani/nabati,III,Lemak dan Minyak
15,Viet Nam,638563505.65,2023,,Lemak dan minyak hewani/nabati,III,Lemak dan Minyak
15,Yemen,101262751.84,2023,,Lemak dan minyak hewani/nabati,III,Lemak dan Minyak
15,Zambia,360423.14,2023,,Lemak dan minyak hewani/nabati,III,Lemak dan Minyak
15,Zimbabwe,3841310.82,2023,,Lemak dan minyak hewani/nabati,III,Lemak dan Minyak
16,Albania,2410570.4,2023,,Olahan daging dan ikan,IV,"Makanan Olahan, Minuman, Tembakau"
16,Algeria,2643235.0,2023,,Olahan daging dan ikan,IV,"Makanan Olahan, Minuman, Tembakau"
16,Angola,1419836.15,2023,,Olahan daging dan ikan,IV,"Makanan Olahan, Minuman, Tembakau"
16,Australia,35359720.5,2023,,Olahan daging dan ikan,IV,"Makanan Olahan, Minuman, Tembakau"
16,Austria,440459.34,2023,,Olahan daging dan ikan,IV,"Makanan Olahan, Minuman, Tembakau"
16,Bahrain,173780.57,2023,,Olahan daging dan ikan,IV,"Makanan Olahan, Minuman, Tembakau"
16,Belgium,5437639.93,2023,,Olahan daging dan ikan,IV,"Makanan Olahan, Minuman, Tembakau"
16,Benin,1111757.7,2023,,Olahan daging dan ikan,IV,"Makanan Olahan, Minuman, Tembakau"
16,Bosnia And Herzegovina,66570.0,2023,,Olahan daging dan ikan,IV,"Makanan Olahan, Minuman, Tembakau"
16,Brunei Darussalam,145704.1,2023,,Olahan daging dan ikan,IV,"Makanan Olahan, Minuman, Tembakau"
16,Bulgaria,620733.43,2023,,Olahan daging dan ikan,IV,"Makanan Olahan, Minuman, Tembakau"
16,Cambodia,8405.960000000001,2023,,Olahan daging dan ikan,IV,"Makanan Olahan, Minuman, Tembakau"
16,Cameroon,1871683.87,2023,,Olahan daging dan ikan,IV,"Makanan Olahan, Minuman, Tembakau"
16,Canada,11117677.4,2023,,Olahan daging dan ikan,IV,"Makanan Olahan, Minuman, Tembakau"
16,China,10064590.129999999,2023,,Olahan daging dan ikan,IV,"Makanan Olahan, Minuman, Tembakau"
16,Christmas Islands,72.62,2023,,Olahan daging dan ikan,IV,"Makanan Olahan, Minuman, Tembakau"
16,Comoros,769939.75,2023,,Olahan daging dan ikan,IV,"Makanan Olahan, Minuman, Tembakau"
16,Congo,560846.95,2023,,Olahan daging dan ikan,IV,"Makanan Olahan, Minuman, Tembakau"
16,Cote Divoire,1714722.3,2023,,Olahan daging dan ikan,IV,"Makanan Olahan, Minuman, Tembakau"
16,Croatia,939614.6,2023,,Olahan daging dan ikan,IV,"Makanan Olahan, Minuman, Tembakau"
16,Cuba,216320.0,2023,,Olahan daging dan ikan,IV,"Makanan Olahan, Minuman, Tembakau"
16,Cyprus,6350.0,2023,,Olahan daging dan ikan,IV,"Makanan Olahan, Minuman, Tembakau"
16,Democratic Rep. Of The Congo,1833885.0,2023,,Olahan daging dan ikan,IV,"Makanan Olahan, Minuman, Tembakau"
16,Denmark,875273.6000000001,2023,,Olahan daging dan ikan,IV,"Makanan Olahan, Minuman, Tembakau"
16,Dominica,48087.5,2023,,Olahan daging dan ikan,IV,"Makanan Olahan, Minuman, Tembakau"
16,Dominican Republic,1346370.0,2023,,Olahan daging dan ikan,IV,"Makanan Olahan, Minuman, Tembakau"
16,East Timor,2870273.4,2023,,Olahan daging dan ikan,IV,"Makanan Olahan, Minuman, Tembakau"
16,Ecuador,820608.0,2023,,Olahan daging dan ikan,IV,"Makanan Olahan, Minuman, Tembakau"
16,Egypt,637395.61,2023,,Olahan daging dan ikan,IV,"Makanan Olahan, Minuman, Tembakau"
16,Equatorial Guinea,483095.0,2023,,Olahan daging dan ikan,IV,"Makanan Olahan, Minuman, Tembakau"
16,Estonia,73273.5,2023,,Olahan daging dan ikan,IV,"Makanan Olahan, Minuman, Tembakau"
16,France,3451922.87,2023,,Olahan daging dan ikan,IV,"Makanan Olahan, Minuman, Tembakau"
16,Gabon,274012.0,2023,,Olahan daging dan ikan,IV,"Makanan Olahan, Minuman, Tembakau"
16,Gambia,1627437.43,2023,,Olahan daging dan ikan,IV,"Makanan Olahan, Minuman, Tembakau"
16,Germany Fed. Rep. Of,5731347.33,2023,,Olahan daging dan ikan,IV,"Makanan Olahan, Minuman, Tembakau"
16,Ghana,5607160.970000001,2023,,Olahan daging dan ikan,IV,"Makanan Olahan, Minuman, Tembakau"
16,Greece,1913722.35,2023,,Olahan daging dan ikan,IV,"Makanan Olahan, Minuman, Tembakau"
16,Guam,21550.0,2023,,Olahan daging dan ikan,IV,"Makanan Olahan, Minuman, Tembakau"
16,Guatemala,848250.0,2023,,Olahan daging dan ikan,IV,"Makanan Olahan, Minuman, Tembakau"
16,Guinea Bissau,114985.5,2023,,Olahan daging dan ikan,IV,"Makanan Olahan, Minuman, Tembakau"
16,Hong Kong,5268713.51,2023,,Olahan daging dan ikan,IV,"Makanan Olahan, Minuman, Tembakau"
16,India,107842.26,2023,,Olahan daging dan ikan,IV,"Makanan Olahan, Minuman, Tembakau"
16,Iraq,1041358.74,2023,,Olahan daging dan ikan,IV,"Makanan Olahan, Minuman, Tembakau"
16,Ireland,2605.04,2023,,Olahan daging dan ikan,IV,"Makanan Olahan, Minuman, Tembakau"
16,Israel,406160.0,2023,,Olahan daging dan ikan,IV,"Makanan Olahan, Minuman, Tembakau"
16,Italy,5198235.07,2023,,Olahan daging dan ikan,IV,"Makanan Olahan, Minuman, Tembakau"
16,Japan,152616840.09,2023,,Olahan daging dan ikan,IV,"Makanan Olahan, Minuman, Tembakau"
16,Jordan,12319611.92,2023,,Olahan daging dan ikan,IV,"Makanan Olahan, Minuman, Tembakau"
16,Kenya,55520.0,2023,,Olahan daging dan ikan,IV,"Makanan Olahan, Minuman, Tembakau"
16,Kiribati,58822.0,2023,,Olahan daging dan ikan,IV,"Makanan Olahan, Minuman, Tembakau"
16,Korea Republic Of,7593498.650000001,2023,,Olahan daging dan ikan,IV,"Makanan Olahan, Minuman, Tembakau"
16,Kuwait,8420454.82,2023,,Olahan daging dan ikan,IV,"Makanan Olahan, Minuman, Tembakau"
16,Lebanon,1966056.2,2023,,Olahan daging dan ikan,IV,"Makanan Olahan, Minuman, Tembakau"
16,Liberia,220492.4,2023,,Olahan daging dan ikan,IV,"Makanan Olahan, Minuman, Tembakau"
16,Libyan Arab Jamahiriya,6062460.39,2023,,Olahan daging dan ikan,IV,"Makanan Olahan, Minuman, Tembakau"
16,Lithuania,47722.5,2023,,Olahan daging dan ikan,IV,"Makanan Olahan, Minuman, Tembakau"
16,Madagascar,433653.5,2023,,Olahan daging dan ikan,IV,"Makanan Olahan, Minuman, Tembakau"
16,Malaysia,3829152.3800000004,2023,,Olahan daging dan ikan,IV,"Makanan Olahan, Minuman, Tembakau"
16,Maldives,7020.0,2023,,Olahan daging dan ikan,IV,"Makanan Olahan, Minuman, Tembakau"
16,Marshall Islands,6265.71,2023,,Olahan daging dan ikan,IV,"Makanan Olahan, Minuman, Tembakau"
16,Mauritius,124620.0,2023,,Olahan daging dan ikan,IV,"Makanan Olahan, Minuman, Tembakau"
16,Mexico,1223860.0,2023,,Olahan daging dan ikan,IV,"Makanan Olahan, Minuman, Tembakau"
16,Micronesia Fed. States Of,35886.22,2023,,Olahan daging dan ikan,IV,"Makanan Olahan, Minuman, Tembakau"
16,Montenegro,716988.1,2023,,Olahan daging dan ikan,IV,"Makanan Olahan, Minuman, Tembakau"
16,Morocco,52.0,2023,,Olahan daging dan ikan,IV,"Makanan Olahan, Minuman, Tembakau"
16,Mozambique,90730.0,2023,,Olahan daging dan ikan,IV,"Makanan Olahan, Minuman, Tembakau"
16,Myanmar,29547.0,2023,,Olahan daging dan ikan,IV,"Makanan Olahan, Minuman, Tembakau"
16,Nauru,2198.25,2023,,Olahan daging dan ikan,IV,"Makanan Olahan, Minuman, Tembakau"
16,Netherlands,17988897.509999998,2023,,Olahan daging dan ikan,IV,"Makanan Olahan, Minuman, Tembakau"
16,New Zealand,1.0,2023,,Olahan daging dan ikan,IV,"Makanan Olahan, Minuman, Tembakau"
16,Nigeria,873778.8,2023,,Olahan daging dan ikan,IV,"Makanan Olahan, Minuman, Tembakau"
16,Norway,43.84,2023,,Olahan daging dan ikan,IV,"Makanan Olahan, Minuman, Tembakau"
16,Oman,1463938.5,2023,,Olahan daging dan ikan,IV,"Makanan Olahan, Minuman, Tembakau"
16,Palau,8712.5,2023,,Olahan daging dan ikan,IV,"Makanan Olahan, Minuman, Tembakau"
16,Papua New Guinea,2420256.34,2023,,Olahan daging dan ikan,IV,"Makanan Olahan, Minuman, Tembakau"
16,Philippines,296276.43,2023,,Olahan daging dan ikan,IV,"Makanan Olahan, Minuman, Tembakau"
16,Poland,344400.0,2023,,Olahan daging dan ikan,IV,"Makanan Olahan, Minuman, Tembakau"
16,Puerto Rico,2413531.51,2023,,Olahan daging dan ikan,IV,"Makanan Olahan, Minuman, Tembakau"
16,Qatar,238851.9,2023,,Olahan daging dan ikan,IV,"Makanan Olahan, Minuman, Tembakau"
16,Reunion,140334.4,2023,,Olahan daging dan ikan,IV,"Makanan Olahan, Minuman, Tembakau"
16,Romania,444831.4,2023,,Olahan daging dan ikan,IV,"Makanan Olahan, Minuman, Tembakau"
16,Russia Federation,2559167.6,2023,,Olahan daging dan ikan,IV,"Makanan Olahan, Minuman, Tembakau"
16,Saudi Arabia,100110333.5,2023,,Olahan daging dan ikan,IV,"Makanan Olahan, Minuman, Tembakau"
16,Senegal,4118477.05,2023,,Olahan daging dan ikan,IV,"Makanan Olahan, Minuman, Tembakau"
16,Serbia,2306711.75,2023,,Olahan daging dan ikan,IV,"Makanan Olahan, Minuman, Tembakau"
16,Sierra Leone,1935958.3,2023,,Olahan daging dan ikan,IV,"Makanan Olahan, Minuman, Tembakau"
16,Singapore,3813088.98,2023,,Olahan daging dan ikan,IV,"Makanan Olahan, Minuman, Tembakau"
16,Somalia,1123210.0,2023,,Olahan daging dan ikan,IV,"Makanan Olahan, Minuman, Tembakau"
16,South Africa,645876.5,2023,,Olahan daging dan ikan,IV,"Makanan Olahan, Minuman, Tembakau"
16,Spain,695279.85,2023,,Olahan daging dan ikan,IV,"Makanan Olahan, Minuman, Tembakau"
16,Suriname,248201.2,2023,,Olahan daging dan ikan,IV,"Makanan Olahan, Minuman, Tembakau"
16,Sweden,134976.1,2023,,Olahan daging dan ikan,IV,"Makanan Olahan, Minuman, Tembakau"
16,Switzerland,152000.0,2023,,Olahan daging dan ikan,IV,"Makanan Olahan, Minuman, Tembakau"
16,Syria Arab Republic,19404.0,2023,,Olahan daging dan ikan,IV,"Makanan Olahan, Minuman, Tembakau"
16,Taiwan,6347874.08,2023,,Olahan daging dan ikan,IV,"Makanan Olahan, Minuman, Tembakau"
16,Tanzania United Rep. Of,716463.5,2023,,Olahan daging dan ikan,IV,"Makanan Olahan, Minuman, Tembakau"
16,Thailand,58358936.53,2023,,Olahan daging dan ikan,IV,"Makanan Olahan, Minuman, Tembakau"
16,Togo,1885581.5,2023,,Olahan daging dan ikan,IV,"Makanan Olahan, Minuman, Tembakau"
16,Trinidad And Tobago,13695.81,2023,,Olahan daging dan ikan,IV,"Makanan Olahan, Minuman, Tembakau"
16,Turkey,82799.16,2023,,Olahan daging dan ikan,IV,"Makanan Olahan, Minuman, Tembakau"
16,Uganda,2.0,2023,,Olahan daging dan ikan,IV,"Makanan Olahan, Minuman, Tembakau"
16,Ukraine,45709.0,2023,,Olahan daging dan ikan,IV,"Makanan Olahan, Minuman, Tembakau"
16,United Arab Emirates,4730220.09,2023,,Olahan daging dan ikan,IV,"Makanan Olahan, Minuman, Tembakau"
16,United Kingdom,22124214.71,2023,,Olahan daging dan ikan,IV,"Makanan Olahan, Minuman, Tembakau"
16,United States,806590694.5799999,2023,,Olahan daging dan ikan,IV,"Makanan Olahan, Minuman, Tembakau"
16,Uzbekistan,178950.0,2023,,Olahan daging dan ikan,IV,"Makanan Olahan, Minuman, Tembakau"
16,Vanuatu,29988.0,2023,,Olahan daging dan ikan,IV,"Makanan Olahan, Minuman, Tembakau"
16,Viet Nam,1741840.26,2023,,Olahan daging dan ikan,IV,"Makanan Olahan, Minuman, Tembakau"
16,Yemen,873617.74,2023,,Olahan daging dan ikan,IV,"Makanan Olahan, Minuman, Tembakau"
17,Afghanistan,94500.24,2023,,Gula dan kembang gula,IV,"Makanan Olahan, Minuman, Tembakau"
17,American Samoa,7838.0,2023,,Gula dan kembang gula,IV,"Makanan Olahan, Minuman, Tembakau"
17,Angola,12717.0,2023,,Gula dan kembang gula,IV,"Makanan Olahan, Minuman, Tembakau"
17,Argentina,1645829.83,2023,,Gula dan kembang gula,IV,"Makanan Olahan, Minuman, Tembakau"
17,Australia,3865669.4,2023,,Gula dan kembang gula,IV,"Makanan Olahan, Minuman, Tembakau"
17,Bahrain,432847.11,2023,,Gula dan kembang gula,IV,"Makanan Olahan, Minuman, Tembakau"
17,Bangladesh,453326.55,2023,,Gula dan kembang gula,IV,"Makanan Olahan, Minuman, Tembakau"
17,Barbados,14751.75,2023,,Gula dan kembang gula,IV,"Makanan Olahan, Minuman, Tembakau"
17,Belgium,94101.75,2023,,Gula dan kembang gula,IV,"Makanan Olahan, Minuman, Tembakau"
17,Benin,176000.0,2023,,Gula dan kembang gula,IV,"Makanan Olahan, Minuman, Tembakau"
17,Brazil,1163712.05,2023,,Gula dan kembang gula,IV,"Makanan Olahan, Minuman, Tembakau"
17,Brunei Darussalam,908034.4600000001,2023,,Gula dan kembang gula,IV,"Makanan Olahan, Minuman, Tembakau"
17,Bulgaria,88800.0,2023,,Gula dan kembang gula,IV,"Makanan Olahan, Minuman, Tembakau"
17,Cambodia,2555914.0599999996,2023,,Gula dan kembang gula,IV,"Makanan Olahan, Minuman, Tembakau"
17,Canada,1775970.67,2023,,Gula dan kembang gula,IV,"Makanan Olahan, Minuman, Tembakau"
17,Chile,62019.350000000006,2023,,Gula dan kembang gula,IV,"Makanan Olahan, Minuman, Tembakau"
17,China,17577640.57,2023,,Gula dan kembang gula,IV,"Makanan Olahan, Minuman, Tembakau"
17,Colombia,45009.3,2023,,Gula dan kembang gula,IV,"Makanan Olahan, Minuman, Tembakau"
17,Congo,237.6,2023,,Gula dan kembang gula,IV,"Makanan Olahan, Minuman, Tembakau"
17,Cote Divoire,333645.0,2023,,Gula dan kembang gula,IV,"Makanan Olahan, Minuman, Tembakau"
17,Croatia,76691.7,2023,,Gula dan kembang gula,IV,"Makanan Olahan, Minuman, Tembakau"
17,Czech Republic,209275.55,2023,,Gula dan kembang gula,IV,"Makanan Olahan, Minuman, Tembakau"
17,Democratic Rep. Of The Congo,338832.4,2023,,Gula dan kembang gula,IV,"Makanan Olahan, Minuman, Tembakau"
17,Dominican Republic,26085.0,2023,,Gula dan kembang gula,IV,"Makanan Olahan, Minuman, Tembakau"
17,East Timor,4588998.71,2023,,Gula dan kembang gula,IV,"Makanan Olahan, Minuman, Tembakau"
17,Ecuador,99131.0,2023,,Gula dan kembang gula,IV,"Makanan Olahan, Minuman, Tembakau"
17,Egypt,675703.26,2023,,Gula dan kembang gula,IV,"Makanan Olahan, Minuman, Tembakau"
17,Estonia,93378.0,2023,,Gula dan kembang gula,IV,"Makanan Olahan, Minuman, Tembakau"
17,Fiji,582905.37,2023,,Gula dan kembang gula,IV,"Makanan Olahan, Minuman, Tembakau"
17,Finland,219549.66,2023,,Gula dan kembang gula,IV,"Makanan Olahan, Minuman, Tembakau"
17,France,260112.41,2023,,Gula dan kembang gula,IV,"Makanan Olahan, Minuman, Tembakau"
17,French Polynesia,721.78,2023,,Gula dan kembang gula,IV,"Makanan Olahan, Minuman, Tembakau"
17,Gabon,92316.46,2023,,Gula dan kembang gula,IV,"Makanan Olahan, Minuman, Tembakau"
17,Gambia,59379.0,2023,,Gula dan kembang gula,IV,"Makanan Olahan, Minuman, Tembakau"
17,Georgia,5606.59,2023,,Gula dan kembang gula,IV,"Makanan Olahan, Minuman, Tembakau"
17,Germany Fed. Rep. Of,2543377.8699999996,2023,,Gula dan kembang gula,IV,"Makanan Olahan, Minuman, Tembakau"
17,Ghana,109447.39,2023,,Gula dan kembang gula,IV,"Makanan Olahan, Minuman, Tembakau"
17,Greece,853058.0,2023,,Gula dan kembang gula,IV,"Makanan Olahan, Minuman, Tembakau"
17,Guam,1940.6,2023,,Gula dan kembang gula,IV,"Makanan Olahan, Minuman, Tembakau"
17,Guatemala,21950.0,2023,,Gula dan kembang gula,IV,"Makanan Olahan, Minuman, Tembakau"
17,Guinea,803530.0,2023,,Gula dan kembang gula,IV,"Makanan Olahan, Minuman, Tembakau"
17,Honduras,7976.0,2023,,Gula dan kembang gula,IV,"Makanan Olahan, Minuman, Tembakau"
17,Hong Kong,2007648.9700000002,2023,,Gula dan kembang gula,IV,"Makanan Olahan, Minuman, Tembakau"
17,Hungary,96123.8,2023,,Gula dan kembang gula,IV,"Makanan Olahan, Minuman, Tembakau"
17,India,3067836.05,2023,,Gula dan kembang gula,IV,"Makanan Olahan, Minuman, Tembakau"
17,Iraq,313953.01,2023,,Gula dan kembang gula,IV,"Makanan Olahan, Minuman, Tembakau"
17,Israel,1639425.0499999998,2023,,Gula dan kembang gula,IV,"Makanan Olahan, Minuman, Tembakau"
17,Italy,327689.12,2023,,Gula dan kembang gula,IV,"Makanan Olahan, Minuman, Tembakau"
17,Japan,8202551.5600000005,2023,,Gula dan kembang gula,IV,"Makanan Olahan, Minuman, Tembakau"
17,Jordan,380125.5,2023,,Gula dan kembang gula,IV,"Makanan Olahan, Minuman, Tembakau"
17,Kazakhstan,45892.1,2023,,Gula dan kembang gula,IV,"Makanan Olahan, Minuman, Tembakau"
17,Kenya,461501.31,2023,,Gula dan kembang gula,IV,"Makanan Olahan, Minuman, Tembakau"
17,Kiribati,68130.15000000001,2023,,Gula dan kembang gula,IV,"Makanan Olahan, Minuman, Tembakau"
17,Korea Republic Of,34846274.599999994,2023,,Gula dan kembang gula,IV,"Makanan Olahan, Minuman, Tembakau"
17,Kuwait,2482102.38,2023,,Gula dan kembang gula,IV,"Makanan Olahan, Minuman, Tembakau"
17,Latvia,36204.05,2023,,Gula dan kembang gula,IV,"Makanan Olahan, Minuman, Tembakau"
17,Lebanon,482327.3,2023,,Gula dan kembang gula,IV,"Makanan Olahan, Minuman, Tembakau"
17,Libyan Arab Jamahiriya,864071.02,2023,,Gula dan kembang gula,IV,"Makanan Olahan, Minuman, Tembakau"
17,Lithuania,198519.74,2023,,Gula dan kembang gula,IV,"Makanan Olahan, Minuman, Tembakau"
17,Macau,64620.9,2023,,Gula dan kembang gula,IV,"Makanan Olahan, Minuman, Tembakau"
17,Madagascar,105999.4,2023,,Gula dan kembang gula,IV,"Makanan Olahan, Minuman, Tembakau"
17,Malaysia,28879773.38,2023,,Gula dan kembang gula,IV,"Makanan Olahan, Minuman, Tembakau"
17,Maldives,89917.19,2023,,Gula dan kembang gula,IV,"Makanan Olahan, Minuman, Tembakau"
17,Mali,197661.5,2023,,Gula dan kembang gula,IV,"Makanan Olahan, Minuman, Tembakau"
17,Marshall Islands,11400.52,2023,,Gula dan kembang gula,IV,"Makanan Olahan, Minuman, Tembakau"
17,Mauritania,1350.0,2023,,Gula dan kembang gula,IV,"Makanan Olahan, Minuman, Tembakau"
17,Mauritius,608017.5499999999,2023,,Gula dan kembang gula,IV,"Makanan Olahan, Minuman, Tembakau"
17,Mayotte,950.0,2023,,Gula dan kembang gula,IV,"Makanan Olahan, Minuman, Tembakau"
17,Mexico,1606392.27,2023,,Gula dan kembang gula,IV,"Makanan Olahan, Minuman, Tembakau"
17,Micronesia Fed. States Of,27432.190000000002,2023,,Gula dan kembang gula,IV,"Makanan Olahan, Minuman, Tembakau"
17,Mongolia,119294.62,2023,,Gula dan kembang gula,IV,"Makanan Olahan, Minuman, Tembakau"
17,Morocco,203243.29,2023,,Gula dan kembang gula,IV,"Makanan Olahan, Minuman, Tembakau"
17,Mozambique,68570.25,2023,,Gula dan kembang gula,IV,"Makanan Olahan, Minuman, Tembakau"
17,Myanmar,792395.9199999999,2023,,Gula dan kembang gula,IV,"Makanan Olahan, Minuman, Tembakau"
17,Nepal,39496.84,2023,,Gula dan kembang gula,IV,"Makanan Olahan, Minuman, Tembakau"
17,Netherlands,4330742.17,2023,,Gula dan kembang gula,IV,"Makanan Olahan, Minuman, Tembakau"
17,New Zealand,1581916.27,2023,,Gula dan kembang gula,IV,"Makanan Olahan, Minuman, Tembakau"
17,Niger,2645607.56,2023,,Gula dan kembang gula,IV,"Makanan Olahan, Minuman, Tembakau"
17,Nigeria,700915.48,2023,,Gula dan kembang gula,IV,"Makanan Olahan, Minuman, Tembakau"
17,Northern Mariana Islands,11184.189999999999,2023,,Gula dan kembang gula,IV,"Makanan Olahan, Minuman, Tembakau"
17,Norway,50806.3,2023,,Gula dan kembang gula,IV,"Makanan Olahan, Minuman, Tembakau"
17,Oman,498371.64999999997,2023,,Gula dan kembang gula,IV,"Makanan Olahan, Minuman, Tembakau"
17,Pakistan,632814.4400000001,2023,,Gula dan kembang gula,IV,"Makanan Olahan, Minuman, Tembakau"
17,Palestina,29755.15,2023,,Gula dan kembang gula,IV,"Makanan Olahan, Minuman, Tembakau"
17,Panama,144114.7,2023,,Gula dan kembang gula,IV,"Makanan Olahan, Minuman, Tembakau"
17,Papua New Guinea,143129.83000000002,2023,,Gula dan kembang gula,IV,"Makanan Olahan, Minuman, Tembakau"
17,Paraguay,6100.0,2023,,Gula dan kembang gula,IV,"Makanan Olahan, Minuman, Tembakau"
17,Peru,213453.41999999998,2023,,Gula dan kembang gula,IV,"Makanan Olahan, Minuman, Tembakau"
17,Philippines,107110359.80000001,2023,,Gula dan kembang gula,IV,"Makanan Olahan, Minuman, Tembakau"
17,Poland,258943.87,2023,,Gula dan kembang gula,IV,"Makanan Olahan, Minuman, Tembakau"
17,Portugal,162892.0,2023,,Gula dan kembang gula,IV,"Makanan Olahan, Minuman, Tembakau"
17,Puerto Rico,2426981.37,2023,,Gula dan kembang gula,IV,"Makanan Olahan, Minuman, Tembakau"
17,Qatar,752337.31,2023,,Gula dan kembang gula,IV,"Makanan Olahan, Minuman, Tembakau"
17,Reunion,9600.0,2023,,Gula dan kembang gula,IV,"Makanan Olahan, Minuman, Tembakau"
17,Romania,40741.52,2023,,Gula dan kembang gula,IV,"Makanan Olahan, Minuman, Tembakau"
17,Russia Federation,1575973.06,2023,,Gula dan kembang gula,IV,"Makanan Olahan, Minuman, Tembakau"
17,Samoa,265634.31,2023,,Gula dan kembang gula,IV,"Makanan Olahan, Minuman, Tembakau"
17,Saudi Arabia,6614542.16,2023,,Gula dan kembang gula,IV,"Makanan Olahan, Minuman, Tembakau"
17,Serbia,33972.3,2023,,Gula dan kembang gula,IV,"Makanan Olahan, Minuman, Tembakau"
17,Seychelles,35640.17,2023,,Gula dan kembang gula,IV,"Makanan Olahan, Minuman, Tembakau"
17,Sierra Leone,910544.0,2023,,Gula dan kembang gula,IV,"Makanan Olahan, Minuman, Tembakau"
17,Singapore,7729488.68,2023,,Gula dan kembang gula,IV,"Makanan Olahan, Minuman, Tembakau"
17,Slovakia,35770.0,2023,,Gula dan kembang gula,IV,"Makanan Olahan, Minuman, Tembakau"
17,Slovenia,70080.24,2023,,Gula dan kembang gula,IV,"Makanan Olahan, Minuman, Tembakau"
17,Solomon Islands,468228.8,2023,,Gula dan kembang gula,IV,"Makanan Olahan, Minuman, Tembakau"
17,Somalia,1162583.79,2023,,Gula dan kembang gula,IV,"Makanan Olahan, Minuman, Tembakau"
17,South Africa,448480.88,2023,,Gula dan kembang gula,IV,"Makanan Olahan, Minuman, Tembakau"
17,Spain,415782.89,2023,,Gula dan kembang gula,IV,"Makanan Olahan, Minuman, Tembakau"
17,Sri Lanka,2001929.0,2023,,Gula dan kembang gula,IV,"Makanan Olahan, Minuman, Tembakau"
17,Suriname,25172.0,2023,,Gula dan kembang gula,IV,"Makanan Olahan, Minuman, Tembakau"
17,Swaziland,526.36,2023,,Gula dan kembang gula,IV,"Makanan Olahan, Minuman, Tembakau"
17,Sweden,117889.9,2023,,Gula dan kembang gula,IV,"Makanan Olahan, Minuman, Tembakau"
17,Switzerland,182.27,2023,,Gula dan kembang gula,IV,"Makanan Olahan, Minuman, Tembakau"
17,Taiwan,8089150.53,2023,,Gula dan kembang gula,IV,"Makanan Olahan, Minuman, Tembakau"
17,Tanzania United Rep. Of,450.0,2023,,Gula dan kembang gula,IV,"Makanan Olahan, Minuman, Tembakau"
17,Thailand,69927432.92,2023,,Gula dan kembang gula,IV,"Makanan Olahan, Minuman, Tembakau"
17,Togo,143489.52000000002,2023,,Gula dan kembang gula,IV,"Makanan Olahan, Minuman, Tembakau"
17,Tonga,201955.75,2023,,Gula dan kembang gula,IV,"Makanan Olahan, Minuman, Tembakau"
17,Trinidad And Tobago,21250.0,2023,,Gula dan kembang gula,IV,"Makanan Olahan, Minuman, Tembakau"
17,Tunisia,45841.130000000005,2023,,Gula dan kembang gula,IV,"Makanan Olahan, Minuman, Tembakau"
17,Turkey,226540.62,2023,,Gula dan kembang gula,IV,"Makanan Olahan, Minuman, Tembakau"
17,Tuvalu,2551.9,2023,,Gula dan kembang gula,IV,"Makanan Olahan, Minuman, Tembakau"
17,Uganda,81663.01000000001,2023,,Gula dan kembang gula,IV,"Makanan Olahan, Minuman, Tembakau"
17,United Arab Emirates,7486392.83,2023,,Gula dan kembang gula,IV,"Makanan Olahan, Minuman, Tembakau"
17,United Kingdom,4234628.359999999,2023,,Gula dan kembang gula,IV,"Makanan Olahan, Minuman, Tembakau"
17,United States,61456976.86,2023,,Gula dan kembang gula,IV,"Makanan Olahan, Minuman, Tembakau"
17,Uzbekistan,3024.0,2023,,Gula dan kembang gula,IV,"Makanan Olahan, Minuman, Tembakau"
17,Vanuatu,226509.37,2023,,Gula dan kembang gula,IV,"Makanan Olahan, Minuman, Tembakau"
17,Viet Nam,87258118.75000001,2023,,Gula dan kembang gula,IV,"Makanan Olahan, Minuman, Tembakau"
17,Yemen,284660.48,2023,,Gula dan kembang gula,IV,"Makanan Olahan, Minuman, Tembakau"
18,Albania,26768.0,2023,,Kakao dan olahannya,IV,"Makanan Olahan, Minuman, Tembakau"
18,Algeria,1645408.64,2023,,Kakao dan olahannya,IV,"Makanan Olahan, Minuman, Tembakau"
18,American Samoa,2700.0,2023,,Kakao dan olahannya,IV,"Makanan Olahan, Minuman, Tembakau"
18,Angola,417632.0,2023,,Kakao dan olahannya,IV,"Makanan Olahan, Minuman, Tembakau"
18,Argentina,82860.0,2023,,Kakao dan olahannya,IV,"Makanan Olahan, Minuman, Tembakau"
18,Australia,67817489.38,2023,,Kakao dan olahannya,IV,"Makanan Olahan, Minuman, Tembakau"
18,Azerbaijan,73661.0,2023,,Kakao dan olahannya,IV,"Makanan Olahan, Minuman, Tembakau"
18,Bahrain,387478.5,2023,,Kakao dan olahannya,IV,"Makanan Olahan, Minuman, Tembakau"
18,Bangladesh,1410337.45,2023,,Kakao dan olahannya,IV,"Makanan Olahan, Minuman, Tembakau"
18,Belarus,27555.94,2023,,Kakao dan olahannya,IV,"Makanan Olahan, Minuman, Tembakau"
18,Belgium,305693.24,2023,,Kakao dan olahannya,IV,"Makanan Olahan, Minuman, Tembakau"
18,Brazil,22652218.22,2023,,Kakao dan olahannya,IV,"Makanan Olahan, Minuman, Tembakau"
18,Brunei Darussalam,326895.74000000005,2023,,Kakao dan olahannya,IV,"Makanan Olahan, Minuman, Tembakau"
18,Bulgaria,3194389.4,2023,,Kakao dan olahannya,IV,"Makanan Olahan, Minuman, Tembakau"
18,Cambodia,222242.97,2023,,Kakao dan olahannya,IV,"Makanan Olahan, Minuman, Tembakau"
18,Cameroon,206066.5,2023,,Kakao dan olahannya,IV,"Makanan Olahan, Minuman, Tembakau"
18,Canada,28925960.19,2023,,Kakao dan olahannya,IV,"Makanan Olahan, Minuman, Tembakau"
18,Chile,3593815.6,2023,,Kakao dan olahannya,IV,"Makanan Olahan, Minuman, Tembakau"
18,China,149008968.43,2023,,Kakao dan olahannya,IV,"Makanan Olahan, Minuman, Tembakau"
18,Colombia,52500.0,2023,,Kakao dan olahannya,IV,"Makanan Olahan, Minuman, Tembakau"
18,Cote Divoire,1530.0,2023,,Kakao dan olahannya,IV,"Makanan Olahan, Minuman, Tembakau"
18,Croatia,271220.0,2023,,Kakao dan olahannya,IV,"Makanan Olahan, Minuman, Tembakau"
18,Denmark,172458.0,2023,,Kakao dan olahannya,IV,"Makanan Olahan, Minuman, Tembakau"
18,Djibouti,68285.0,2023,,Kakao dan olahannya,IV,"Makanan Olahan, Minuman, Tembakau"
18,Dominican Republic,40002.75,2023,,Kakao dan olahannya,IV,"Makanan Olahan, Minuman, Tembakau"
18,East Timor,644904.3999999999,2023,,Kakao dan olahannya,IV,"Makanan Olahan, Minuman, Tembakau"
18,Egypt,8133898.91,2023,,Kakao dan olahannya,IV,"Makanan Olahan, Minuman, Tembakau"
18,Estonia,76638414.4,2023,,Kakao dan olahannya,IV,"Makanan Olahan, Minuman, Tembakau"
18,Ethiopia,76835.48,2023,,Kakao dan olahannya,IV,"Makanan Olahan, Minuman, Tembakau"
18,Fiji,496414.62,2023,,Kakao dan olahannya,IV,"Makanan Olahan, Minuman, Tembakau"
18,Finland,20130900.2,2023,,Kakao dan olahannya,IV,"Makanan Olahan, Minuman, Tembakau"
18,France,12556727.48,2023,,Kakao dan olahannya,IV,"Makanan Olahan, Minuman, Tembakau"
18,Georgia,37187.5,2023,,Kakao dan olahannya,IV,"Makanan Olahan, Minuman, Tembakau"
18,Germany Fed. Rep. Of,6558999.32,2023,,Kakao dan olahannya,IV,"Makanan Olahan, Minuman, Tembakau"
18,Ghana,53746.96,2023,,Kakao dan olahannya,IV,"Makanan Olahan, Minuman, Tembakau"
18,Greece,399246.6,2023,,Kakao dan olahannya,IV,"Makanan Olahan, Minuman, Tembakau"
18,Guatemala,2100.0,2023,,Kakao dan olahannya,IV,"Makanan Olahan, Minuman, Tembakau"
18,Guyana,3800.0,2023,,Kakao dan olahannya,IV,"Makanan Olahan, Minuman, Tembakau"
18,Hong Kong,584734.2999999999,2023,,Kakao dan olahannya,IV,"Makanan Olahan, Minuman, Tembakau"
18,Hungary,139256.27000000002,2023,,Kakao dan olahannya,IV,"Makanan Olahan, Minuman, Tembakau"
18,India,210039545.55,2023,,Kakao dan olahannya,IV,"Makanan Olahan, Minuman, Tembakau"
18,Iran (Islamic Republic Of),2529656.4299999997,2023,,Kakao dan olahannya,IV,"Makanan Olahan, Minuman, Tembakau"
18,Iraq,740280.6,2023,,Kakao dan olahannya,IV,"Makanan Olahan, Minuman, Tembakau"
18,Ireland,20324.2,2023,,Kakao dan olahannya,IV,"Makanan Olahan, Minuman, Tembakau"
18,Israel,3935684.4,2023,,Kakao dan olahannya,IV,"Makanan Olahan, Minuman, Tembakau"
18,Italy,1500.0,2023,,Kakao dan olahannya,IV,"Makanan Olahan, Minuman, Tembakau"
18,Japan,25607493.580000002,2023,,Kakao dan olahannya,IV,"Makanan Olahan, Minuman, Tembakau"
18,Jordan,215660.85,2023,,Kakao dan olahannya,IV,"Makanan Olahan, Minuman, Tembakau"
18,Kenya,542196.3,2023,,Kakao dan olahannya,IV,"Makanan Olahan, Minuman, Tembakau"
18,Kiribati,7193.65,2023,,Kakao dan olahannya,IV,"Makanan Olahan, Minuman, Tembakau"
18,Korea Republic Of,5145490.36,2023,,Kakao dan olahannya,IV,"Makanan Olahan, Minuman, Tembakau"
18,Kuwait,1041549.7,2023,,Kakao dan olahannya,IV,"Makanan Olahan, Minuman, Tembakau"
18,Lebanon,1156712.47,2023,,Kakao dan olahannya,IV,"Makanan Olahan, Minuman, Tembakau"
18,Libyan Arab Jamahiriya,125834.56,2023,,Kakao dan olahannya,IV,"Makanan Olahan, Minuman, Tembakau"
18,Lithuania,327571.88,2023,,Kakao dan olahannya,IV,"Makanan Olahan, Minuman, Tembakau"
18,Macau,29489.57,2023,,Kakao dan olahannya,IV,"Makanan Olahan, Minuman, Tembakau"
18,Madagascar,94500.87999999999,2023,,Kakao dan olahannya,IV,"Makanan Olahan, Minuman, Tembakau"
18,Malaysia,103130603.30000001,2023,,Kakao dan olahannya,IV,"Makanan Olahan, Minuman, Tembakau"
18,Maldives,200022.08,2023,,Kakao dan olahannya,IV,"Makanan Olahan, Minuman, Tembakau"
18,Marshall Islands,8284.85,2023,,Kakao dan olahannya,IV,"Makanan Olahan, Minuman, Tembakau"
18,Mauritania,42330.0,2023,,Kakao dan olahannya,IV,"Makanan Olahan, Minuman, Tembakau"
18,Mauritius,9255.5,2023,,Kakao dan olahannya,IV,"Makanan Olahan, Minuman, Tembakau"
18,Mexico,21233112.060000002,2023,,Kakao dan olahannya,IV,"Makanan Olahan, Minuman, Tembakau"
18,Micronesia Fed. States Of,2279.8799999999997,2023,,Kakao dan olahannya,IV,"Makanan Olahan, Minuman, Tembakau"
18,Morocco,255703.59,2023,,Kakao dan olahannya,IV,"Makanan Olahan, Minuman, Tembakau"
18,Myanmar,28479.2,2023,,Kakao dan olahannya,IV,"Makanan Olahan, Minuman, Tembakau"
18,Nepal,36823.75,2023,,Kakao dan olahannya,IV,"Makanan Olahan, Minuman, Tembakau"
18,Netherlands,38446974.620000005,2023,,Kakao dan olahannya,IV,"Makanan Olahan, Minuman, Tembakau"
18,New Zealand,14848974.11,2023,,Kakao dan olahannya,IV,"Makanan Olahan, Minuman, Tembakau"
18,Nigeria,258035.94,2023,,Kakao dan olahannya,IV,"Makanan Olahan, Minuman, Tembakau"
18,Oman,130973.71,2023,,Kakao dan olahannya,IV,"Makanan Olahan, Minuman, Tembakau"
18,Pakistan,13789495.29,2023,,Kakao dan olahannya,IV,"Makanan Olahan, Minuman, Tembakau"
18,Papua New Guinea,172940.68,2023,,Kakao dan olahannya,IV,"Makanan Olahan, Minuman, Tembakau"
18,Philippines,35164763.82,2023,,Kakao dan olahannya,IV,"Makanan Olahan, Minuman, Tembakau"
18,Poland,1787097.28,2023,,Kakao dan olahannya,IV,"Makanan Olahan, Minuman, Tembakau"
18,Portugal,80700.0,2023,,Kakao dan olahannya,IV,"Makanan Olahan, Minuman, Tembakau"
18,Qatar,814434.92,2023,,Kakao dan olahannya,IV,"Makanan Olahan, Minuman, Tembakau"
18,Romania,98575.0,2023,,Kakao dan olahannya,IV,"Makanan Olahan, Minuman, Tembakau"
18,Russia Federation,28101141.96,2023,,Kakao dan olahannya,IV,"Makanan Olahan, Minuman, Tembakau"
18,Samoa,150798.80000000002,2023,,Kakao dan olahannya,IV,"Makanan Olahan, Minuman, Tembakau"
18,Saudi Arabia,4435965.38,2023,,Kakao dan olahannya,IV,"Makanan Olahan, Minuman, Tembakau"
18,Singapore,17837676.14,2023,,Kakao dan olahannya,IV,"Makanan Olahan, Minuman, Tembakau"
18,Slovenia,59925.0,2023,,Kakao dan olahannya,IV,"Makanan Olahan, Minuman, Tembakau"
18,Solomon Islands,125587.8,2023,,Kakao dan olahannya,IV,"Makanan Olahan, Minuman, Tembakau"
18,South Africa,14517665.68,2023,,Kakao dan olahannya,IV,"Makanan Olahan, Minuman, Tembakau"
18,Spain,14658723.830000002,2023,,Kakao dan olahannya,IV,"Makanan Olahan, Minuman, Tembakau"
18,Sri Lanka,1175197.9000000001,2023,,Kakao dan olahannya,IV,"Makanan Olahan, Minuman, Tembakau"
18,Switzerland,75135.62,2023,,Kakao dan olahannya,IV,"Makanan Olahan, Minuman, Tembakau"
18,Syria Arab Republic,181472.0,2023,,Kakao dan olahannya,IV,"Makanan Olahan, Minuman, Tembakau"
18,Taiwan,1022048.95,2023,,Kakao dan olahannya,IV,"Makanan Olahan, Minuman, Tembakau"
18,Tajikistan,5000.0,2023,,Kakao dan olahannya,IV,"Makanan Olahan, Minuman, Tembakau"
18,Tanzania United Rep. Of,250029.5,2023,,Kakao dan olahannya,IV,"Makanan Olahan, Minuman, Tembakau"
18,Thailand,21347194.27,2023,,Kakao dan olahannya,IV,"Makanan Olahan, Minuman, Tembakau"
18,Togo,8575.0,2023,,Kakao dan olahannya,IV,"Makanan Olahan, Minuman, Tembakau"
18,Tonga,57312.44,2023,,Kakao dan olahannya,IV,"Makanan Olahan, Minuman, Tembakau"
18,Turkey,9245252.83,2023,,Kakao dan olahannya,IV,"Makanan Olahan, Minuman, Tembakau"
18,Turkmenistan,21420.0,2023,,Kakao dan olahannya,IV,"Makanan Olahan, Minuman, Tembakau"
18,Uganda,687.0,2023,,Kakao dan olahannya,IV,"Makanan Olahan, Minuman, Tembakau"
18,United Arab Emirates,11759166.01,2023,,Kakao dan olahannya,IV,"Makanan Olahan, Minuman, Tembakau"
18,United Kingdom,3391.23,2023,,Kakao dan olahannya,IV,"Makanan Olahan, Minuman, Tembakau"
18,United States,173918030.53,2023,,Kakao dan olahannya,IV,"Makanan Olahan, Minuman, Tembakau"
18,Uruguay,110205.97,2023,,Kakao dan olahannya,IV,"Makanan Olahan, Minuman, Tembakau"
18,Uzbekistan,104035.79,2023,,Kakao dan olahannya,IV,"Makanan Olahan, Minuman, Tembakau"
18,Vanuatu,69571.37,2023,,Kakao dan olahannya,IV,"Makanan Olahan, Minuman, Tembakau"
18,Viet Nam,8859789.45,2023,,Kakao dan olahannya,IV,"Makanan Olahan, Minuman, Tembakau"
18,Yemen,59866.0,2023,,Kakao dan olahannya,IV,"Makanan Olahan, Minuman, Tembakau"
18,Zambia,42585.0,2023,,Kakao dan olahannya,IV,"Makanan Olahan, Minuman, Tembakau"
19,Albania,238998.05,2023,,"Olahan serealia, tepung, pati",IV,"Makanan Olahan, Minuman, Tembakau"
19,Algeria,156492.0,2023,,"Olahan serealia, tepung, pati",IV,"Makanan Olahan, Minuman, Tembakau"
19,American Samoa,93880.35,2023,,"Olahan serealia, tepung, pati",IV,"Makanan Olahan, Minuman, Tembakau"
19,Angola,124179.96,2023,,"Olahan serealia, tepung, pati",IV,"Makanan Olahan, Minuman, Tembakau"
19,Argentina,98564.16,2023,,"Olahan serealia, tepung, pati",IV,"Makanan Olahan, Minuman, Tembakau"
19,Armenia,48470.0,2023,,"Olahan serealia, tepung, pati",IV,"Makanan Olahan, Minuman, Tembakau"
19,Australia,77580377.72,2023,,"Olahan serealia, tepung, pati",IV,"Makanan Olahan, Minuman, Tembakau"
19,Austria,10279.44,2023,,"Olahan serealia, tepung, pati",IV,"Makanan Olahan, Minuman, Tembakau"
19,Azerbaijan,5619.05,2023,,"Olahan serealia, tepung, pati",IV,"Makanan Olahan, Minuman, Tembakau"
19,Bahrain,2280144.25,2023,,"Olahan serealia, tepung, pati",IV,"Makanan Olahan, Minuman, Tembakau"
19,Bangladesh,406331.67,2023,,"Olahan serealia, tepung, pati",IV,"Makanan Olahan, Minuman, Tembakau"
19,Barbados,47634.5,2023,,"Olahan serealia, tepung, pati",IV,"Makanan Olahan, Minuman, Tembakau"
19,Belgium,147329.93,2023,,"Olahan serealia, tepung, pati",IV,"Makanan Olahan, Minuman, Tembakau"
19,Benin,11356.19,2023,,"Olahan serealia, tepung, pati",IV,"Makanan Olahan, Minuman, Tembakau"
19,Brazil,489253.73,2023,,"Olahan serealia, tepung, pati",IV,"Makanan Olahan, Minuman, Tembakau"
19,Brunei Darussalam,8947702.099999998,2023,,"Olahan serealia, tepung, pati",IV,"Makanan Olahan, Minuman, Tembakau"
19,Cambodia,62612162.8,2023,,"Olahan serealia, tepung, pati",IV,"Makanan Olahan, Minuman, Tembakau"
19,Cameroon,1225.0,2023,,"Olahan serealia, tepung, pati",IV,"Makanan Olahan, Minuman, Tembakau"
19,Canada,6762199.33,2023,,"Olahan serealia, tepung, pati",IV,"Makanan Olahan, Minuman, Tembakau"
19,Cape Verde,26698.75,2023,,"Olahan serealia, tepung, pati",IV,"Makanan Olahan, Minuman, Tembakau"
19,Central African Republic,13992.789999999999,2023,,"Olahan serealia, tepung, pati",IV,"Makanan Olahan, Minuman, Tembakau"
19,Chile,1021185.55,2023,,"Olahan serealia, tepung, pati",IV,"Makanan Olahan, Minuman, Tembakau"
19,China,282068824.63,2023,,"Olahan serealia, tepung, pati",IV,"Makanan Olahan, Minuman, Tembakau"
19,Christmas Islands,4805.2,2023,,"Olahan serealia, tepung, pati",IV,"Makanan Olahan, Minuman, Tembakau"
19,Colombia,2138872.23,2023,,"Olahan serealia, tepung, pati",IV,"Makanan Olahan, Minuman, Tembakau"
19,Congo,58901.59,2023,,"Olahan serealia, tepung, pati",IV,"Makanan Olahan, Minuman, Tembakau"
19,Cook Islands,135027.3,2023,,"Olahan serealia, tepung, pati",IV,"Makanan Olahan, Minuman, Tembakau"
19,Cote Divoire,505290.61,2023,,"Olahan serealia, tepung, pati",IV,"Makanan Olahan, Minuman, Tembakau"
19,Cuba,21558.6,2023,,"Olahan serealia, tepung, pati",IV,"Makanan Olahan, Minuman, Tembakau"
19,Czech Republic,83530.8,2023,,"Olahan serealia, tepung, pati",IV,"Makanan Olahan, Minuman, Tembakau"
19,Democratic Rep. Of The Congo,5292.4,2023,,"Olahan serealia, tepung, pati",IV,"Makanan Olahan, Minuman, Tembakau"
19,Denmark,258000.5,2023,,"Olahan serealia, tepung, pati",IV,"Makanan Olahan, Minuman, Tembakau"
19,Djibouti,3891.29,2023,,"Olahan serealia, tepung, pati",IV,"Makanan Olahan, Minuman, Tembakau"
19,Dominican Republic,13500.0,2023,,"Olahan serealia, tepung, pati",IV,"Makanan Olahan, Minuman, Tembakau"
19,East Timor,34541638.78,2023,,"Olahan serealia, tepung, pati",IV,"Makanan Olahan, Minuman, Tembakau"
19,Ecuador,7.0,2023,,"Olahan serealia, tepung, pati",IV,"Makanan Olahan, Minuman, Tembakau"
19,Egypt,465954.72000000003,2023,,"Olahan serealia, tepung, pati",IV,"Makanan Olahan, Minuman, Tembakau"
19,Equatorial Guinea,151067.74,2023,,"Olahan serealia, tepung, pati",IV,"Makanan Olahan, Minuman, Tembakau"
19,Fiji,2135085.06,2023,,"Olahan serealia, tepung, pati",IV,"Makanan Olahan, Minuman, Tembakau"
19,France,962728.51,2023,,"Olahan serealia, tepung, pati",IV,"Makanan Olahan, Minuman, Tembakau"
19,French Polynesia,204402.75,2023,,"Olahan serealia, tepung, pati",IV,"Makanan Olahan, Minuman, Tembakau"
19,Gabon,1356174.99,2023,,"Olahan serealia, tepung, pati",IV,"Makanan Olahan, Minuman, Tembakau"
19,Gambia,27414.7,2023,,"Olahan serealia, tepung, pati",IV,"Makanan Olahan, Minuman, Tembakau"
19,Georgia,145599.8,2023,,"Olahan serealia, tepung, pati",IV,"Makanan Olahan, Minuman, Tembakau"
19,Germany Fed. Rep. Of,2757572.05,2023,,"Olahan serealia, tepung, pati",IV,"Makanan Olahan, Minuman, Tembakau"
19,Ghana,121025.97,2023,,"Olahan serealia, tepung, pati",IV,"Makanan Olahan, Minuman, Tembakau"
19,Grenada,23844.41,2023,,"Olahan serealia, tepung, pati",IV,"Makanan Olahan, Minuman, Tembakau"
19,Guam,92876.22,2023,,"Olahan serealia, tepung, pati",IV,"Makanan Olahan, Minuman, Tembakau"
19,Guatemala,57875.0,2023,,"Olahan serealia, tepung, pati",IV,"Makanan Olahan, Minuman, Tembakau"
19,Guinea,82870.39,2023,,"Olahan serealia, tepung, pati",IV,"Makanan Olahan, Minuman, Tembakau"
19,Guyana,130268.97,2023,,"Olahan serealia, tepung, pati",IV,"Makanan Olahan, Minuman, Tembakau"
19,Haiti,28328.33,2023,,"Olahan serealia, tepung, pati",IV,"Makanan Olahan, Minuman, Tembakau"
19,Honduras,182956.25,2023,,"Olahan serealia, tepung, pati",IV,"Makanan Olahan, Minuman, Tembakau"
19,Hong Kong,21863558.11,2023,,"Olahan serealia, tepung, pati",IV,"Makanan Olahan, Minuman, Tembakau"
19,Hungary,5886.200000000001,2023,,"Olahan serealia, tepung, pati",IV,"Makanan Olahan, Minuman, Tembakau"
19,India,25450905.63,2023,,"Olahan serealia, tepung, pati",IV,"Makanan Olahan, Minuman, Tembakau"
19,Iran (Islamic Republic Of),42598.6,2023,,"Olahan serealia, tepung, pati",IV,"Makanan Olahan, Minuman, Tembakau"
19,Iraq,10011393.540000001,2023,,"Olahan serealia, tepung, pati",IV,"Makanan Olahan, Minuman, Tembakau"
19,Israel,2656593.14,2023,,"Olahan serealia, tepung, pati",IV,"Makanan Olahan, Minuman, Tembakau"
19,Italy,52114.73,2023,,"Olahan serealia, tepung, pati",IV,"Makanan Olahan, Minuman, Tembakau"
19,Jamaica,51231.62,2023,,"Olahan serealia, tepung, pati",IV,"Makanan Olahan, Minuman, Tembakau"
19,Japan,19372051.29,2023,,"Olahan serealia, tepung, pati",IV,"Makanan Olahan, Minuman, Tembakau"
19,Jordan,9625292.280000001,2023,,"Olahan serealia, tepung, pati",IV,"Makanan Olahan, Minuman, Tembakau"
19,Kazakhstan,46924.9,2023,,"Olahan serealia, tepung, pati",IV,"Makanan Olahan, Minuman, Tembakau"
19,Kenya,689643.61,2023,,"Olahan serealia, tepung, pati",IV,"Makanan Olahan, Minuman, Tembakau"
19,Kiribati,802883.26,2023,,"Olahan serealia, tepung, pati",IV,"Makanan Olahan, Minuman, Tembakau"
19,Korea Republic Of,40201761.42,2023,,"Olahan serealia, tepung, pati",IV,"Makanan Olahan, Minuman, Tembakau"
19,Kuwait,2096741.9,2023,,"Olahan serealia, tepung, pati",IV,"Makanan Olahan, Minuman, Tembakau"
19,Lao Peoples Dem. Rep.,35403.5,2023,,"Olahan serealia, tepung, pati",IV,"Makanan Olahan, Minuman, Tembakau"
19,Latvia,188322.76,2023,,"Olahan serealia, tepung, pati",IV,"Makanan Olahan, Minuman, Tembakau"
19,Lebanon,602585.39,2023,,"Olahan serealia, tepung, pati",IV,"Makanan Olahan, Minuman, Tembakau"
19,Liberia,242115.66,2023,,"Olahan serealia, tepung, pati",IV,"Makanan Olahan, Minuman, Tembakau"
19,Libyan Arab Jamahiriya,1100458.56,2023,,"Olahan serealia, tepung, pati",IV,"Makanan Olahan, Minuman, Tembakau"
19,Lithuania,823836.69,2023,,"Olahan serealia, tepung, pati",IV,"Makanan Olahan, Minuman, Tembakau"
19,Macau,92715.86,2023,,"Olahan serealia, tepung, pati",IV,"Makanan Olahan, Minuman, Tembakau"
19,Madagascar,1397519.39,2023,,"Olahan serealia, tepung, pati",IV,"Makanan Olahan, Minuman, Tembakau"
19,Malaysia,217394997.53,2023,,"Olahan serealia, tepung, pati",IV,"Makanan Olahan, Minuman, Tembakau"
19,Maldives,2545590.14,2023,,"Olahan serealia, tepung, pati",IV,"Makanan Olahan, Minuman, Tembakau"
19,Mali,4300.0,2023,,"Olahan serealia, tepung, pati",IV,"Makanan Olahan, Minuman, Tembakau"
19,Malta,665025.51,2023,,"Olahan serealia, tepung, pati",IV,"Makanan Olahan, Minuman, Tembakau"
19,Marshall Islands,275379.4,2023,,"Olahan serealia, tepung, pati",IV,"Makanan Olahan, Minuman, Tembakau"
19,Mauritania,45339.2,2023,,"Olahan serealia, tepung, pati",IV,"Makanan Olahan, Minuman, Tembakau"
19,Mauritius,4047315.08,2023,,"Olahan serealia, tepung, pati",IV,"Makanan Olahan, Minuman, Tembakau"
19,Mayotte,41171.630000000005,2023,,"Olahan serealia, tepung, pati",IV,"Makanan Olahan, Minuman, Tembakau"
19,Mexico,6201277.390000001,2023,,"Olahan serealia, tepung, pati",IV,"Makanan Olahan, Minuman, Tembakau"
19,Micronesia Fed. States Of,279119.46,2023,,"Olahan serealia, tepung, pati",IV,"Makanan Olahan, Minuman, Tembakau"
19,Mongolia,311145.9,2023,,"Olahan serealia, tepung, pati",IV,"Makanan Olahan, Minuman, Tembakau"
19,Morocco,30855.36,2023,,"Olahan serealia, tepung, pati",IV,"Makanan Olahan, Minuman, Tembakau"
19,Mozambique,100878.39,2023,,"Olahan serealia, tepung, pati",IV,"Makanan Olahan, Minuman, Tembakau"
19,Myanmar,21235608.83,2023,,"Olahan serealia, tepung, pati",IV,"Makanan Olahan, Minuman, Tembakau"
19,Namibia,191784.81,2023,,"Olahan serealia, tepung, pati",IV,"Makanan Olahan, Minuman, Tembakau"
19,Nauru,245873.5,2023,,"Olahan serealia, tepung, pati",IV,"Makanan Olahan, Minuman, Tembakau"
19,Nepal,19459.5,2023,,"Olahan serealia, tepung, pati",IV,"Makanan Olahan, Minuman, Tembakau"
19,Netherlands,21943005.92,2023,,"Olahan serealia, tepung, pati",IV,"Makanan Olahan, Minuman, Tembakau"
19,New Caledonia,700619.29,2023,,"Olahan serealia, tepung, pati",IV,"Makanan Olahan, Minuman, Tembakau"
19,New Zealand,24863629.099999998,2023,,"Olahan serealia, tepung, pati",IV,"Makanan Olahan, Minuman, Tembakau"
19,Nigeria,510728.35,2023,,"Olahan serealia, tepung, pati",IV,"Makanan Olahan, Minuman, Tembakau"
19,Northern Mariana Islands,79914.05,2023,,"Olahan serealia, tepung, pati",IV,"Makanan Olahan, Minuman, Tembakau"
19,Norway,586701.08,2023,,"Olahan serealia, tepung, pati",IV,"Makanan Olahan, Minuman, Tembakau"
19,Oman,2643033.62,2023,,"Olahan serealia, tepung, pati",IV,"Makanan Olahan, Minuman, Tembakau"
19,Pakistan,5003669.8,2023,,"Olahan serealia, tepung, pati",IV,"Makanan Olahan, Minuman, Tembakau"
19,Palau,1327.05,2023,,"Olahan serealia, tepung, pati",IV,"Makanan Olahan, Minuman, Tembakau"
19,Palestina,129430.28,2023,,"Olahan serealia, tepung, pati",IV,"Makanan Olahan, Minuman, Tembakau"
19,Panama,676542.46,2023,,"Olahan serealia, tepung, pati",IV,"Makanan Olahan, Minuman, Tembakau"
19,Papua New Guinea,12681855.94,2023,,"Olahan serealia, tepung, pati",IV,"Makanan Olahan, Minuman, Tembakau"
19,Paraguay,62573.0,2023,,"Olahan serealia, tepung, pati",IV,"Makanan Olahan, Minuman, Tembakau"
19,Peru,99979.6,2023,,"Olahan serealia, tepung, pati",IV,"Makanan Olahan, Minuman, Tembakau"
19,Philippines,137714071.82999998,2023,,"Olahan serealia, tepung, pati",IV,"Makanan Olahan, Minuman, Tembakau"
19,Poland,110430.48000000001,2023,,"Olahan serealia, tepung, pati",IV,"Makanan Olahan, Minuman, Tembakau"
19,Portugal,5.04,2023,,"Olahan serealia, tepung, pati",IV,"Makanan Olahan, Minuman, Tembakau"
19,Qatar,2457768.34,2023,,"Olahan serealia, tepung, pati",IV,"Makanan Olahan, Minuman, Tembakau"
19,Reunion,32328.63,2023,,"Olahan serealia, tepung, pati",IV,"Makanan Olahan, Minuman, Tembakau"
19,Romania,826.55,2023,,"Olahan serealia, tepung, pati",IV,"Makanan Olahan, Minuman, Tembakau"
19,Russia Federation,822247.4,2023,,"Olahan serealia, tepung, pati",IV,"Makanan Olahan, Minuman, Tembakau"
19,Samoa,1719743.46,2023,,"Olahan serealia, tepung, pati",IV,"Makanan Olahan, Minuman, Tembakau"
19,Saudi Arabia,18790056.74,2023,,"Olahan serealia, tepung, pati",IV,"Makanan Olahan, Minuman, Tembakau"
19,Senegal,66672.26,2023,,"Olahan serealia, tepung, pati",IV,"Makanan Olahan, Minuman, Tembakau"
19,Seychelles,642283.8999999999,2023,,"Olahan serealia, tepung, pati",IV,"Makanan Olahan, Minuman, Tembakau"
19,Sierra Leone,76079.2,2023,,"Olahan serealia, tepung, pati",IV,"Makanan Olahan, Minuman, Tembakau"
19,Singapore,27824704.28,2023,,"Olahan serealia, tepung, pati",IV,"Makanan Olahan, Minuman, Tembakau"
19,Solomon Islands,4748715.7,2023,,"Olahan serealia, tepung, pati",IV,"Makanan Olahan, Minuman, Tembakau"
19,Somalia,825266.86,2023,,"Olahan serealia, tepung, pati",IV,"Makanan Olahan, Minuman, Tembakau"
19,South Africa,7182853.82,2023,,"Olahan serealia, tepung, pati",IV,"Makanan Olahan, Minuman, Tembakau"
19,Spain,2154914.17,2023,,"Olahan serealia, tepung, pati",IV,"Makanan Olahan, Minuman, Tembakau"
19,Sri Lanka,1603794.58,2023,,"Olahan serealia, tepung, pati",IV,"Makanan Olahan, Minuman, Tembakau"
19,Suriname,629414.76,2023,,"Olahan serealia, tepung, pati",IV,"Makanan Olahan, Minuman, Tembakau"
19,Sweden,85545.21,2023,,"Olahan serealia, tepung, pati",IV,"Makanan Olahan, Minuman, Tembakau"
19,Switzerland,1281.06,2023,,"Olahan serealia, tepung, pati",IV,"Makanan Olahan, Minuman, Tembakau"
19,Taiwan,31678473.330000002,2023,,"Olahan serealia, tepung, pati",IV,"Makanan Olahan, Minuman, Tembakau"
19,Tanzania United Rep. Of,97387.05,2023,,"Olahan serealia, tepung, pati",IV,"Makanan Olahan, Minuman, Tembakau"
19,Thailand,100310615.98,2023,,"Olahan serealia, tepung, pati",IV,"Makanan Olahan, Minuman, Tembakau"
19,Togo,51439.14,2023,,"Olahan serealia, tepung, pati",IV,"Makanan Olahan, Minuman, Tembakau"
19,Tonga,2989965.1899999995,2023,,"Olahan serealia, tepung, pati",IV,"Makanan Olahan, Minuman, Tembakau"
19,Trinidad And Tobago,58800.6,2023,,"Olahan serealia, tepung, pati",IV,"Makanan Olahan, Minuman, Tembakau"
19,Tunisia,6.56,2023,,"Olahan serealia, tepung, pati",IV,"Makanan Olahan, Minuman, Tembakau"
19,Turkey,345485.09,2023,,"Olahan serealia, tepung, pati",IV,"Makanan Olahan, Minuman, Tembakau"
19,Tuvalu,7747.4,2023,,"Olahan serealia, tepung, pati",IV,"Makanan Olahan, Minuman, Tembakau"
19,Uganda,7409.860000000001,2023,,"Olahan serealia, tepung, pati",IV,"Makanan Olahan, Minuman, Tembakau"
19,United Arab Emirates,18185179.189999998,2023,,"Olahan serealia, tepung, pati",IV,"Makanan Olahan, Minuman, Tembakau"
19,United Kingdom,4532631.08,2023,,"Olahan serealia, tepung, pati",IV,"Makanan Olahan, Minuman, Tembakau"
19,United States,53703201.12,2023,,"Olahan serealia, tepung, pati",IV,"Makanan Olahan, Minuman, Tembakau"
19,Uzbekistan,105360.28,2023,,"Olahan serealia, tepung, pati",IV,"Makanan Olahan, Minuman, Tembakau"
19,Vanuatu,960483.42,2023,,"Olahan serealia, tepung, pati",IV,"Makanan Olahan, Minuman, Tembakau"
19,Viet Nam,117285354.98,2023,,"Olahan serealia, tepung, pati",IV,"Makanan Olahan, Minuman, Tembakau"
19,Yemen,6262917.0,2023,,"Olahan serealia, tepung, pati",IV,"Makanan Olahan, Minuman, Tembakau"
20,Algeria,35697.3,2023,,Olahan sayuran dan buah,IV,"Makanan Olahan, Minuman, Tembakau"
20,Argentina,1627453.92,2023,,Olahan sayuran dan buah,IV,"Makanan Olahan, Minuman, Tembakau"
20,Australia,15409330.21,2023,,Olahan sayuran dan buah,IV,"Makanan Olahan, Minuman, Tembakau"
20,Austria,1176539.6,2023,,Olahan sayuran dan buah,IV,"Makanan Olahan, Minuman, Tembakau"
20,Bahrain,226081.85,2023,,Olahan sayuran dan buah,IV,"Makanan Olahan, Minuman, Tembakau"
20,Belgium,1391607.86,2023,,Olahan sayuran dan buah,IV,"Makanan Olahan, Minuman, Tembakau"
20,Brazil,91518.75,2023,,Olahan sayuran dan buah,IV,"Makanan Olahan, Minuman, Tembakau"
20,Brunei Darussalam,522422.62,2023,,Olahan sayuran dan buah,IV,"Makanan Olahan, Minuman, Tembakau"
20,Bulgaria,19581.75,2023,,Olahan sayuran dan buah,IV,"Makanan Olahan, Minuman, Tembakau"
20,Cambodia,253957.3,2023,,Olahan sayuran dan buah,IV,"Makanan Olahan, Minuman, Tembakau"
20,Canada,4297139.6,2023,,Olahan sayuran dan buah,IV,"Makanan Olahan, Minuman, Tembakau"
20,Central African Republic,7.84,2023,,Olahan sayuran dan buah,IV,"Makanan Olahan, Minuman, Tembakau"
20,Chile,313771.12,2023,,Olahan sayuran dan buah,IV,"Makanan Olahan, Minuman, Tembakau"
20,China,40036568.489999995,2023,,Olahan sayuran dan buah,IV,"Makanan Olahan, Minuman, Tembakau"
20,Christmas Islands,15.23,2023,,Olahan sayuran dan buah,IV,"Makanan Olahan, Minuman, Tembakau"
20,Colombia,23562.5,2023,,Olahan sayuran dan buah,IV,"Makanan Olahan, Minuman, Tembakau"
20,Cote Divoire,825.0,2023,,Olahan sayuran dan buah,IV,"Makanan Olahan, Minuman, Tembakau"
20,Croatia,410066.6,2023,,Olahan sayuran dan buah,IV,"Makanan Olahan, Minuman, Tembakau"
20,Czech Republic,109915.0,2023,,Olahan sayuran dan buah,IV,"Makanan Olahan, Minuman, Tembakau"
20,Denmark,829304.3,2023,,Olahan sayuran dan buah,IV,"Makanan Olahan, Minuman, Tembakau"
20,Dominican Republic,47520.0,2023,,Olahan sayuran dan buah,IV,"Makanan Olahan, Minuman, Tembakau"
20,East Timor,1475313.55,2023,,Olahan sayuran dan buah,IV,"Makanan Olahan, Minuman, Tembakau"
20,Egypt,186040.4,2023,,Olahan sayuran dan buah,IV,"Makanan Olahan, Minuman, Tembakau"
20,Fiji,615576.5,2023,,Olahan sayuran dan buah,IV,"Makanan Olahan, Minuman, Tembakau"
20,Finland,1955083.0,2023,,Olahan sayuran dan buah,IV,"Makanan Olahan, Minuman, Tembakau"
20,France,6557165.71,2023,,Olahan sayuran dan buah,IV,"Makanan Olahan, Minuman, Tembakau"
20,Germany Fed. Rep. Of,14337090.290000001,2023,,Olahan sayuran dan buah,IV,"Makanan Olahan, Minuman, Tembakau"
20,Greece,769267.2,2023,,Olahan sayuran dan buah,IV,"Makanan Olahan, Minuman, Tembakau"
20,Guam,721.8,2023,,Olahan sayuran dan buah,IV,"Makanan Olahan, Minuman, Tembakau"
20,Guinea,275.0,2023,,Olahan sayuran dan buah,IV,"Makanan Olahan, Minuman, Tembakau"
20,Hong Kong,2805539.94,2023,,Olahan sayuran dan buah,IV,"Makanan Olahan, Minuman, Tembakau"
20,Hungary,53388.0,2023,,Olahan sayuran dan buah,IV,"Makanan Olahan, Minuman, Tembakau"
20,India,1737805.5299999998,2023,,Olahan sayuran dan buah,IV,"Makanan Olahan, Minuman, Tembakau"
20,Iraq,21222.0,2023,,Olahan sayuran dan buah,IV,"Makanan Olahan, Minuman, Tembakau"
20,Ireland,138257.65,2023,,Olahan sayuran dan buah,IV,"Makanan Olahan, Minuman, Tembakau"
20,Israel,709599.77,2023,,Olahan sayuran dan buah,IV,"Makanan Olahan, Minuman, Tembakau"
20,Italy,4136736.7,2023,,Olahan sayuran dan buah,IV,"Makanan Olahan, Minuman, Tembakau"
20,Japan,22333586.189999998,2023,,Olahan sayuran dan buah,IV,"Makanan Olahan, Minuman, Tembakau"
20,Jordan,1532324.81,2023,,Olahan sayuran dan buah,IV,"Makanan Olahan, Minuman, Tembakau"
20,Kazakhstan,568425.0,2023,,Olahan sayuran dan buah,IV,"Makanan Olahan, Minuman, Tembakau"
20,Kenya,262122.85,2023,,Olahan sayuran dan buah,IV,"Makanan Olahan, Minuman, Tembakau"
20,Kiribati,81760.0,2023,,Olahan sayuran dan buah,IV,"Makanan Olahan, Minuman, Tembakau"
20,Korea Republic Of,11678381.38,2023,,Olahan sayuran dan buah,IV,"Makanan Olahan, Minuman, Tembakau"
20,Kuwait,625571.1,2023,,Olahan sayuran dan buah,IV,"Makanan Olahan, Minuman, Tembakau"
20,Lebanon,755712.55,2023,,Olahan sayuran dan buah,IV,"Makanan Olahan, Minuman, Tembakau"
20,Libyan Arab Jamahiriya,43992.0,2023,,Olahan sayuran dan buah,IV,"Makanan Olahan, Minuman, Tembakau"
20,Macau,2213.45,2023,,Olahan sayuran dan buah,IV,"Makanan Olahan, Minuman, Tembakau"
20,Madagascar,898.0,2023,,Olahan sayuran dan buah,IV,"Makanan Olahan, Minuman, Tembakau"
20,Malaysia,5515272.73,2023,,Olahan sayuran dan buah,IV,"Makanan Olahan, Minuman, Tembakau"
20,Maldives,25909.83,2023,,Olahan sayuran dan buah,IV,"Makanan Olahan, Minuman, Tembakau"
20,Marshall Islands,3601.75,2023,,Olahan sayuran dan buah,IV,"Makanan Olahan, Minuman, Tembakau"
20,Mauritius,1050.0,2023,,Olahan sayuran dan buah,IV,"Makanan Olahan, Minuman, Tembakau"
20,Mexico,6342291.8,2023,,Olahan sayuran dan buah,IV,"Makanan Olahan, Minuman, Tembakau"
20,Micronesia Fed. States Of,128.62,2023,,Olahan sayuran dan buah,IV,"Makanan Olahan, Minuman, Tembakau"
20,Mongolia,73252.77,2023,,Olahan sayuran dan buah,IV,"Makanan Olahan, Minuman, Tembakau"
20,Morocco,120319.24,2023,,Olahan sayuran dan buah,IV,"Makanan Olahan, Minuman, Tembakau"
20,Nepal,1690.0,2023,,Olahan sayuran dan buah,IV,"Makanan Olahan, Minuman, Tembakau"
20,Netherlands,36702241.480000004,2023,,Olahan sayuran dan buah,IV,"Makanan Olahan, Minuman, Tembakau"
20,New Caledonia,22149.64,2023,,Olahan sayuran dan buah,IV,"Makanan Olahan, Minuman, Tembakau"
20,New Zealand,3474782.36,2023,,Olahan sayuran dan buah,IV,"Makanan Olahan, Minuman, Tembakau"
20,Nigeria,48249.34,2023,,Olahan sayuran dan buah,IV,"Makanan Olahan, Minuman, Tembakau"
20,Norway,1478337.74,2023,,Olahan sayuran dan buah,IV,"Makanan Olahan, Minuman, Tembakau"
20,Oman,158753.45,2023,,Olahan sayuran dan buah,IV,"Makanan Olahan, Minuman, Tembakau"
20,Pakistan,436444.12,2023,,Olahan sayuran dan buah,IV,"Makanan Olahan, Minuman, Tembakau"
20,Palestina,234030.52000000002,2023,,Olahan sayuran dan buah,IV,"Makanan Olahan, Minuman, Tembakau"
20,Panama,21165.0,2023,,Olahan sayuran dan buah,IV,"Makanan Olahan, Minuman, Tembakau"
20,Papua New Guinea,3350378.4,2023,,Olahan sayuran dan buah,IV,"Makanan Olahan, Minuman, Tembakau"
20,Peru,880438.4,2023,,Olahan sayuran dan buah,IV,"Makanan Olahan, Minuman, Tembakau"
20,Philippines,463409.08999999997,2023,,Olahan sayuran dan buah,IV,"Makanan Olahan, Minuman, Tembakau"
20,Poland,428512.8,2023,,Olahan sayuran dan buah,IV,"Makanan Olahan, Minuman, Tembakau"
20,Portugal,416867.86,2023,,Olahan sayuran dan buah,IV,"Makanan Olahan, Minuman, Tembakau"
20,Puerto Rico,1061942.27,2023,,Olahan sayuran dan buah,IV,"Makanan Olahan, Minuman, Tembakau"
20,Qatar,350439.72,2023,,Olahan sayuran dan buah,IV,"Makanan Olahan, Minuman, Tembakau"
20,Romania,188519.91999999998,2023,,Olahan sayuran dan buah,IV,"Makanan Olahan, Minuman, Tembakau"
20,Russia Federation,3763232.5199999996,2023,,Olahan sayuran dan buah,IV,"Makanan Olahan, Minuman, Tembakau"
20,Samoa,141189.95,2023,,Olahan sayuran dan buah,IV,"Makanan Olahan, Minuman, Tembakau"
20,Saudi Arabia,5834915.62,2023,,Olahan sayuran dan buah,IV,"Makanan Olahan, Minuman, Tembakau"
20,Singapore,26513597.09,2023,,Olahan sayuran dan buah,IV,"Makanan Olahan, Minuman, Tembakau"
20,Slovakia,102000.0,2023,,Olahan sayuran dan buah,IV,"Makanan Olahan, Minuman, Tembakau"
20,Slovenia,1376.0,2023,,Olahan sayuran dan buah,IV,"Makanan Olahan, Minuman, Tembakau"
20,Solomon Islands,186575.5,2023,,Olahan sayuran dan buah,IV,"Makanan Olahan, Minuman, Tembakau"
20,Somalia,87448.48,2023,,Olahan sayuran dan buah,IV,"Makanan Olahan, Minuman, Tembakau"
20,South Africa,229720.16,2023,,Olahan sayuran dan buah,IV,"Makanan Olahan, Minuman, Tembakau"
20,Spain,25562444.910000004,2023,,Olahan sayuran dan buah,IV,"Makanan Olahan, Minuman, Tembakau"
20,Suriname,42076.5,2023,,Olahan sayuran dan buah,IV,"Makanan Olahan, Minuman, Tembakau"
20,Sweden,833810.29,2023,,Olahan sayuran dan buah,IV,"Makanan Olahan, Minuman, Tembakau"
20,Switzerland,1512589.4300000002,2023,,Olahan sayuran dan buah,IV,"Makanan Olahan, Minuman, Tembakau"
20,Taiwan,1935635.01,2023,,Olahan sayuran dan buah,IV,"Makanan Olahan, Minuman, Tembakau"
20,Thailand,486490.18,2023,,Olahan sayuran dan buah,IV,"Makanan Olahan, Minuman, Tembakau"
20,Tonga,39457.3,2023,,Olahan sayuran dan buah,IV,"Makanan Olahan, Minuman, Tembakau"
20,Trinidad And Tobago,7010.0,2023,,Olahan sayuran dan buah,IV,"Makanan Olahan, Minuman, Tembakau"
20,Ukraine,217918.68,2023,,Olahan sayuran dan buah,IV,"Makanan Olahan, Minuman, Tembakau"
20,United Arab Emirates,2324704.48,2023,,Olahan sayuran dan buah,IV,"Makanan Olahan, Minuman, Tembakau"
20,United Kingdom,12767729.84,2023,,Olahan sayuran dan buah,IV,"Makanan Olahan, Minuman, Tembakau"
20,United States,91494596.16,2023,,Olahan sayuran dan buah,IV,"Makanan Olahan, Minuman, Tembakau"
20,Uzbekistan,517677.1,2023,,Olahan sayuran dan buah,IV,"Makanan Olahan, Minuman, Tembakau"
20,Vanuatu,27636.5,2023,,Olahan sayuran dan buah,IV,"Makanan Olahan, Minuman, Tembakau"
20,Viet Nam,1673757.0,2023,,Olahan sayuran dan buah,IV,"Makanan Olahan, Minuman, Tembakau"
20,Yemen,70988.25,2023,,Olahan sayuran dan buah,IV,"Makanan Olahan, Minuman, Tembakau"
21,Afghanistan,401315.2,2023,,Olahan makanan lain-lain,IV,"Makanan Olahan, Minuman, Tembakau"
21,Algeria,59380.5,2023,,Olahan makanan lain-lain,IV,"Makanan Olahan, Minuman, Tembakau"
21,American Samoa,7725.5,2023,,Olahan makanan lain-lain,IV,"Makanan Olahan, Minuman, Tembakau"
21,Angola,203796.63,2023,,Olahan makanan lain-lain,IV,"Makanan Olahan, Minuman, Tembakau"
21,Antartica,38571.78,2023,,Olahan makanan lain-lain,IV,"Makanan Olahan, Minuman, Tembakau"
21,Argentina,22488.48,2023,,Olahan makanan lain-lain,IV,"Makanan Olahan, Minuman, Tembakau"
21,Armenia,313588.5,2023,,Olahan makanan lain-lain,IV,"Makanan Olahan, Minuman, Tembakau"
21,Australia,29315489.800000004,2023,,Olahan makanan lain-lain,IV,"Makanan Olahan, Minuman, Tembakau"
21,Austria,260612.09,2023,,Olahan makanan lain-lain,IV,"Makanan Olahan, Minuman, Tembakau"
21,Azerbaijan,837961.51,2023,,Olahan makanan lain-lain,IV,"Makanan Olahan, Minuman, Tembakau"
21,Bahrain,226785.35,2023,,Olahan makanan lain-lain,IV,"Makanan Olahan, Minuman, Tembakau"
21,Bangladesh,355973.60000000003,2023,,Olahan makanan lain-lain,IV,"Makanan Olahan, Minuman, Tembakau"
21,Belgium,125415.74,2023,,Olahan makanan lain-lain,IV,"Makanan Olahan, Minuman, Tembakau"
21,Benin,337536.0,2023,,Olahan makanan lain-lain,IV,"Makanan Olahan, Minuman, Tembakau"
21,Brazil,1007559.34,2023,,Olahan makanan lain-lain,IV,"Makanan Olahan, Minuman, Tembakau"
21,Brunei Darussalam,2777462.81,2023,,Olahan makanan lain-lain,IV,"Makanan Olahan, Minuman, Tembakau"
21,Bulgaria,50375.54,2023,,Olahan makanan lain-lain,IV,"Makanan Olahan, Minuman, Tembakau"
21,Burkina Faso,105600.0,2023,,Olahan makanan lain-lain,IV,"Makanan Olahan, Minuman, Tembakau"
21,Cambodia,3182709.19,2023,,Olahan makanan lain-lain,IV,"Makanan Olahan, Minuman, Tembakau"
21,Cameroon,203287.8,2023,,Olahan makanan lain-lain,IV,"Makanan Olahan, Minuman, Tembakau"
21,Canada,3466991.25,2023,,Olahan makanan lain-lain,IV,"Makanan Olahan, Minuman, Tembakau"
21,Central African Republic,142.95,2023,,Olahan makanan lain-lain,IV,"Makanan Olahan, Minuman, Tembakau"
21,Chile,160666.83,2023,,Olahan makanan lain-lain,IV,"Makanan Olahan, Minuman, Tembakau"
21,China,29038119.43,2023,,Olahan makanan lain-lain,IV,"Makanan Olahan, Minuman, Tembakau"
21,Colombia,360723.64,2023,,Olahan makanan lain-lain,IV,"Makanan Olahan, Minuman, Tembakau"
21,Congo,36000.0,2023,,Olahan makanan lain-lain,IV,"Makanan Olahan, Minuman, Tembakau"
21,Cook Islands,182.0,2023,,Olahan makanan lain-lain,IV,"Makanan Olahan, Minuman, Tembakau"
21,Cote Divoire,17982.5,2023,,Olahan makanan lain-lain,IV,"Makanan Olahan, Minuman, Tembakau"
21,Croatia,6138713.95,2023,,Olahan makanan lain-lain,IV,"Makanan Olahan, Minuman, Tembakau"
21,Cyprus,41127.5,2023,,Olahan makanan lain-lain,IV,"Makanan Olahan, Minuman, Tembakau"
21,Czech Republic,49916.0,2023,,Olahan makanan lain-lain,IV,"Makanan Olahan, Minuman, Tembakau"
21,Democratic Rep. Of The Congo,23433.58,2023,,Olahan makanan lain-lain,IV,"Makanan Olahan, Minuman, Tembakau"
21,Denmark,587560.5,2023,,Olahan makanan lain-lain,IV,"Makanan Olahan, Minuman, Tembakau"
21,Djibouti,26882.75,2023,,Olahan makanan lain-lain,IV,"Makanan Olahan, Minuman, Tembakau"
21,East Timor,15296050.01,2023,,Olahan makanan lain-lain,IV,"Makanan Olahan, Minuman, Tembakau"
21,Egypt,1815460.43,2023,,Olahan makanan lain-lain,IV,"Makanan Olahan, Minuman, Tembakau"
21,Estonia,17098.07,2023,,Olahan makanan lain-lain,IV,"Makanan Olahan, Minuman, Tembakau"
21,Ethiopia,342765.7,2023,,Olahan makanan lain-lain,IV,"Makanan Olahan, Minuman, Tembakau"
21,Fiji,1020245.27,2023,,Olahan makanan lain-lain,IV,"Makanan Olahan, Minuman, Tembakau"
21,Finland,149155.5,2023,,Olahan makanan lain-lain,IV,"Makanan Olahan, Minuman, Tembakau"
21,France,4234003.65,2023,,Olahan makanan lain-lain,IV,"Makanan Olahan, Minuman, Tembakau"
21,French Polynesia,100.0,2023,,Olahan makanan lain-lain,IV,"Makanan Olahan, Minuman, Tembakau"
21,Gabon,36390.0,2023,,Olahan makanan lain-lain,IV,"Makanan Olahan, Minuman, Tembakau"
21,Gambia,1085395.6,2023,,Olahan makanan lain-lain,IV,"Makanan Olahan, Minuman, Tembakau"
21,Georgia,243065.7,2023,,Olahan makanan lain-lain,IV,"Makanan Olahan, Minuman, Tembakau"
21,Germany Fed. Rep. Of,15326903.01,2023,,Olahan makanan lain-lain,IV,"Makanan Olahan, Minuman, Tembakau"
21,Ghana,1690513.7,2023,,Olahan makanan lain-lain,IV,"Makanan Olahan, Minuman, Tembakau"
21,Greece,109845.75,2023,,Olahan makanan lain-lain,IV,"Makanan Olahan, Minuman, Tembakau"
21,Guam,8285.26,2023,,Olahan makanan lain-lain,IV,"Makanan Olahan, Minuman, Tembakau"
21,Guinea,429314.82999999996,2023,,Olahan makanan lain-lain,IV,"Makanan Olahan, Minuman, Tembakau"
21,Hong Kong,19904594.57,2023,,Olahan makanan lain-lain,IV,"Makanan Olahan, Minuman, Tembakau"
21,Hungary,79548.85,2023,,Olahan makanan lain-lain,IV,"Makanan Olahan, Minuman, Tembakau"
21,India,2798662.14,2023,,Olahan makanan lain-lain,IV,"Makanan Olahan, Minuman, Tembakau"
21,Iran (Islamic Republic Of),5413889.4799999995,2023,,Olahan makanan lain-lain,IV,"Makanan Olahan, Minuman, Tembakau"
21,Iraq,14416206.329999998,2023,,Olahan makanan lain-lain,IV,"Makanan Olahan, Minuman, Tembakau"
21,Ireland,42168.2,2023,,Olahan makanan lain-lain,IV,"Makanan Olahan, Minuman, Tembakau"
21,Israel,3118728.1,2023,,Olahan makanan lain-lain,IV,"Makanan Olahan, Minuman, Tembakau"
21,Italy,3037755.1,2023,,Olahan makanan lain-lain,IV,"Makanan Olahan, Minuman, Tembakau"
21,Japan,19083346.94,2023,,Olahan makanan lain-lain,IV,"Makanan Olahan, Minuman, Tembakau"
21,Jordan,4571695.03,2023,,Olahan makanan lain-lain,IV,"Makanan Olahan, Minuman, Tembakau"
21,Kazakhstan,279403.3,2023,,Olahan makanan lain-lain,IV,"Makanan Olahan, Minuman, Tembakau"
21,Kenya,2531525.4499999997,2023,,Olahan makanan lain-lain,IV,"Makanan Olahan, Minuman, Tembakau"
21,Kiribati,300570.79000000004,2023,,Olahan makanan lain-lain,IV,"Makanan Olahan, Minuman, Tembakau"
21,Korea Republic Of,8937424.01,2023,,Olahan makanan lain-lain,IV,"Makanan Olahan, Minuman, Tembakau"
21,Kuwait,3930859.7,2023,,Olahan makanan lain-lain,IV,"Makanan Olahan, Minuman, Tembakau"
21,Kyrgyzstan,223653.8,2023,,Olahan makanan lain-lain,IV,"Makanan Olahan, Minuman, Tembakau"
21,Lao Peoples Dem. Rep.,108486.95,2023,,Olahan makanan lain-lain,IV,"Makanan Olahan, Minuman, Tembakau"
21,Latvia,4300.0,2023,,Olahan makanan lain-lain,IV,"Makanan Olahan, Minuman, Tembakau"
21,Lebanon,7202898.539999999,2023,,Olahan makanan lain-lain,IV,"Makanan Olahan, Minuman, Tembakau"
21,Liberia,90795.0,2023,,Olahan makanan lain-lain,IV,"Makanan Olahan, Minuman, Tembakau"
21,Libyan Arab Jamahiriya,2589971.6,2023,,Olahan makanan lain-lain,IV,"Makanan Olahan, Minuman, Tembakau"
21,Lithuania,176808.0,2023,,Olahan makanan lain-lain,IV,"Makanan Olahan, Minuman, Tembakau"
21,Madagascar,579461.6699999999,2023,,Olahan makanan lain-lain,IV,"Makanan Olahan, Minuman, Tembakau"
21,Malaysia,112661319.75,2023,,Olahan makanan lain-lain,IV,"Makanan Olahan, Minuman, Tembakau"
21,Maldives,291318.5,2023,,Olahan makanan lain-lain,IV,"Makanan Olahan, Minuman, Tembakau"
21,Mali,12650.0,2023,,Olahan makanan lain-lain,IV,"Makanan Olahan, Minuman, Tembakau"
21,Malta,98948.5,2023,,Olahan makanan lain-lain,IV,"Makanan Olahan, Minuman, Tembakau"
21,Marshall Islands,36945.0,2023,,Olahan makanan lain-lain,IV,"Makanan Olahan, Minuman, Tembakau"
21,Mauritania,124312.5,2023,,Olahan makanan lain-lain,IV,"Makanan Olahan, Minuman, Tembakau"
21,Mauritius,436141.5,2023,,Olahan makanan lain-lain,IV,"Makanan Olahan, Minuman, Tembakau"
21,Mexico,9764.77,2023,,Olahan makanan lain-lain,IV,"Makanan Olahan, Minuman, Tembakau"
21,Micronesia Fed. States Of,41484.31,2023,,Olahan makanan lain-lain,IV,"Makanan Olahan, Minuman, Tembakau"
21,Mongolia,268604.28,2023,,Olahan makanan lain-lain,IV,"Makanan Olahan, Minuman, Tembakau"
21,Morocco,2731590.1599999997,2023,,Olahan makanan lain-lain,IV,"Makanan Olahan, Minuman, Tembakau"
21,Mozambique,89890.0,2023,,Olahan makanan lain-lain,IV,"Makanan Olahan, Minuman, Tembakau"
21,Myanmar,6591349.050000001,2023,,Olahan makanan lain-lain,IV,"Makanan Olahan, Minuman, Tembakau"
21,Nauru,39424.65,2023,,Olahan makanan lain-lain,IV,"Makanan Olahan, Minuman, Tembakau"
21,Netherlands,20466225.66,2023,,Olahan makanan lain-lain,IV,"Makanan Olahan, Minuman, Tembakau"
21,New Caledonia,102491.92,2023,,Olahan makanan lain-lain,IV,"Makanan Olahan, Minuman, Tembakau"
21,New Zealand,2974196.45,2023,,Olahan makanan lain-lain,IV,"Makanan Olahan, Minuman, Tembakau"
21,Niger,259277.69,2023,,Olahan makanan lain-lain,IV,"Makanan Olahan, Minuman, Tembakau"
21,Nigeria,46166555.93,2023,,Olahan makanan lain-lain,IV,"Makanan Olahan, Minuman, Tembakau"
21,Northern Mariana Islands,5879.65,2023,,Olahan makanan lain-lain,IV,"Makanan Olahan, Minuman, Tembakau"
21,Norway,1114958.2100000002,2023,,Olahan makanan lain-lain,IV,"Makanan Olahan, Minuman, Tembakau"
21,Oman,199318.57,2023,,Olahan makanan lain-lain,IV,"Makanan Olahan, Minuman, Tembakau"
21,Pakistan,1486813.98,2023,,Olahan makanan lain-lain,IV,"Makanan Olahan, Minuman, Tembakau"
21,Palestina,1847098.6,2023,,Olahan makanan lain-lain,IV,"Makanan Olahan, Minuman, Tembakau"
21,Panama,77227.15,2023,,Olahan makanan lain-lain,IV,"Makanan Olahan, Minuman, Tembakau"
21,Papua New Guinea,16739972.68,2023,,Olahan makanan lain-lain,IV,"Makanan Olahan, Minuman, Tembakau"
21,Paraguay,19275.0,2023,,Olahan makanan lain-lain,IV,"Makanan Olahan, Minuman, Tembakau"
21,Peru,20700.85,2023,,Olahan makanan lain-lain,IV,"Makanan Olahan, Minuman, Tembakau"
21,Philippines,600153652.56,2023,,Olahan makanan lain-lain,IV,"Makanan Olahan, Minuman, Tembakau"
21,Poland,1585544.11,2023,,Olahan makanan lain-lain,IV,"Makanan Olahan, Minuman, Tembakau"
21,Portugal,75447.5,2023,,Olahan makanan lain-lain,IV,"Makanan Olahan, Minuman, Tembakau"
21,Qatar,933670.63,2023,,Olahan makanan lain-lain,IV,"Makanan Olahan, Minuman, Tembakau"
21,Reunion,124650.0,2023,,Olahan makanan lain-lain,IV,"Makanan Olahan, Minuman, Tembakau"
21,Romania,16371.21,2023,,Olahan makanan lain-lain,IV,"Makanan Olahan, Minuman, Tembakau"
21,Russia Federation,26548085.200000003,2023,,Olahan makanan lain-lain,IV,"Makanan Olahan, Minuman, Tembakau"
21,Samoa,254911.2,2023,,Olahan makanan lain-lain,IV,"Makanan Olahan, Minuman, Tembakau"
21,Saudi Arabia,131497236.82,2023,,Olahan makanan lain-lain,IV,"Makanan Olahan, Minuman, Tembakau"
21,Senegal,1182295.5,2023,,Olahan makanan lain-lain,IV,"Makanan Olahan, Minuman, Tembakau"
21,Serbia,18180.0,2023,,Olahan makanan lain-lain,IV,"Makanan Olahan, Minuman, Tembakau"
21,Seychelles,8583.0,2023,,Olahan makanan lain-lain,IV,"Makanan Olahan, Minuman, Tembakau"
21,Sierra Leone,706621.75,2023,,Olahan makanan lain-lain,IV,"Makanan Olahan, Minuman, Tembakau"
21,Singapore,191217892.11999997,2023,,Olahan makanan lain-lain,IV,"Makanan Olahan, Minuman, Tembakau"
21,Slovenia,495848.57,2023,,Olahan makanan lain-lain,IV,"Makanan Olahan, Minuman, Tembakau"
21,Solomon Islands,2649946.23,2023,,Olahan makanan lain-lain,IV,"Makanan Olahan, Minuman, Tembakau"
21,Somalia,1084627.72,2023,,Olahan makanan lain-lain,IV,"Makanan Olahan, Minuman, Tembakau"
21,South Africa,349189.81,2023,,Olahan makanan lain-lain,IV,"Makanan Olahan, Minuman, Tembakau"
21,Spain,4567660.7700000005,2023,,Olahan makanan lain-lain,IV,"Makanan Olahan, Minuman, Tembakau"
21,Sri Lanka,1033568.53,2023,,Olahan makanan lain-lain,IV,"Makanan Olahan, Minuman, Tembakau"
21,Sudan,1995219.88,2023,,Olahan makanan lain-lain,IV,"Makanan Olahan, Minuman, Tembakau"
21,Suriname,5559.9,2023,,Olahan makanan lain-lain,IV,"Makanan Olahan, Minuman, Tembakau"
21,Sweden,1900080.78,2023,,Olahan makanan lain-lain,IV,"Makanan Olahan, Minuman, Tembakau"
21,Switzerland,205222.96,2023,,Olahan makanan lain-lain,IV,"Makanan Olahan, Minuman, Tembakau"
21,Taiwan,29915766.75,2023,,Olahan makanan lain-lain,IV,"Makanan Olahan, Minuman, Tembakau"
21,Tajikistan,50880.0,2023,,Olahan makanan lain-lain,IV,"Makanan Olahan, Minuman, Tembakau"
21,Tanzania United Rep. Of,725769.5599999999,2023,,Olahan makanan lain-lain,IV,"Makanan Olahan, Minuman, Tembakau"
21,Thailand,62129995.44,2023,,Olahan makanan lain-lain,IV,"Makanan Olahan, Minuman, Tembakau"
21,Togo,2045163.64,2023,,Olahan makanan lain-lain,IV,"Makanan Olahan, Minuman, Tembakau"
21,Tonga,19821.6,2023,,Olahan makanan lain-lain,IV,"Makanan Olahan, Minuman, Tembakau"
21,Trinidad And Tobago,205.42,2023,,Olahan makanan lain-lain,IV,"Makanan Olahan, Minuman, Tembakau"
21,Turkey,26732490.97,2023,,Olahan makanan lain-lain,IV,"Makanan Olahan, Minuman, Tembakau"
21,Turkmenistan,20300.0,2023,,Olahan makanan lain-lain,IV,"Makanan Olahan, Minuman, Tembakau"
21,Uganda,115975.92,2023,,Olahan makanan lain-lain,IV,"Makanan Olahan, Minuman, Tembakau"
21,Ukraine,4457.7,2023,,Olahan makanan lain-lain,IV,"Makanan Olahan, Minuman, Tembakau"
21,United Arab Emirates,38579528.97,2023,,Olahan makanan lain-lain,IV,"Makanan Olahan, Minuman, Tembakau"
21,United Kingdom,8526186.77,2023,,Olahan makanan lain-lain,IV,"Makanan Olahan, Minuman, Tembakau"
21,United States,11897234.55,2023,,Olahan makanan lain-lain,IV,"Makanan Olahan, Minuman, Tembakau"
21,Uzbekistan,1263378.17,2023,,Olahan makanan lain-lain,IV,"Makanan Olahan, Minuman, Tembakau"
21,Vanuatu,121169.81,2023,,Olahan makanan lain-lain,IV,"Makanan Olahan, Minuman, Tembakau"
21,Viet Nam,37105967.6,2023,,Olahan makanan lain-lain,IV,"Makanan Olahan, Minuman, Tembakau"
21,Yemen,902393.9,2023,,Olahan makanan lain-lain,IV,"Makanan Olahan, Minuman, Tembakau"
22,American Samoa,260604.62,2023,,"Minuman, alkohol, cuka",IV,"Makanan Olahan, Minuman, Tembakau"
22,Angola,13.0,2023,,"Minuman, alkohol, cuka",IV,"Makanan Olahan, Minuman, Tembakau"
22,Australia,1201713.7,2023,,"Minuman, alkohol, cuka",IV,"Makanan Olahan, Minuman, Tembakau"
22,Austria,101.14,2023,,"Minuman, alkohol, cuka",IV,"Makanan Olahan, Minuman, Tembakau"
22,Bahrain,236998.13999999998,2023,,"Minuman, alkohol, cuka",IV,"Makanan Olahan, Minuman, Tembakau"
22,Belgium,93.42,2023,,"Minuman, alkohol, cuka",IV,"Makanan Olahan, Minuman, Tembakau"
22,Brunei Darussalam,2723902.16,2023,,"Minuman, alkohol, cuka",IV,"Makanan Olahan, Minuman, Tembakau"
22,Cambodia,928706.86,2023,,"Minuman, alkohol, cuka",IV,"Makanan Olahan, Minuman, Tembakau"
22,Canada,95348.29,2023,,"Minuman, alkohol, cuka",IV,"Makanan Olahan, Minuman, Tembakau"
22,Central African Republic,10.56,2023,,"Minuman, alkohol, cuka",IV,"Makanan Olahan, Minuman, Tembakau"
22,Chile,12239.75,2023,,"Minuman, alkohol, cuka",IV,"Makanan Olahan, Minuman, Tembakau"
22,China,6475974.65,2023,,"Minuman, alkohol, cuka",IV,"Makanan Olahan, Minuman, Tembakau"
22,Christmas Islands,163.89,2023,,"Minuman, alkohol, cuka",IV,"Makanan Olahan, Minuman, Tembakau"
22,Congo,12.9,2023,,"Minuman, alkohol, cuka",IV,"Makanan Olahan, Minuman, Tembakau"
22,Cook Islands,120.0,2023,,"Minuman, alkohol, cuka",IV,"Makanan Olahan, Minuman, Tembakau"
22,Cote Divoire,45.8,2023,,"Minuman, alkohol, cuka",IV,"Makanan Olahan, Minuman, Tembakau"
22,Czech Republic,2100.0,2023,,"Minuman, alkohol, cuka",IV,"Makanan Olahan, Minuman, Tembakau"
22,Democratic Rep. Of The Congo,1041.0,2023,,"Minuman, alkohol, cuka",IV,"Makanan Olahan, Minuman, Tembakau"
22,East Timor,10192480.6,2023,,"Minuman, alkohol, cuka",IV,"Makanan Olahan, Minuman, Tembakau"
22,Egypt,3850.3,2023,,"Minuman, alkohol, cuka",IV,"Makanan Olahan, Minuman, Tembakau"
22,Fiji,10902.53,2023,,"Minuman, alkohol, cuka",IV,"Makanan Olahan, Minuman, Tembakau"
22,France,10435.35,2023,,"Minuman, alkohol, cuka",IV,"Makanan Olahan, Minuman, Tembakau"
22,Gabon,1035.0,2023,,"Minuman, alkohol, cuka",IV,"Makanan Olahan, Minuman, Tembakau"
22,Gambia,1873.41,2023,,"Minuman, alkohol, cuka",IV,"Makanan Olahan, Minuman, Tembakau"
22,Germany Fed. Rep. Of,34535.82,2023,,"Minuman, alkohol, cuka",IV,"Makanan Olahan, Minuman, Tembakau"
22,Ghana,98.19,2023,,"Minuman, alkohol, cuka",IV,"Makanan Olahan, Minuman, Tembakau"
22,Guam,207.6,2023,,"Minuman, alkohol, cuka",IV,"Makanan Olahan, Minuman, Tembakau"
22,Hong Kong,6031067.220000001,2023,,"Minuman, alkohol, cuka",IV,"Makanan Olahan, Minuman, Tembakau"
22,Hungary,2.0,2023,,"Minuman, alkohol, cuka",IV,"Makanan Olahan, Minuman, Tembakau"
22,India,351977.67000000004,2023,,"Minuman, alkohol, cuka",IV,"Makanan Olahan, Minuman, Tembakau"
22,Israel,12690.0,2023,,"Minuman, alkohol, cuka",IV,"Makanan Olahan, Minuman, Tembakau"
22,Japan,2425240.2399999998,2023,,"Minuman, alkohol, cuka",IV,"Makanan Olahan, Minuman, Tembakau"
22,Jordan,116071.0,2023,,"Minuman, alkohol, cuka",IV,"Makanan Olahan, Minuman, Tembakau"
22,Kenya,830416.9,2023,,"Minuman, alkohol, cuka",IV,"Makanan Olahan, Minuman, Tembakau"
22,Kiribati,49186.299999999996,2023,,"Minuman, alkohol, cuka",IV,"Makanan Olahan, Minuman, Tembakau"
22,Korea Republic Of,1649560.35,2023,,"Minuman, alkohol, cuka",IV,"Makanan Olahan, Minuman, Tembakau"
22,Kuwait,132562.16,2023,,"Minuman, alkohol, cuka",IV,"Makanan Olahan, Minuman, Tembakau"
22,Lao Peoples Dem. Rep.,200.0,2023,,"Minuman, alkohol, cuka",IV,"Makanan Olahan, Minuman, Tembakau"
22,Madagascar,7300.02,2023,,"Minuman, alkohol, cuka",IV,"Makanan Olahan, Minuman, Tembakau"
22,Malaysia,12954339.06,2023,,"Minuman, alkohol, cuka",IV,"Makanan Olahan, Minuman, Tembakau"
22,Maldives,486782.31,2023,,"Minuman, alkohol, cuka",IV,"Makanan Olahan, Minuman, Tembakau"
22,Mali,300.0,2023,,"Minuman, alkohol, cuka",IV,"Makanan Olahan, Minuman, Tembakau"
22,Marshall Islands,7551.7,2023,,"Minuman, alkohol, cuka",IV,"Makanan Olahan, Minuman, Tembakau"
22,Mexico,5.0,2023,,"Minuman, alkohol, cuka",IV,"Makanan Olahan, Minuman, Tembakau"
22,Micronesia Fed. States Of,10778.67,2023,,"Minuman, alkohol, cuka",IV,"Makanan Olahan, Minuman, Tembakau"
22,Mongolia,14589.0,2023,,"Minuman, alkohol, cuka",IV,"Makanan Olahan, Minuman, Tembakau"
22,Mozambique,1056.64,2023,,"Minuman, alkohol, cuka",IV,"Makanan Olahan, Minuman, Tembakau"
22,Myanmar,5701288.49,2023,,"Minuman, alkohol, cuka",IV,"Makanan Olahan, Minuman, Tembakau"
22,Nauru,8396.0,2023,,"Minuman, alkohol, cuka",IV,"Makanan Olahan, Minuman, Tembakau"
22,Netherlands,1109374.4,2023,,"Minuman, alkohol, cuka",IV,"Makanan Olahan, Minuman, Tembakau"
22,New Caledonia,45347.71,2023,,"Minuman, alkohol, cuka",IV,"Makanan Olahan, Minuman, Tembakau"
22,New Zealand,636783.4400000001,2023,,"Minuman, alkohol, cuka",IV,"Makanan Olahan, Minuman, Tembakau"
22,Nigeria,14303526.09,2023,,"Minuman, alkohol, cuka",IV,"Makanan Olahan, Minuman, Tembakau"
22,Northern Mariana Islands,20278.41,2023,,"Minuman, alkohol, cuka",IV,"Makanan Olahan, Minuman, Tembakau"
22,Oman,914820.24,2023,,"Minuman, alkohol, cuka",IV,"Makanan Olahan, Minuman, Tembakau"
22,Palau,11435.7,2023,,"Minuman, alkohol, cuka",IV,"Makanan Olahan, Minuman, Tembakau"
22,Palestina,9821.0,2023,,"Minuman, alkohol, cuka",IV,"Makanan Olahan, Minuman, Tembakau"
22,Papua New Guinea,1929600.42,2023,,"Minuman, alkohol, cuka",IV,"Makanan Olahan, Minuman, Tembakau"
22,Peru,5070.0,2023,,"Minuman, alkohol, cuka",IV,"Makanan Olahan, Minuman, Tembakau"
22,Philippines,69354620.66,2023,,"Minuman, alkohol, cuka",IV,"Makanan Olahan, Minuman, Tembakau"
22,Qatar,338830.87,2023,,"Minuman, alkohol, cuka",IV,"Makanan Olahan, Minuman, Tembakau"
22,Russia Federation,519870.32,2023,,"Minuman, alkohol, cuka",IV,"Makanan Olahan, Minuman, Tembakau"
22,Samoa,190478.0,2023,,"Minuman, alkohol, cuka",IV,"Makanan Olahan, Minuman, Tembakau"
22,Saudi Arabia,259732.52,2023,,"Minuman, alkohol, cuka",IV,"Makanan Olahan, Minuman, Tembakau"
22,Senegal,5385.98,2023,,"Minuman, alkohol, cuka",IV,"Makanan Olahan, Minuman, Tembakau"
22,Seychelles,13894.38,2023,,"Minuman, alkohol, cuka",IV,"Makanan Olahan, Minuman, Tembakau"
22,Sierra Leone,2939.0,2023,,"Minuman, alkohol, cuka",IV,"Makanan Olahan, Minuman, Tembakau"
22,Singapore,14988786.04,2023,,"Minuman, alkohol, cuka",IV,"Makanan Olahan, Minuman, Tembakau"
22,Solomon Islands,349468.5,2023,,"Minuman, alkohol, cuka",IV,"Makanan Olahan, Minuman, Tembakau"
22,Somalia,2395.85,2023,,"Minuman, alkohol, cuka",IV,"Makanan Olahan, Minuman, Tembakau"
22,South Africa,44310.09,2023,,"Minuman, alkohol, cuka",IV,"Makanan Olahan, Minuman, Tembakau"
22,Spain,40490.0,2023,,"Minuman, alkohol, cuka",IV,"Makanan Olahan, Minuman, Tembakau"
22,Suriname,120441.08,2023,,"Minuman, alkohol, cuka",IV,"Makanan Olahan, Minuman, Tembakau"
22,Swaziland,11352.65,2023,,"Minuman, alkohol, cuka",IV,"Makanan Olahan, Minuman, Tembakau"
22,Sweden,2263.36,2023,,"Minuman, alkohol, cuka",IV,"Makanan Olahan, Minuman, Tembakau"
22,Switzerland,1.0,2023,,"Minuman, alkohol, cuka",IV,"Makanan Olahan, Minuman, Tembakau"
22,Taiwan,4102508.37,2023,,"Minuman, alkohol, cuka",IV,"Makanan Olahan, Minuman, Tembakau"
22,Thailand,12189565.98,2023,,"Minuman, alkohol, cuka",IV,"Makanan Olahan, Minuman, Tembakau"
22,Togo,312.1,2023,,"Minuman, alkohol, cuka",IV,"Makanan Olahan, Minuman, Tembakau"
22,Tonga,163339.90000000002,2023,,"Minuman, alkohol, cuka",IV,"Makanan Olahan, Minuman, Tembakau"
22,Trinidad And Tobago,8161.5,2023,,"Minuman, alkohol, cuka",IV,"Makanan Olahan, Minuman, Tembakau"
22,Tuvalu,514.8,2023,,"Minuman, alkohol, cuka",IV,"Makanan Olahan, Minuman, Tembakau"
22,Uganda,2.0,2023,,"Minuman, alkohol, cuka",IV,"Makanan Olahan, Minuman, Tembakau"
22,United Arab Emirates,2268219.66,2023,,"Minuman, alkohol, cuka",IV,"Makanan Olahan, Minuman, Tembakau"
22,United Kingdom,369403.28,2023,,"Minuman, alkohol, cuka",IV,"Makanan Olahan, Minuman, Tembakau"
22,United States,573727.78,2023,,"Minuman, alkohol, cuka",IV,"Makanan Olahan, Minuman, Tembakau"
22,Uzbekistan,26600.0,2023,,"Minuman, alkohol, cuka",IV,"Makanan Olahan, Minuman, Tembakau"
22,Vanuatu,28805.14,2023,,"Minuman, alkohol, cuka",IV,"Makanan Olahan, Minuman, Tembakau"
22,Viet Nam,14302217.610000001,2023,,"Minuman, alkohol, cuka",IV,"Makanan Olahan, Minuman, Tembakau"
22,Yemen,447.0,2023,,"Minuman, alkohol, cuka",IV,"Makanan Olahan, Minuman, Tembakau"
23,Angola,679448.64,2023,,Sisa industri makanan; pakan ternak,IV,"Makanan Olahan, Minuman, Tembakau"
23,Australia,6263610.649999999,2023,,Sisa industri makanan; pakan ternak,IV,"Makanan Olahan, Minuman, Tembakau"
23,Bahrain,25770.41,2023,,Sisa industri makanan; pakan ternak,IV,"Makanan Olahan, Minuman, Tembakau"
23,Bangladesh,3737190.25,2023,,Sisa industri makanan; pakan ternak,IV,"Makanan Olahan, Minuman, Tembakau"
23,Belarus,385605.0,2023,,Sisa industri makanan; pakan ternak,IV,"Makanan Olahan, Minuman, Tembakau"
23,Belgium,11127815.49,2023,,Sisa industri makanan; pakan ternak,IV,"Makanan Olahan, Minuman, Tembakau"
23,Brunei Darussalam,952156.71,2023,,Sisa industri makanan; pakan ternak,IV,"Makanan Olahan, Minuman, Tembakau"
23,Cambodia,85587.36,2023,,Sisa industri makanan; pakan ternak,IV,"Makanan Olahan, Minuman, Tembakau"
23,Canada,824151.4,2023,,Sisa industri makanan; pakan ternak,IV,"Makanan Olahan, Minuman, Tembakau"
23,China,1101108232.8,2023,,Sisa industri makanan; pakan ternak,IV,"Makanan Olahan, Minuman, Tembakau"
23,Croatia,10171657.43,2023,,Sisa industri makanan; pakan ternak,IV,"Makanan Olahan, Minuman, Tembakau"
23,Cyprus,28931.67,2023,,Sisa industri makanan; pakan ternak,IV,"Makanan Olahan, Minuman, Tembakau"
23,Czech Republic,47602.25,2023,,Sisa industri makanan; pakan ternak,IV,"Makanan Olahan, Minuman, Tembakau"
23,Denmark,25664.0,2023,,Sisa industri makanan; pakan ternak,IV,"Makanan Olahan, Minuman, Tembakau"
23,Djibouti,179941.6,2023,,Sisa industri makanan; pakan ternak,IV,"Makanan Olahan, Minuman, Tembakau"
23,East Timor,3595130.7300000004,2023,,Sisa industri makanan; pakan ternak,IV,"Makanan Olahan, Minuman, Tembakau"
23,Egypt,24320.0,2023,,Sisa industri makanan; pakan ternak,IV,"Makanan Olahan, Minuman, Tembakau"
23,Ethiopia,162182.08,2023,,Sisa industri makanan; pakan ternak,IV,"Makanan Olahan, Minuman, Tembakau"
23,France,605675.4400000001,2023,,Sisa industri makanan; pakan ternak,IV,"Makanan Olahan, Minuman, Tembakau"
23,Georgia,120120.0,2023,,Sisa industri makanan; pakan ternak,IV,"Makanan Olahan, Minuman, Tembakau"
23,Germany Fed. Rep. Of,534011.52,2023,,Sisa industri makanan; pakan ternak,IV,"Makanan Olahan, Minuman, Tembakau"
23,Ghana,7275.08,2023,,Sisa industri makanan; pakan ternak,IV,"Makanan Olahan, Minuman, Tembakau"
23,Greece,622301.56,2023,,Sisa industri makanan; pakan ternak,IV,"Makanan Olahan, Minuman, Tembakau"
23,Hong Kong,10177022.5,2023,,Sisa industri makanan; pakan ternak,IV,"Makanan Olahan, Minuman, Tembakau"
23,India,30874323.7,2023,,Sisa industri makanan; pakan ternak,IV,"Makanan Olahan, Minuman, Tembakau"
23,Iraq,15808.7,2023,,Sisa industri makanan; pakan ternak,IV,"Makanan Olahan, Minuman, Tembakau"
23,Israel,6826545.59,2023,,Sisa industri makanan; pakan ternak,IV,"Makanan Olahan, Minuman, Tembakau"
23,Italy,126349664.38,2023,,Sisa industri makanan; pakan ternak,IV,"Makanan Olahan, Minuman, Tembakau"
23,Japan,23841980.26,2023,,Sisa industri makanan; pakan ternak,IV,"Makanan Olahan, Minuman, Tembakau"
23,Jordan,266065.41000000003,2023,,Sisa industri makanan; pakan ternak,IV,"Makanan Olahan, Minuman, Tembakau"
23,Kazakhstan,1.0,2023,,Sisa industri makanan; pakan ternak,IV,"Makanan Olahan, Minuman, Tembakau"
23,Kenya,129990.0,2023,,Sisa industri makanan; pakan ternak,IV,"Makanan Olahan, Minuman, Tembakau"
23,Korea Republic Of,193069673.15,2023,,Sisa industri makanan; pakan ternak,IV,"Makanan Olahan, Minuman, Tembakau"
23,Kuwait,35227.36,2023,,Sisa industri makanan; pakan ternak,IV,"Makanan Olahan, Minuman, Tembakau"
23,Latvia,1410962.2,2023,,Sisa industri makanan; pakan ternak,IV,"Makanan Olahan, Minuman, Tembakau"
23,Lebanon,146.56,2023,,Sisa industri makanan; pakan ternak,IV,"Makanan Olahan, Minuman, Tembakau"
23,Liberia,3992911.92,2023,,Sisa industri makanan; pakan ternak,IV,"Makanan Olahan, Minuman, Tembakau"
23,Lithuania,1165120.0,2023,,Sisa industri makanan; pakan ternak,IV,"Makanan Olahan, Minuman, Tembakau"
23,Luxembourg,23.68,2023,,Sisa industri makanan; pakan ternak,IV,"Makanan Olahan, Minuman, Tembakau"
23,Madagascar,4068122.67,2023,,Sisa industri makanan; pakan ternak,IV,"Makanan Olahan, Minuman, Tembakau"
23,Malaysia,154810465.4,2023,,Sisa industri makanan; pakan ternak,IV,"Makanan Olahan, Minuman, Tembakau"
23,Maldives,7227.1,2023,,Sisa industri makanan; pakan ternak,IV,"Makanan Olahan, Minuman, Tembakau"
23,Malta,9.9,2023,,Sisa industri makanan; pakan ternak,IV,"Makanan Olahan, Minuman, Tembakau"
23,Marshall Islands,2482309.1999999997,2023,,Sisa industri makanan; pakan ternak,IV,"Makanan Olahan, Minuman, Tembakau"
23,Micronesia Fed. States Of,2939.31,2023,,Sisa industri makanan; pakan ternak,IV,"Makanan Olahan, Minuman, Tembakau"
23,Myanmar,485688.92,2023,,Sisa industri makanan; pakan ternak,IV,"Makanan Olahan, Minuman, Tembakau"
23,Netherlands,345536869.61,2023,,Sisa industri makanan; pakan ternak,IV,"Makanan Olahan, Minuman, Tembakau"
23,New Zealand,168028302.06,2023,,Sisa industri makanan; pakan ternak,IV,"Makanan Olahan, Minuman, Tembakau"
23,Norway,3.5,2023,,Sisa industri makanan; pakan ternak,IV,"Makanan Olahan, Minuman, Tembakau"
23,Oman,799164.52,2023,,Sisa industri makanan; pakan ternak,IV,"Makanan Olahan, Minuman, Tembakau"
23,Pakistan,1906019.8199999998,2023,,Sisa industri makanan; pakan ternak,IV,"Makanan Olahan, Minuman, Tembakau"
23,Papua New Guinea,7879.78,2023,,Sisa industri makanan; pakan ternak,IV,"Makanan Olahan, Minuman, Tembakau"
23,Paraguay,35829.36,2023,,Sisa industri makanan; pakan ternak,IV,"Makanan Olahan, Minuman, Tembakau"
23,Peru,304884.2,2023,,Sisa industri makanan; pakan ternak,IV,"Makanan Olahan, Minuman, Tembakau"
23,Philippines,10503748.02,2023,,Sisa industri makanan; pakan ternak,IV,"Makanan Olahan, Minuman, Tembakau"
23,Poland,528865.0,2023,,Sisa industri makanan; pakan ternak,IV,"Makanan Olahan, Minuman, Tembakau"
23,Portugal,1230850.37,2023,,Sisa industri makanan; pakan ternak,IV,"Makanan Olahan, Minuman, Tembakau"
23,Qatar,19163.28,2023,,Sisa industri makanan; pakan ternak,IV,"Makanan Olahan, Minuman, Tembakau"
23,Russia Federation,3603089.84,2023,,Sisa industri makanan; pakan ternak,IV,"Makanan Olahan, Minuman, Tembakau"
23,Saudi Arabia,12784955.84,2023,,Sisa industri makanan; pakan ternak,IV,"Makanan Olahan, Minuman, Tembakau"
23,Senegal,257150.9,2023,,Sisa industri makanan; pakan ternak,IV,"Makanan Olahan, Minuman, Tembakau"
23,Singapore,26196333.47,2023,,Sisa industri makanan; pakan ternak,IV,"Makanan Olahan, Minuman, Tembakau"
23,South Africa,927267.4500000001,2023,,Sisa industri makanan; pakan ternak,IV,"Makanan Olahan, Minuman, Tembakau"
23,Spain,79436139.36,2023,,Sisa industri makanan; pakan ternak,IV,"Makanan Olahan, Minuman, Tembakau"
23,Sri Lanka,9457.07,2023,,Sisa industri makanan; pakan ternak,IV,"Makanan Olahan, Minuman, Tembakau"
23,Switzerland,3846948.24,2023,,Sisa industri makanan; pakan ternak,IV,"Makanan Olahan, Minuman, Tembakau"
23,Taiwan,382470.27,2023,,Sisa industri makanan; pakan ternak,IV,"Makanan Olahan, Minuman, Tembakau"
23,Tanzania United Rep. Of,512.0,2023,,Sisa industri makanan; pakan ternak,IV,"Makanan Olahan, Minuman, Tembakau"
23,Thailand,56299292.48,2023,,Sisa industri makanan; pakan ternak,IV,"Makanan Olahan, Minuman, Tembakau"
23,Turkey,5767391.28,2023,,Sisa industri makanan; pakan ternak,IV,"Makanan Olahan, Minuman, Tembakau"
23,United Arab Emirates,7553585.85,2023,,Sisa industri makanan; pakan ternak,IV,"Makanan Olahan, Minuman, Tembakau"
23,United Kingdom,26915967.84,2023,,Sisa industri makanan; pakan ternak,IV,"Makanan Olahan, Minuman, Tembakau"
23,United States,60340495.6,2023,,Sisa industri makanan; pakan ternak,IV,"Makanan Olahan, Minuman, Tembakau"
23,Viet Nam,110981984.95,2023,,Sisa industri makanan; pakan ternak,IV,"Makanan Olahan, Minuman, Tembakau"
24,Albania,100075.0,2023,,Tembakau,IV,"Makanan Olahan, Minuman, Tembakau"
24,Argentina,9312.0,2023,,Tembakau,IV,"Makanan Olahan, Minuman, Tembakau"
24,Armenia,44952.060000000005,2023,,Tembakau,IV,"Makanan Olahan, Minuman, Tembakau"
24,Aruba,36900.0,2023,,Tembakau,IV,"Makanan Olahan, Minuman, Tembakau"
24,Australia,46926308.81,2023,,Tembakau,IV,"Makanan Olahan, Minuman, Tembakau"
24,Austria,3242.0,2023,,Tembakau,IV,"Makanan Olahan, Minuman, Tembakau"
24,Azerbaijan,2.5,2023,,Tembakau,IV,"Makanan Olahan, Minuman, Tembakau"
24,Bahrain,5.0,2023,,Tembakau,IV,"Makanan Olahan, Minuman, Tembakau"
24,Bangladesh,921565.21,2023,,Tembakau,IV,"Makanan Olahan, Minuman, Tembakau"
24,Belgium,45609259.580000006,2023,,Tembakau,IV,"Makanan Olahan, Minuman, Tembakau"
24,Brazil,11262375.76,2023,,Tembakau,IV,"Makanan Olahan, Minuman, Tembakau"
24,Bulgaria,490634.95,2023,,Tembakau,IV,"Makanan Olahan, Minuman, Tembakau"
24,Cambodia,250362214.2,2023,,Tembakau,IV,"Makanan Olahan, Minuman, Tembakau"
24,Canada,390.90000000000003,2023,,Tembakau,IV,"Makanan Olahan, Minuman, Tembakau"
24,Central African Republic,38.24,2023,,Tembakau,IV,"Makanan Olahan, Minuman, Tembakau"
24,China,12800665.269999998,2023,,Tembakau,IV,"Makanan Olahan, Minuman, Tembakau"
24,Croatia,999453.8,2023,,Tembakau,IV,"Makanan Olahan, Minuman, Tembakau"
24,Cyprus,57174.5,2023,,Tembakau,IV,"Makanan Olahan, Minuman, Tembakau"
24,Czech Republic,57818.0,2023,,Tembakau,IV,"Makanan Olahan, Minuman, Tembakau"
24,Dominican Republic,28977773.59,2023,,Tembakau,IV,"Makanan Olahan, Minuman, Tembakau"
24,East Timor,5217686.720000001,2023,,Tembakau,IV,"Makanan Olahan, Minuman, Tembakau"
24,Egypt,166778.39,2023,,Tembakau,IV,"Makanan Olahan, Minuman, Tembakau"
24,Estonia,41000.0,2023,,Tembakau,IV,"Makanan Olahan, Minuman, Tembakau"
24,Fiji,3316676.5300000003,2023,,Tembakau,IV,"Makanan Olahan, Minuman, Tembakau"
24,Finland,170058.38,2023,,Tembakau,IV,"Makanan Olahan, Minuman, Tembakau"
24,France,219628.4,2023,,Tembakau,IV,"Makanan Olahan, Minuman, Tembakau"
24,Georgia,37177.26,2023,,Tembakau,IV,"Makanan Olahan, Minuman, Tembakau"
24,Germany Fed. Rep. Of,50052463.19,2023,,Tembakau,IV,"Makanan Olahan, Minuman, Tembakau"
24,Ghana,6.0,2023,,Tembakau,IV,"Makanan Olahan, Minuman, Tembakau"
24,Greece,919711.0,2023,,Tembakau,IV,"Makanan Olahan, Minuman, Tembakau"
24,Guam,10247.0,2023,,Tembakau,IV,"Makanan Olahan, Minuman, Tembakau"
24,Honduras,1025513.72,2023,,Tembakau,IV,"Makanan Olahan, Minuman, Tembakau"
24,Hong Kong,61052927.019999996,2023,,Tembakau,IV,"Makanan Olahan, Minuman, Tembakau"
24,Hungary,1089809.21,2023,,Tembakau,IV,"Makanan Olahan, Minuman, Tembakau"
24,India,9906128.33,2023,,Tembakau,IV,"Makanan Olahan, Minuman, Tembakau"
24,Iraq,159819.4,2023,,Tembakau,IV,"Makanan Olahan, Minuman, Tembakau"
24,Italy,4474231.59,2023,,Tembakau,IV,"Makanan Olahan, Minuman, Tembakau"
24,Japan,103724762.03,2023,,Tembakau,IV,"Makanan Olahan, Minuman, Tembakau"
24,Jordan,758750.0,2023,,Tembakau,IV,"Makanan Olahan, Minuman, Tembakau"
24,Korea Republic Of,32147796.67,2023,,Tembakau,IV,"Makanan Olahan, Minuman, Tembakau"
24,Kyrgyzstan,19705.16,2023,,Tembakau,IV,"Makanan Olahan, Minuman, Tembakau"
24,Lao Peoples Dem. Rep.,281473.7,2023,,Tembakau,IV,"Makanan Olahan, Minuman, Tembakau"
24,Latvia,9800.0,2023,,Tembakau,IV,"Makanan Olahan, Minuman, Tembakau"
24,Lebanon,340486.5,2023,,Tembakau,IV,"Makanan Olahan, Minuman, Tembakau"
24,Macau,9979.45,2023,,Tembakau,IV,"Makanan Olahan, Minuman, Tembakau"
24,Malaysia,86181798.62,2023,,Tembakau,IV,"Makanan Olahan, Minuman, Tembakau"
24,Maldives,573786.2,2023,,Tembakau,IV,"Makanan Olahan, Minuman, Tembakau"
24,Malta,43100.0,2023,,Tembakau,IV,"Makanan Olahan, Minuman, Tembakau"
24,Mexico,1.5,2023,,Tembakau,IV,"Makanan Olahan, Minuman, Tembakau"
24,Micronesia Fed. States Of,11451.8,2023,,Tembakau,IV,"Makanan Olahan, Minuman, Tembakau"
24,Myanmar,1700577.0,2023,,Tembakau,IV,"Makanan Olahan, Minuman, Tembakau"
24,Nepal,65691.7,2023,,Tembakau,IV,"Makanan Olahan, Minuman, Tembakau"
24,Netherlands,8363821.75,2023,,Tembakau,IV,"Makanan Olahan, Minuman, Tembakau"
24,New Zealand,9109899.03,2023,,Tembakau,IV,"Makanan Olahan, Minuman, Tembakau"
24,Nicaragua,7103174.94,2023,,Tembakau,IV,"Makanan Olahan, Minuman, Tembakau"
24,Nigeria,3036.0,2023,,Tembakau,IV,"Makanan Olahan, Minuman, Tembakau"
24,Pakistan,179964.1,2023,,Tembakau,IV,"Makanan Olahan, Minuman, Tembakau"
24,Papua New Guinea,7618388.140000001,2023,,Tembakau,IV,"Makanan Olahan, Minuman, Tembakau"
24,Paraguay,10768239.28,2023,,Tembakau,IV,"Makanan Olahan, Minuman, Tembakau"
24,Philippines,278976976.09,2023,,Tembakau,IV,"Makanan Olahan, Minuman, Tembakau"
24,Poland,1504710.91,2023,,Tembakau,IV,"Makanan Olahan, Minuman, Tembakau"
24,Portugal,1.0,2023,,Tembakau,IV,"Makanan Olahan, Minuman, Tembakau"
24,Romania,70762.8,2023,,Tembakau,IV,"Makanan Olahan, Minuman, Tembakau"
24,Russia Federation,493652.23,2023,,Tembakau,IV,"Makanan Olahan, Minuman, Tembakau"
24,Samoa,894773.4,2023,,Tembakau,IV,"Makanan Olahan, Minuman, Tembakau"
24,Singapore,156946750.72,2023,,Tembakau,IV,"Makanan Olahan, Minuman, Tembakau"
24,Slovakia,100.0,2023,,Tembakau,IV,"Makanan Olahan, Minuman, Tembakau"
24,Solomon Islands,1306478.68,2023,,Tembakau,IV,"Makanan Olahan, Minuman, Tembakau"
24,South Africa,50749.47,2023,,Tembakau,IV,"Makanan Olahan, Minuman, Tembakau"
24,Spain,2564805.67,2023,,Tembakau,IV,"Makanan Olahan, Minuman, Tembakau"
24,Sri Lanka,24198907.41,2023,,Tembakau,IV,"Makanan Olahan, Minuman, Tembakau"
24,Suriname,7950.0,2023,,Tembakau,IV,"Makanan Olahan, Minuman, Tembakau"
24,Sweden,67612.0,2023,,Tembakau,IV,"Makanan Olahan, Minuman, Tembakau"
24,Switzerland,372870.61,2023,,Tembakau,IV,"Makanan Olahan, Minuman, Tembakau"
24,Taiwan,15017685.12,2023,,Tembakau,IV,"Makanan Olahan, Minuman, Tembakau"
24,Thailand,52861837.4,2023,,Tembakau,IV,"Makanan Olahan, Minuman, Tembakau"
24,Togo,17.0,2023,,Tembakau,IV,"Makanan Olahan, Minuman, Tembakau"
24,Tunisia,506919.72,2023,,Tembakau,IV,"Makanan Olahan, Minuman, Tembakau"
24,Turkey,1979859.85,2023,,Tembakau,IV,"Makanan Olahan, Minuman, Tembakau"
24,United Arab Emirates,11547683.440000001,2023,,Tembakau,IV,"Makanan Olahan, Minuman, Tembakau"
24,United Kingdom,72683.86,2023,,Tembakau,IV,"Makanan Olahan, Minuman, Tembakau"
24,United States,278733414.39,2023,,Tembakau,IV,"Makanan Olahan, Minuman, Tembakau"
24,Viet Nam,114081519.65,2023,,Tembakau,IV,"Makanan Olahan, Minuman, Tembakau"
01,Armenia,15.0,2024,75.0291715285881,Hewan hidup,I,Produk Hewani
01,Azerbaijan,54.23,2024,64.33333333333331,Hewan hidup,I,Produk Hewani
01,Bahrain,124.56,2024,-64.51282051282051,Hewan hidup,I,Produk Hewani
01,Bangladesh,5125.0,2024,-7.657657657657657,Hewan hidup,I,Produk Hewani
01,Belgium,1586.4,2024,2075.2365281777047,Hewan hidup,I,Produk Hewani
01,Brazil,324.0,2024,-41.090909090909086,Hewan hidup,I,Produk Hewani
01,Brunei Darussalam,2195.63,2024,134.95238095238096,Hewan hidup,I,Produk Hewani
01,Bulgaria,44.45,2024,,Hewan hidup,I,Produk Hewani
01,Cambodia,779.63,2024,340.4689265536723,Hewan hidup,I,Produk Hewani
01,Canada,51459.82,2024,228.53648804374544,Hewan hidup,I,Produk Hewani
01,China,54346.0,2024,13.098310163989012,Hewan hidup,I,Produk Hewani
01,Czech Republic,174012.25,2024,-6.263530903330776,Hewan hidup,I,Produk Hewani
01,East Timor,212311.0,2024,-41.245053272450534,Hewan hidup,I,Produk Hewani
01,Egypt,100.0,2024,0.0,Hewan hidup,I,Produk Hewani
01,France,15743.0,2024,7891.370558375634,Hewan hidup,I,Produk Hewani
01,Germany Fed. Rep. Of,73680.35,2024,11.07622826237384,Hewan hidup,I,Produk Hewani
01,Greece,100.0,2024,,Hewan hidup,I,Produk Hewani
01,Hong Kong,97308.64000000001,2024,-27.527638340656875,Hewan hidup,I,Produk Hewani
01,Hungary,591.6,2024,53.105590062111816,Hewan hidup,I,Produk Hewani
01,India,91169.0,2024,11296.125,Hewan hidup,I,Produk Hewani
01,Iran (Islamic Republic Of),28.78,2024,,Hewan hidup,I,Produk Hewani
01,Iraq,24588.12,2024,602.5177142857142,Hewan hidup,I,Produk Hewani
01,Italy,21948.12,2024,10.355833773286065,Hewan hidup,I,Produk Hewani
01,Japan,540546.81,2024,28.041130403181665,Hewan hidup,I,Produk Hewani
01,Kazakhstan,7854.1,2024,22.273441282562633,Hewan hidup,I,Produk Hewani
01,Kenya,100.0,2024,100.0,Hewan hidup,I,Produk Hewani
01,Korea Republic Of,150010.09,2024,2.5267101706080095,Hewan hidup,I,Produk Hewani
01,Kuwait,47884.78,2024,339.2623550844954,Hewan hidup,I,Produk Hewani
01,Lebanon,17080.0,2024,-84.62646264626463,Hewan hidup,I,Produk Hewani
01,Luxembourg,108.0,2024,,Hewan hidup,I,Produk Hewani
01,Malaysia,33425.18,2024,319.86684922559004,Hewan hidup,I,Produk Hewani
01,Mexico,75.0,2024,-46.808510638297875,Hewan hidup,I,Produk Hewani
01,Morocco,52.650000000000006,2024,-92.14179104477613,Hewan hidup,I,Produk Hewani
01,Nepal,128.0,2024,156.0,Hewan hidup,I,Produk Hewani
01,Netherlands,8943.0,2024,149.3517356754496,Hewan hidup,I,Produk Hewani
01,Norway,1500.0,2024,,Hewan hidup,I,Produk Hewani
01,Pakistan,40.0,2024,-99.58549222797927,Hewan hidup,I,Produk Hewani
01,Panama,4410.0,2024,231.57894736842107,Hewan hidup,I,Produk Hewani
01,Philippines,2216.0,2024,-81.12114499914807,Hewan hidup,I,Produk Hewani
01,Poland,1113.94,2024,-79.63285978095918,Hewan hidup,I,Produk Hewani
01,Portugal,100.0,2024,,Hewan hidup,I,Produk Hewani
01,Qatar,2591.5,2024,12.541798757979771,Hewan hidup,I,Produk Hewani
01,Russia Federation,57460.26,2024,124.81612972137171,Hewan hidup,I,Produk Hewani
01,Saudi Arabia,394.9,2024,-97.59939209726444,Hewan hidup,I,Produk Hewani
01,Senegal,200.0,2024,,Hewan hidup,I,Produk Hewani
01,Singapore,973123.87,2024,-95.5798858834018,Hewan hidup,I,Produk Hewani
01,South Africa,5207.0,2024,330.15282940933497,Hewan hidup,I,Produk Hewani
01,Spain,186.0,2024,-74.65940054495913,Hewan hidup,I,Produk Hewani
01,Sri Lanka,791.26,2024,,Hewan hidup,I,Produk Hewani
01,Suriname,145.0,2024,,Hewan hidup,I,Produk Hewani
01,Switzerland,284.0,2024,468.0,Hewan hidup,I,Produk Hewani
01,Taiwan,88655.5,2024,9.87329723995322,Hewan hidup,I,Produk Hewani
01,Thailand,2589.0,2024,-66.66452069786905,Hewan hidup,I,Produk Hewani
01,Turkey,19300.75,2024,113.50387168141593,Hewan hidup,I,Produk Hewani
01,Ukraine,172.25,2024,,Hewan hidup,I,Produk Hewani
01,United Arab Emirates,57838.0,2024,-16.33758892331549,Hewan hidup,I,Produk Hewani
01,United Kingdom,121997.4,2024,72.46942030802846,Hewan hidup,I,Produk Hewani
01,United States,2433099.3800000004,2024,-26.10526863099975,Hewan hidup,I,Produk Hewani
01,Uzbekistan,7730.0,2024,-5.408712677435144,Hewan hidup,I,Produk Hewani
01,Viet Nam,700.0,2024,54.86725663716814,Hewan hidup,I,Produk Hewani
02,Australia,1.92,2024,,Daging dan jeroan yang dapat dimakan,I,Produk Hewani
02,Belgium,3650074.97,2024,-15.050302546904385,Daging dan jeroan yang dapat dimakan,I,Produk Hewani
02,Cambodia,5.0,2024,,Daging dan jeroan yang dapat dimakan,I,Produk Hewani
02,Canada,10550.0,2024,,Daging dan jeroan yang dapat dimakan,I,Produk Hewani
02,China,2922301.9299999997,2024,-34.277500079052274,Daging dan jeroan yang dapat dimakan,I,Produk Hewani
02,East Timor,294494.04000000004,2024,-15.110518253135691,Daging dan jeroan yang dapat dimakan,I,Produk Hewani
02,France,8517034.98,2024,-17.448569245065354,Daging dan jeroan yang dapat dimakan,I,Produk Hewani
02,Hong Kong,187185.34,2024,-46.50128897119723,Daging dan jeroan yang dapat dimakan,I,Produk Hewani
02,Korea Republic Of,74250.0,2024,3712400.0,Daging dan jeroan yang dapat dimakan,I,Produk Hewani
02,Malaysia,7045.45,2024,-60.28781463344245,Daging dan jeroan yang dapat dimakan,I,Produk Hewani
02,New Zealand,3186.11,2024,,Daging dan jeroan yang dapat dimakan,I,Produk Hewani
02,Oman,114.0,2024,,Daging dan jeroan yang dapat dimakan,I,Produk Hewani
02,Singapore,6006236.35,2024,552.2627980469027,Daging dan jeroan yang dapat dimakan,I,Produk Hewani
02,Taiwan,22000.0,2024,120.0,Daging dan jeroan yang dapat dimakan,I,Produk Hewani
02,United Kingdom,290.25,2024,,Daging dan jeroan yang dapat dimakan,I,Produk Hewani
03,Albania,2249736.0,2024,77.50558813713245,Ikan dan krustasea,I,Produk Hewani
03,Algeria,2576125.16,2024,-66.21869203024482,Ikan dan krustasea,I,Produk Hewani
03,American Samoa,1588536.23,2024,50.75391657050017,Ikan dan krustasea,I,Produk Hewani
03,Argentina,79499.82,2024,-13.61869074106529,Ikan dan krustasea,I,Produk Hewani
03,Armenia,16955.43,2024,45.58028435302776,Ikan dan krustasea,I,Produk Hewani
03,Aruba,543541.0,2024,-43.02541551936441,Ikan dan krustasea,I,Produk Hewani
03,Australia,55823114.21,2024,16.26595319821571,Ikan dan krustasea,I,Produk Hewani
03,Austria,146836.97,2024,4.592580910804777,Ikan dan krustasea,I,Produk Hewani
03,Azerbaijan,6787.5,2024,5.3722376173066655,Ikan dan krustasea,I,Produk Hewani
03,Bahrain,56326.46000000001,2024,-8.57713349794703,Ikan dan krustasea,I,Produk Hewani
03,Bangladesh,376597.49,2024,332.74652467521963,Ikan dan krustasea,I,Produk Hewani
03,Barbados,386610.4,2024,-25.100955035937982,Ikan dan krustasea,I,Produk Hewani
03,Belarus,1780074.0,2024,52.143076923076926,Ikan dan krustasea,I,Produk Hewani
03,Belgium,20128144.93,2024,45.82627003593009,Ikan dan krustasea,I,Produk Hewani
03,Brazil,275282.98,2024,1.7268658047297485,Ikan dan krustasea,I,Produk Hewani
03,Brunei Darussalam,801797.21,2024,67.14662458120432,Ikan dan krustasea,I,Produk Hewani
03,Bulgaria,464732.94,2024,-0.6578073335420602,Ikan dan krustasea,I,Produk Hewani
03,Cameroon,19630.86,2024,,Ikan dan krustasea,I,Produk Hewani
03,Canada,54708348.5,2024,31.887202742427124,Ikan dan krustasea,I,Produk Hewani
03,Chile,584627.0,2024,68.7358997592262,Ikan dan krustasea,I,Produk Hewani
03,China,986945363.59,2024,22.72937615007359,Ikan dan krustasea,I,Produk Hewani
03,Colombia,933201.44,2024,176.2718982591522,Ikan dan krustasea,I,Produk Hewani
03,Costa Rica,4995685.5,2024,-35.41594889523422,Ikan dan krustasea,I,Produk Hewani
03,Cote Divoire,162893.0,2024,-10.018955385105318,Ikan dan krustasea,I,Produk Hewani
03,Croatia,350337.72,2024,67.64800294010396,Ikan dan krustasea,I,Produk Hewani
03,Cyprus,2168696.69,2024,-11.269340399196452,Ikan dan krustasea,I,Produk Hewani
03,Czech Republic,618895.1599999999,2024,14.018307773062253,Ikan dan krustasea,I,Produk Hewani
03,Denmark,2297985.28,2024,200.23962620371316,Ikan dan krustasea,I,Produk Hewani
03,Dominican Republic,4266417.99,2024,3.372124328296945,Ikan dan krustasea,I,Produk Hewani
03,East Timor,1194637.83,2024,110.71132238880304,Ikan dan krustasea,I,Produk Hewani
03,Ecuador,1137397.0,2024,-62.64934509440495,Ikan dan krustasea,I,Produk Hewani
03,Egypt,1165201.2200000002,2024,53.13564889297056,Ikan dan krustasea,I,Produk Hewani
03,Estonia,139300.0,2024,,Ikan dan krustasea,I,Produk Hewani
03,Finland,4990.06,2024,-0.32359485923623255,Ikan dan krustasea,I,Produk Hewani
03,France,26479596.04,2024,37.09601623414728,Ikan dan krustasea,I,Produk Hewani
03,Georgia,576787.8099999999,2024,2.094666448100169,Ikan dan krustasea,I,Produk Hewani
03,Germany Fed. Rep. Of,17528818.02,2024,18.418503194482234,Ikan dan krustasea,I,Produk Hewani
03,Ghana,2382.23,2024,,Ikan dan krustasea,I,Produk Hewani
03,Greece,12788179.09,2024,19.82851630661952,Ikan dan krustasea,I,Produk Hewani
03,Grenada,73300.0,2024,-0.6481589412590671,Ikan dan krustasea,I,Produk Hewani
03,Guadeloupe,1165220.6800000002,2024,-35.77659337582482,Ikan dan krustasea,I,Produk Hewani
03,Guam,1109.1,2024,-98.68277909738717,Ikan dan krustasea,I,Produk Hewani
03,Hong Kong,65146079.18,2024,1.5513151217433363,Ikan dan krustasea,I,Produk Hewani
03,Hungary,60693.43,2024,32.22655496852037,Ikan dan krustasea,I,Produk Hewani
03,Iceland,5525.09,2024,-70.9275563338483,Ikan dan krustasea,I,Produk Hewani
03,India,2058187.28,2024,96.52763448941704,Ikan dan krustasea,I,Produk Hewani
03,Iran (Islamic Republic Of),1639847.43,2024,800.7973952228466,Ikan dan krustasea,I,Produk Hewani
03,Iraq,69846.20000000001,2024,27.81903426871093,Ikan dan krustasea,I,Produk Hewani
03,Ireland,2149704.04,2024,-22.60969789204147,Ikan dan krustasea,I,Produk Hewani
03,Israel,233108.58,2024,-37.24285628020413,Ikan dan krustasea,I,Produk Hewani
03,Italy,115477931.30000001,2024,13.354632259116325,Ikan dan krustasea,I,Produk Hewani
03,Japan,387647692.57,2024,-14.142119596493236,Ikan dan krustasea,I,Produk Hewani
03,Jordan,285846.85,2024,-25.807042560856104,Ikan dan krustasea,I,Produk Hewani
03,Kazakhstan,204078.41999999998,2024,207.95769261123672,Ikan dan krustasea,I,Produk Hewani
03,Kenya,91477.25,2024,25.724642660802637,Ikan dan krustasea,I,Produk Hewani
03,Korea Republic Of,68548566.82,2024,-6.843767188932875,Ikan dan krustasea,I,Produk Hewani
03,Kuwait,1484901.7,2024,317.6194951048239,Ikan dan krustasea,I,Produk Hewani
03,Kyrgyzstan,150.0,2024,-75.0,Ikan dan krustasea,I,Produk Hewani
03,Lebanon,1001236.8400000001,2024,-16.733935442699263,Ikan dan krustasea,I,Produk Hewani
03,Libyan Arab Jamahiriya,716250.0,2024,194005.69105691055,Ikan dan krustasea,I,Produk Hewani
03,Lithuania,673311.56,2024,-25.722420349364267,Ikan dan krustasea,I,Produk Hewani
03,Luxembourg,55844.66,2024,303.4051080232199,Ikan dan krustasea,I,Produk Hewani
03,Macau,264451.92,2024,113.48388149869844,Ikan dan krustasea,I,Produk Hewani
03,Malaysia,129719973.84,2024,-7.783271471532053,Ikan dan krustasea,I,Produk Hewani
03,Maldives,46595.66,2024,55.47984012781235,Ikan dan krustasea,I,Produk Hewani
03,Malta,255727.33000000002,2024,71.45546174450999,Ikan dan krustasea,I,Produk Hewani
03,Martinique,2967626.7,2024,113.65285623890429,Ikan dan krustasea,I,Produk Hewani
03,Mauritius,11781578.15,2024,31.930826296292853,Ikan dan krustasea,I,Produk Hewani
03,Mayotte,73587.5,2024,-66.72917309533418,Ikan dan krustasea,I,Produk Hewani
03,Mexico,13232705.620000001,2024,4.80654904622771,Ikan dan krustasea,I,Produk Hewani
03,Moldova Republic Of,150867.21,2024,92.33551675429244,Ikan dan krustasea,I,Produk Hewani
03,Morocco,269285.86,2024,346.1339297119096,Ikan dan krustasea,I,Produk Hewani
03,Mozambique,72085.44,2024,-40.302071249169366,Ikan dan krustasea,I,Produk Hewani
03,Namibia,453880.26,2024,6.541288164372452,Ikan dan krustasea,I,Produk Hewani
03,Netherlands,21577821.84,2024,11.402424851314178,Ikan dan krustasea,I,Produk Hewani
03,Netherlands Antilles,164338.1,2024,,Ikan dan krustasea,I,Produk Hewani
03,New Zealand,2016011.6600000001,2024,60.777592180154905,Ikan dan krustasea,I,Produk Hewani
03,Nigeria,1354.26,2024,,Ikan dan krustasea,I,Produk Hewani
03,Norway,71016.45999999999,2024,1885.519134849806,Ikan dan krustasea,I,Produk Hewani
03,Oman,2197747.76,2024,14500.74380659434,Ikan dan krustasea,I,Produk Hewani
03,Pakistan,27670.53,2024,197.1584166603127,Ikan dan krustasea,I,Produk Hewani
03,Papua New Guinea,472025.0,2024,-75.45019500276386,Ikan dan krustasea,I,Produk Hewani
03,Peru,1402126.28,2024,-58.507843480421265,Ikan dan krustasea,I,Produk Hewani
03,Philippines,19561184.93,2024,-57.32872480326686,Ikan dan krustasea,I,Produk Hewani
03,Poland,5196016.52,2024,-7.1876310070734934,Ikan dan krustasea,I,Produk Hewani
03,Portugal,11490162.27,2024,5.317699415101809,Ikan dan krustasea,I,Produk Hewani
03,Puerto Rico,10135121.23,2024,-5.335921444747504,Ikan dan krustasea,I,Produk Hewani
03,Qatar,412496.53,2024,1.1295766145852832,Ikan dan krustasea,I,Produk Hewani
03,Rep. Of Macedonia,28404.46,2024,126.98780931223104,Ikan dan krustasea,I,Produk Hewani
03,Reunion,2948082.58,2024,-16.032971994046573,Ikan dan krustasea,I,Produk Hewani
03,Romania,1112755.28,2024,-2.598365664789152,Ikan dan krustasea,I,Produk Hewani
03,Russia Federation,19199403.47,2024,15.611087709609329,Ikan dan krustasea,I,Produk Hewani
03,Saudi Arabia,3400642.43,2024,82.42428626932553,Ikan dan krustasea,I,Produk Hewani
03,Senegal,1792008.4100000001,2024,14.104651774581036,Ikan dan krustasea,I,Produk Hewani
03,Serbia,8107.23,2024,13.306219995387936,Ikan dan krustasea,I,Produk Hewani
03,Seychelles,968193.27,2024,81.29293846925081,Ikan dan krustasea,I,Produk Hewani
03,Singapore,97678477.28,2024,-3.5790556774839963,Ikan dan krustasea,I,Produk Hewani
03,Slovenia,259135.0,2024,12.866394386589535,Ikan dan krustasea,I,Produk Hewani
03,South Africa,1201062.95,2024,23.097279460054953,Ikan dan krustasea,I,Produk Hewani
03,Spain,59656167.99,2024,81.12254770018095,Ikan dan krustasea,I,Produk Hewani
03,Sri Lanka,1994979.73,2024,28.92656749560183,Ikan dan krustasea,I,Produk Hewani
03,Suriname,866303.5,2024,-15.427243429253956,Ikan dan krustasea,I,Produk Hewani
03,Sweden,1044381.0700000001,2024,95.33292298461551,Ikan dan krustasea,I,Produk Hewani
03,Switzerland,1085072.2,2024,38.44576327056287,Ikan dan krustasea,I,Produk Hewani
03,Taiwan,124716422.55000001,2024,-5.597954331041924,Ikan dan krustasea,I,Produk Hewani
03,Tanzania United Rep. Of,1656.6399999999999,2024,-85.84173655463226,Ikan dan krustasea,I,Produk Hewani
03,Thailand,117186407.39,2024,63.56223488769287,Ikan dan krustasea,I,Produk Hewani
03,Trinidad And Tobago,2686715.8200000003,2024,53.5959392049963,Ikan dan krustasea,I,Produk Hewani
03,Tunisia,5633687.68,2024,334.61529168437806,Ikan dan krustasea,I,Produk Hewani
03,Turkey,4324573.79,2024,319.7867620588667,Ikan dan krustasea,I,Produk Hewani
03,Ukraine,2122279.58,2024,424.1346872403675,Ikan dan krustasea,I,Produk Hewani
03,United Arab Emirates,4174772.46,2024,-1.5666069740325823,Ikan dan krustasea,I,Produk Hewani
03,United Kingdom,20356827.73,2024,60.68816334591982,Ikan dan krustasea,I,Produk Hewani
03,United States,1097810437.26,2024,1.8490101438527842,Ikan dan krustasea,I,Produk Hewani
03,Uruguay,11490.76,2024,-83.31196273048191,Ikan dan krustasea,I,Produk Hewani
03,Uzbekistan,119412.86,2024,48.691901223425745,Ikan dan krustasea,I,Produk Hewani
03,Viet Nam,334066947.55,2024,69.80403557627308,Ikan dan krustasea,I,Produk Hewani
04,American Samoa,17515.0,2024,,Susu; telur unggas; madu,I,Produk Hewani
04,Australia,1795441.59,2024,-29.37562004853592,Susu; telur unggas; madu,I,Produk Hewani
04,Brunei Darussalam,2096767.6400000001,2024,16.974642069114303,Susu; telur unggas; madu,I,Produk Hewani
04,Cambodia,2834711.84,2024,185.1203715507162,Susu; telur unggas; madu,I,Produk Hewani
04,Canada,1210362.33,2024,2.27211970009408,Susu; telur unggas; madu,I,Produk Hewani
04,China,428798965.9,2024,-10.501944896631164,Susu; telur unggas; madu,I,Produk Hewani
04,Comoros,23075.0,2024,-51.1567851321889,Susu; telur unggas; madu,I,Produk Hewani
04,Cote Divoire,37966.73,2024,318.2509501514735,Susu; telur unggas; madu,I,Produk Hewani
04,Democratic Rep. Of The Congo,3221.0,2024,69.87052712074467,Susu; telur unggas; madu,I,Produk Hewani
04,East Timor,14652571.889999999,2024,1.9753628036289752,Susu; telur unggas; madu,I,Produk Hewani
04,Egypt,103937.92,2024,2038.7855553977947,Susu; telur unggas; madu,I,Produk Hewani
04,Fiji,67588.68,2024,6.070475862257275,Susu; telur unggas; madu,I,Produk Hewani
04,France,90201.56999999999,2024,11.576435021773708,Susu; telur unggas; madu,I,Produk Hewani
04,Germany Fed. Rep. Of,2378.79,2024,687.6788079470199,Susu; telur unggas; madu,I,Produk Hewani
04,Guyana,32945.0,2024,-66.66666666666666,Susu; telur unggas; madu,I,Produk Hewani
04,Hong Kong,63122441.45,2024,-18.946515900976188,Susu; telur unggas; madu,I,Produk Hewani
04,India,1492.04,2024,,Susu; telur unggas; madu,I,Produk Hewani
04,Israel,3300.0,2024,,Susu; telur unggas; madu,I,Produk Hewani
04,Japan,287395.87,2024,37.493124646963125,Susu; telur unggas; madu,I,Produk Hewani
04,Kiribati,10940.13,2024,2.3120949415032364,Susu; telur unggas; madu,I,Produk Hewani
04,Korea Republic Of,360078.55000000005,2024,121.64577823662125,Susu; telur unggas; madu,I,Produk Hewani
04,Kuwait,13690.6,2024,-59.22759179346062,Susu; telur unggas; madu,I,Produk Hewani
04,Lao Peoples Dem. Rep.,74073.6,2024,372.03186235462806,Susu; telur unggas; madu,I,Produk Hewani
04,Libyan Arab Jamahiriya,223678.35,2024,-65.65651740791206,Susu; telur unggas; madu,I,Produk Hewani
04,Macau,97778.68999999999,2024,211.65496165298543,Susu; telur unggas; madu,I,Produk Hewani
04,Malaysia,4247490.94,2024,-9.830556702256683,Susu; telur unggas; madu,I,Produk Hewani
04,Maldives,2792567.4,2024,-4.406055938493778,Susu; telur unggas; madu,I,Produk Hewani
04,Micronesia Fed. States Of,6493.0,2024,2264.0997633351544,Susu; telur unggas; madu,I,Produk Hewani
04,Mongolia,13945.919999999998,2024,-2.6373110820683094,Susu; telur unggas; madu,I,Produk Hewani
04,Myanmar,882839.02,2024,7.987293877293195,Susu; telur unggas; madu,I,Produk Hewani
04,Netherlands,3395.52,2024,155657.79816513762,Susu; telur unggas; madu,I,Produk Hewani
04,New Zealand,50368.53,2024,-4.045613668784057,Susu; telur unggas; madu,I,Produk Hewani
04,Nigeria,77333.0,2024,106.7003268908484,Susu; telur unggas; madu,I,Produk Hewani
04,Oman,687.58,2024,-88.15885098248575,Susu; telur unggas; madu,I,Produk Hewani
04,Papua New Guinea,7180590.36,2024,-12.767566451244441,Susu; telur unggas; madu,I,Produk Hewani
04,Philippines,15940360.93,2024,21.42128792131097,Susu; telur unggas; madu,I,Produk Hewani
04,Qatar,7424.8,2024,-21.734639020945117,Susu; telur unggas; madu,I,Produk Hewani
04,Samoa,159731.77000000002,2024,-18.672207261631456,Susu; telur unggas; madu,I,Produk Hewani
04,Saudi Arabia,316006.28,2024,-8.459232941275294,Susu; telur unggas; madu,I,Produk Hewani
04,Senegal,7360.0,2024,48.996601015039346,Susu; telur unggas; madu,I,Produk Hewani
04,Sierra Leone,25965.9,2024,10147.000789265981,Susu; telur unggas; madu,I,Produk Hewani
04,Singapore,29046506.67,2024,5.976373805989616,Susu; telur unggas; madu,I,Produk Hewani
04,Solomon Islands,193291.85,2024,43.17297580208023,Susu; telur unggas; madu,I,Produk Hewani
04,Somalia,365.47,2024,,Susu; telur unggas; madu,I,Produk Hewani
04,Taiwan,2126388.81,2024,15.996803241329083,Susu; telur unggas; madu,I,Produk Hewani
04,Tanzania United Rep. Of,1744.96,2024,,Susu; telur unggas; madu,I,Produk Hewani
04,Thailand,3702594.5,2024,210.5589825070805,Susu; telur unggas; madu,I,Produk Hewani
04,Togo,6039.25,2024,15586.363636363638,Susu; telur unggas; madu,I,Produk Hewani
04,Tonga,185501.32,2024,1.0162654089550585,Susu; telur unggas; madu,I,Produk Hewani
04,Tuvalu,3278.0,2024,167.98561151079136,Susu; telur unggas; madu,I,Produk Hewani
04,United Arab Emirates,848947.66,2024,3734.1229072482483,Susu; telur unggas; madu,I,Produk Hewani
04,United States,15177268.83,2024,5.447331338101653,Susu; telur unggas; madu,I,Produk Hewani
04,Vanuatu,26446.6,2024,-65.84338865779806,Susu; telur unggas; madu,I,Produk Hewani
04,Viet Nam,22497384.13,2024,-43.7429702684649,Susu; telur unggas; madu,I,Produk Hewani
05,Argentina,13893.33,2024,-44.51022540463079,Produk hewani lainnya,I,Produk Hewani
05,Armenia,1728.19,2024,715.7996601208459,Produk hewani lainnya,I,Produk Hewani
05,Australia,14631.630000000001,2024,-57.08811822299492,Produk hewani lainnya,I,Produk Hewani
05,Austria,32858.44,2024,35.40240447516716,Produk hewani lainnya,I,Produk Hewani
05,Azerbaijan,1482.0,2024,-26.814814814814813,Produk hewani lainnya,I,Produk Hewani
05,Bahrain,11822.240000000002,2024,67.25174824185513,Produk hewani lainnya,I,Produk Hewani
05,Bangladesh,9351028.37,2024,90.23749446518087,Produk hewani lainnya,I,Produk Hewani
05,Belgium,9011.5,2024,-77.70636425596552,Produk hewani lainnya,I,Produk Hewani
05,Brazil,333464.64,2024,-42.81203441959002,Produk hewani lainnya,I,Produk Hewani
05,Bulgaria,4522.51,2024,1.8122426559147773,Produk hewani lainnya,I,Produk Hewani
05,Canada,202531.28000000003,2024,-39.20021393416138,Produk hewani lainnya,I,Produk Hewani
05,China,8341919.46,2024,13.338922129270278,Produk hewani lainnya,I,Produk Hewani
05,Cyprus,6209.49,2024,2.53247954135651,Produk hewani lainnya,I,Produk Hewani
05,Czech Republic,50671.12,2024,37.29923445243149,Produk hewani lainnya,I,Produk Hewani
05,Denmark,8184.0,2024,-58.24888135672771,Produk hewani lainnya,I,Produk Hewani
05,East Timor,18.0,2024,,Produk hewani lainnya,I,Produk Hewani
05,Ethiopia,1.0,2024,,Produk hewani lainnya,I,Produk Hewani
05,France,199597.22,2024,-10.716407922553014,Produk hewani lainnya,I,Produk Hewani
05,Germany Fed. Rep. Of,825539.72,2024,-66.16337029931255,Produk hewani lainnya,I,Produk Hewani
05,Greece,9750.77,2024,23.013426959133753,Produk hewani lainnya,I,Produk Hewani
05,Hong Kong,1550257.64,2024,13.520924653672258,Produk hewani lainnya,I,Produk Hewani
05,Hungary,1658.2600000000002,2024,-36.94637099227352,Produk hewani lainnya,I,Produk Hewani
05,Iceland,4638.0,2024,-45.14812843711194,Produk hewani lainnya,I,Produk Hewani
05,India,1175186.64,2024,84.87656918171037,Produk hewani lainnya,I,Produk Hewani
05,Iran (Islamic Republic Of),40654.3,2024,138.84017612967094,Produk hewani lainnya,I,Produk Hewani
05,Iraq,6549.18,2024,-48.16800417873593,Produk hewani lainnya,I,Produk Hewani
05,Ireland,5046.5,2024,-60.16400132931382,Produk hewani lainnya,I,Produk Hewani
05,Israel,12450.69,2024,-58.54894731813235,Produk hewani lainnya,I,Produk Hewani
05,Italy,453478.58999999997,2024,-38.19491885093546,Produk hewani lainnya,I,Produk Hewani
05,Japan,3830678.51,2024,-15.802004538971554,Produk hewani lainnya,I,Produk Hewani
05,Jordan,22095.05,2024,-5.565369174674392,Produk hewani lainnya,I,Produk Hewani
05,Kazakhstan,5293.15,2024,26.47153694522429,Produk hewani lainnya,I,Produk Hewani
05,Korea Republic Of,452616.65,2024,-18.419108807872504,Produk hewani lainnya,I,Produk Hewani
05,Kuwait,13760.95,2024,216.05668416036013,Produk hewani lainnya,I,Produk Hewani
05,Lebanon,4941.77,2024,145.35263014174714,Produk hewani lainnya,I,Produk Hewani
05,Madagascar,73401.0,2024,-0.861841918661904,Produk hewani lainnya,I,Produk Hewani
05,Malaysia,271644.43,2024,226.9385694323922,Produk hewani lainnya,I,Produk Hewani
05,Malta,977.14,2024,-0.7878972484516186,Produk hewani lainnya,I,Produk Hewani
05,Mauritius,573.0,2024,,Produk hewani lainnya,I,Produk Hewani
05,Mexico,10034.32,2024,-88.95416664740257,Produk hewani lainnya,I,Produk Hewani
05,Morocco,6249.5,2024,,Produk hewani lainnya,I,Produk Hewani
05,Mozambique,1300.0,2024,,Produk hewani lainnya,I,Produk Hewani
05,Myanmar,15000.0,2024,19.57908163265306,Produk hewani lainnya,I,Produk Hewani
05,Namibia,10755.01,2024,16548.62229102167,Produk hewani lainnya,I,Produk Hewani
05,Netherlands,551844.78,2024,-9.50092052956066,Produk hewani lainnya,I,Produk Hewani
05,New Zealand,10907.95,2024,-2.8139361249062254,Produk hewani lainnya,I,Produk Hewani
05,Nigeria,1.0,2024,,Produk hewani lainnya,I,Produk Hewani
05,Norway,8303.77,2024,-31.36024388288265,Produk hewani lainnya,I,Produk Hewani
05,Pakistan,1475.25,2024,36.534012031466915,Produk hewani lainnya,I,Produk Hewani
05,Peru,7112.28,2024,35.97055871528939,Produk hewani lainnya,I,Produk Hewani
05,Philippines,14592.95,2024,-47.50312525294313,Produk hewani lainnya,I,Produk Hewani
05,Poland,137754.57,2024,-4.377113048186431,Produk hewani lainnya,I,Produk Hewani
05,Portugal,96633.31,2024,13.86611533300896,Produk hewani lainnya,I,Produk Hewani
05,Qatar,7799.040000000001,2024,-30.84179443296592,Produk hewani lainnya,I,Produk Hewani
05,Russia Federation,133670.22,2024,-28.405778689112875,Produk hewani lainnya,I,Produk Hewani
05,Saudi Arabia,397671.73000000004,2024,-67.39797248194908,Produk hewani lainnya,I,Produk Hewani
05,Serbia,512.5,2024,-43.05555555555556,Produk hewani lainnya,I,Produk Hewani
05,Singapore,557492.0800000001,2024,3.776289467102404,Produk hewani lainnya,I,Produk Hewani
05,South Africa,69349.17,2024,-14.412534054901286,Produk hewani lainnya,I,Produk Hewani
05,Spain,30391.04,2024,-78.15781605758836,Produk hewani lainnya,I,Produk Hewani
05,Sri Lanka,11935.0,2024,2123.733487358164,Produk hewani lainnya,I,Produk Hewani
05,Switzerland,249633.07,2024,402.7527301838249,Produk hewani lainnya,I,Produk Hewani
05,Syria Arab Republic,51260.0,2024,,Produk hewani lainnya,I,Produk Hewani
05,Taiwan,6990982.02,2024,54.699192234463844,Produk hewani lainnya,I,Produk Hewani
05,Tanzania United Rep. Of,1.0,2024,,Produk hewani lainnya,I,Produk Hewani
05,Thailand,359716.29000000004,2024,2.318945197189308,Produk hewani lainnya,I,Produk Hewani
05,Turkey,55489.8,2024,-90.00076278471238,Produk hewani lainnya,I,Produk Hewani
05,United Arab Emirates,418392.85000000003,2024,-16.59031446686573,Produk hewani lainnya,I,Produk Hewani
05,United Kingdom,648679.45,2024,-16.725910563362127,Produk hewani lainnya,I,Produk Hewani
05,United States,4788808.57,2024,-29.801425963152955,Produk hewani lainnya,I,Produk Hewani
05,Uzbekistan,3132.0,2024,-28.86668180785828,Produk hewani lainnya,I,Produk Hewani
05,Viet Nam,2287379.1399999997,2024,58.304259811038165,Produk hewani lainnya,I,Produk Hewani
05,Zimbabwe,1.0,2024,,Produk hewani lainnya,I,Produk Hewani
06,Armenia,470.0,2024,,Tanaman hidup dan bunga,II,Produk Nabati
06,Australia,368334.3,2024,-33.37996602893617,Tanaman hidup dan bunga,II,Produk Nabati
06,Austria,176.0,2024,46.666666666666664,Tanaman hidup dan bunga,II,Produk Nabati
06,Bahrain,6849.1,2024,73.2633442954718,Tanaman hidup dan bunga,II,Produk Nabati
06,Barbados,311.0,2024,,Tanaman hidup dan bunga,II,Produk Nabati
06,Brunei Darussalam,2082.61,2024,-14.524522881182017,Tanaman hidup dan bunga,II,Produk Nabati
06,Cambodia,36414.0,2024,9.293914609439485,Tanaman hidup dan bunga,II,Produk Nabati
06,Canada,435059.13999999996,2024,4.2883159340545385,Tanaman hidup dan bunga,II,Produk Nabati
06,Chile,204376.77,2024,27.55293705296007,Tanaman hidup dan bunga,II,Produk Nabati
06,China,1057491.52,2024,58.070885353085124,Tanaman hidup dan bunga,II,Produk Nabati
06,Czech Republic,20864.17,2024,-68.46037261927941,Tanaman hidup dan bunga,II,Produk Nabati
06,Democratic Rep. Of The Congo,500.0,2024,,Tanaman hidup dan bunga,II,Produk Nabati
06,East Timor,104102.51000000001,2024,3500.642981163661,Tanaman hidup dan bunga,II,Produk Nabati
06,France,8584.98,2024,1.3974814153396937,Tanaman hidup dan bunga,II,Produk Nabati
06,Germany Fed. Rep. Of,181335.35,2024,-3.4504439801480045,Tanaman hidup dan bunga,II,Produk Nabati
06,Greece,6574.3,2024,,Tanaman hidup dan bunga,II,Produk Nabati
06,Hong Kong,252985.36,2024,80.08591520651603,Tanaman hidup dan bunga,II,Produk Nabati
06,Hungary,3693.36,2024,,Tanaman hidup dan bunga,II,Produk Nabati
06,India,63411.56,2024,8.352525093390026,Tanaman hidup dan bunga,II,Produk Nabati
06,Iraq,18026.63,2024,-10.047205353266689,Tanaman hidup dan bunga,II,Produk Nabati
06,Italy,18246.07,2024,-64.3809471008533,Tanaman hidup dan bunga,II,Produk Nabati
06,Japan,6856739.890000001,2024,21.000247090218814,Tanaman hidup dan bunga,II,Produk Nabati
06,Jordan,1212.01,2024,123.27616380819045,Tanaman hidup dan bunga,II,Produk Nabati
06,Kenya,54.0,2024,,Tanaman hidup dan bunga,II,Produk Nabati
06,Korea Republic Of,1090953.45,2024,13.618587310976322,Tanaman hidup dan bunga,II,Produk Nabati
06,Kuwait,12927.19,2024,-55.929533290151014,Tanaman hidup dan bunga,II,Produk Nabati
06,Madagascar,534.0,2024,,Tanaman hidup dan bunga,II,Produk Nabati
06,Malaysia,707200.19,2024,0.599418458133378,Tanaman hidup dan bunga,II,Produk Nabati
06,Maldives,110.0,2024,-56.00000000000001,Tanaman hidup dan bunga,II,Produk Nabati
06,Namibia,138.54,2024,,Tanaman hidup dan bunga,II,Produk Nabati
06,Netherlands,3700992.2399999998,2024,-5.03152649441983,Tanaman hidup dan bunga,II,Produk Nabati
06,New Zealand,10954.0,2024,70.37359629203348,Tanaman hidup dan bunga,II,Produk Nabati
06,Nigeria,2870.0,2024,,Tanaman hidup dan bunga,II,Produk Nabati
06,Oman,5126.66,2024,454.29343712833827,Tanaman hidup dan bunga,II,Produk Nabati
06,Papua New Guinea,522.5699999999999,2024,-62.85531506557203,Tanaman hidup dan bunga,II,Produk Nabati
06,Paraguay,100.0,2024,,Tanaman hidup dan bunga,II,Produk Nabati
06,Peru,274.14,2024,-79.430037817396,Tanaman hidup dan bunga,II,Produk Nabati
06,Philippines,41551.5,2024,-2.156989624070341,Tanaman hidup dan bunga,II,Produk Nabati
06,Poland,62688.46,2024,30.621748961709734,Tanaman hidup dan bunga,II,Produk Nabati
06,Portugal,148.0,2024,-77.1604938271605,Tanaman hidup dan bunga,II,Produk Nabati
06,Qatar,35049.87,2024,95.72513499779424,Tanaman hidup dan bunga,II,Produk Nabati
06,Russia Federation,56724.19,2024,-10.096928702399229,Tanaman hidup dan bunga,II,Produk Nabati
06,Saudi Arabia,467696.25,2024,148.19341920777745,Tanaman hidup dan bunga,II,Produk Nabati
06,Singapore,1328654.37,2024,-41.855934353791255,Tanaman hidup dan bunga,II,Produk Nabati
06,South Africa,127704.28,2024,51.566554595837665,Tanaman hidup dan bunga,II,Produk Nabati
06,Spain,51662.85,2024,-11.427578037925633,Tanaman hidup dan bunga,II,Produk Nabati
06,Sri Lanka,5749.2,2024,,Tanaman hidup dan bunga,II,Produk Nabati
06,Switzerland,2351.0,2024,,Tanaman hidup dan bunga,II,Produk Nabati
06,Taiwan,170043.24,2024,32.50874627560031,Tanaman hidup dan bunga,II,Produk Nabati
06,Tanzania United Rep. Of,216.0,2024,,Tanaman hidup dan bunga,II,Produk Nabati
06,Thailand,979213.4,2024,12.75586332541256,Tanaman hidup dan bunga,II,Produk Nabati
06,Turkey,6686.389999999999,2024,-67.9807090954192,Tanaman hidup dan bunga,II,Produk Nabati
06,United Arab Emirates,78742.83,2024,286.0510369171937,Tanaman hidup dan bunga,II,Produk Nabati
06,United Kingdom,203138.53,2024,233.93630473149446,Tanaman hidup dan bunga,II,Produk Nabati
06,United States,2421898.58,2024,4.8439809047825735,Tanaman hidup dan bunga,II,Produk Nabati
06,Uruguay,806.1,2024,,Tanaman hidup dan bunga,II,Produk Nabati
06,Viet Nam,33790.05,2024,177.7142645801828,Tanaman hidup dan bunga,II,Produk Nabati
06,Yemen,10937.5,2024,,Tanaman hidup dan bunga,II,Produk Nabati
06,Zambia,2603.0,2024,-70.68759712619085,Tanaman hidup dan bunga,II,Produk Nabati
07,Argentina,198.24,2024,-44.786096256684495,Sayuran,II,Produk Nabati
07,Australia,723223.87,2024,42.62037194962061,Sayuran,II,Produk Nabati
07,Bahrain,23009.05,2024,-17.892999562862983,Sayuran,II,Produk Nabati
07,Belgium,67338.16,2024,-48.083505037402254,Sayuran,II,Produk Nabati
07,Brunei Darussalam,11072.189999999999,2024,4273.76654157614,Sayuran,II,Produk Nabati
07,Cambodia,160.0,2024,-79.85647740148558,Sayuran,II,Produk Nabati
07,Canada,31863.21,2024,-52.627320577698164,Sayuran,II,Produk Nabati
07,China,46146037.769999996,2024,43.88105916135683,Sayuran,II,Produk Nabati
07,Christmas Islands,357.19,2024,45.690745197210106,Sayuran,II,Produk Nabati
07,Czech Republic,108.0,2024,-91.21022218605029,Sayuran,II,Produk Nabati
07,East Timor,232914.36,2024,-26.0296716107283,Sayuran,II,Produk Nabati
07,France,38493.4,2024,42.373202322597535,Sayuran,II,Produk Nabati
07,Germany Fed. Rep. Of,8801.650000000001,2024,-54.23758511253364,Sayuran,II,Produk Nabati
07,Hong Kong,641674.7,2024,-44.70276404355261,Sayuran,II,Produk Nabati
07,Hungary,1343.4,2024,139.3799002138275,Sayuran,II,Produk Nabati
07,India,327224.8,2024,19.193465254569126,Sayuran,II,Produk Nabati
07,Italy,35350.0,2024,,Sayuran,II,Produk Nabati
07,Japan,25892933.169999998,2024,-5.713467839153209,Sayuran,II,Produk Nabati
07,Jordan,54784.0,2024,119.39927913496196,Sayuran,II,Produk Nabati
07,Korea Republic Of,520606.44,2024,-22.460542309858752,Sayuran,II,Produk Nabati
07,Kuwait,82361.45,2024,95.16644542189192,Sayuran,II,Produk Nabati
07,Malaysia,13001071.0,2024,99.35108562970788,Sayuran,II,Produk Nabati
07,Maldives,32269.54,2024,-44.77555057096597,Sayuran,II,Produk Nabati
07,Netherlands,1621853.33,2024,13.873576527924019,Sayuran,II,Produk Nabati
07,New Zealand,2590.46,2024,-8.325990098133932,Sayuran,II,Produk Nabati
07,Nigeria,149171.65,2024,-12.883666495943832,Sayuran,II,Produk Nabati
07,Oman,3508.8700000000003,2024,5797.260504201681,Sayuran,II,Produk Nabati
07,Pakistan,8000.0,2024,,Sayuran,II,Produk Nabati
07,Papua New Guinea,5335.28,2024,-89.63413425763119,Sayuran,II,Produk Nabati
07,Philippines,10174729.42,2024,-6.581165737545662,Sayuran,II,Produk Nabati
07,Poland,1547.0,2024,,Sayuran,II,Produk Nabati
07,Puerto Rico,71126.94,2024,-63.60840653834595,Sayuran,II,Produk Nabati
07,Qatar,35245.950000000004,2024,77.08871883068826,Sayuran,II,Produk Nabati
07,Saudi Arabia,1765386.3399999999,2024,12.61038793003256,Sayuran,II,Produk Nabati
07,Singapore,14662778.709999999,2024,-6.211747049339812,Sayuran,II,Produk Nabati
07,Sri Lanka,13800.0,2024,60426.31578947369,Sayuran,II,Produk Nabati
07,Switzerland,15.63,2024,,Sayuran,II,Produk Nabati
07,Taiwan,19864188.07,2024,14.02168747617096,Sayuran,II,Produk Nabati
07,Thailand,16775575.87,2024,60.648581745660856,Sayuran,II,Produk Nabati
07,United Arab Emirates,334335.82,2024,267.7857096183645,Sayuran,II,Produk Nabati
07,United Kingdom,106894.01999999999,2024,162.22671638704472,Sayuran,II,Produk Nabati
07,United States,1955181.36,2024,-8.847945132578621,Sayuran,II,Produk Nabati
07,Viet Nam,885445.7999999999,2024,-46.046889323508324,Sayuran,II,Produk Nabati
08,Afghanistan,356108.97,2024,19.468584512417063,Buah dan kacang-kacangan,II,Produk Nabati
08,Algeria,103986.0,2024,-28.442046563248745,Buah dan kacang-kacangan,II,Produk Nabati
08,Angola,60760.0,2024,78.39107457428068,Buah dan kacang-kacangan,II,Produk Nabati
08,Argentina,2821965.71,2024,11.929762197452105,Buah dan kacang-kacangan,II,Produk Nabati
08,Armenia,76240.0,2024,,Buah dan kacang-kacangan,II,Produk Nabati
08,Australia,2836862.73,2024,60.82460254516653,Buah dan kacang-kacangan,II,Produk Nabati
08,Austria,85000.0,2024,,Buah dan kacang-kacangan,II,Produk Nabati
08,Azerbaijan,61200.0,2024,241.7801047120419,Buah dan kacang-kacangan,II,Produk Nabati
08,Bahrain,338034.79000000004,2024,0.9746455758913147,Buah dan kacang-kacangan,II,Produk Nabati
08,Bangladesh,15819028.41,2024,22.10777279209544,Buah dan kacang-kacangan,II,Produk Nabati
08,Belarus,151117.16999999998,2024,244.5080238907748,Buah dan kacang-kacangan,II,Produk Nabati
08,Belgium,152946.8,2024,18.338659135749925,Buah dan kacang-kacangan,II,Produk Nabati
08,Bhutan,158656.0,2024,1072.0139705578174,Buah dan kacang-kacangan,II,Produk Nabati
08,Brazil,8436181.200000001,2024,39.03237955016457,Buah dan kacang-kacangan,II,Produk Nabati
08,Brunei Darussalam,51580.52,2024,269.951730320961,Buah dan kacang-kacangan,II,Produk Nabati
08,Bulgaria,129705.0,2024,-7.177274552167298,Buah dan kacang-kacangan,II,Produk Nabati
08,Cambodia,1064746.07,2024,-24.921823568659168,Buah dan kacang-kacangan,II,Produk Nabati
08,Canada,1001670.96,2024,-5.676623876681687,Buah dan kacang-kacangan,II,Produk Nabati
08,Cape Verde,22100.0,2024,-55.84415584415584,Buah dan kacang-kacangan,II,Produk Nabati
08,Chile,567438.47,2024,-21.318921889393135,Buah dan kacang-kacangan,II,Produk Nabati
08,China,254407130.23000002,2024,62.852954471532854,Buah dan kacang-kacangan,II,Produk Nabati
08,Christmas Islands,1125.3200000000002,2024,-63.56147616626784,Buah dan kacang-kacangan,II,Produk Nabati
08,Colombia,19000.0,2024,,Buah dan kacang-kacangan,II,Produk Nabati
08,Costa Rica,254275.0,2024,15.246900990323384,Buah dan kacang-kacangan,II,Produk Nabati
08,Croatia,183268.1,2024,-38.83087899439552,Buah dan kacang-kacangan,II,Produk Nabati
08,Cyprus,51816.130000000005,2024,216.33778998779002,Buah dan kacang-kacangan,II,Produk Nabati
08,Czech Republic,493442.33,2024,203.7258623591111,Buah dan kacang-kacangan,II,Produk Nabati
08,Denmark,128748.08,2024,-23.897899544793297,Buah dan kacang-kacangan,II,Produk Nabati
08,Dominica,31400.0,2024,,Buah dan kacang-kacangan,II,Produk Nabati
08,Dominican Republic,622159.51,2024,326.83317811428583,Buah dan kacang-kacangan,II,Produk Nabati
08,East Timor,189656.47,2024,-12.598356905164785,Buah dan kacang-kacangan,II,Produk Nabati
08,Egypt,7007601.47,2024,163.2355824953964,Buah dan kacang-kacangan,II,Produk Nabati
08,Finland,522.0,2024,-96.84191421138605,Buah dan kacang-kacangan,II,Produk Nabati
08,France,3068073.81,2024,26.193558435316323,Buah dan kacang-kacangan,II,Produk Nabati
08,Georgia,264245.5,2024,-29.79347372397963,Buah dan kacang-kacangan,II,Produk Nabati
08,Germany Fed. Rep. Of,19592907.6,2024,46.93032949819844,Buah dan kacang-kacangan,II,Produk Nabati
08,Ghana,585.0,2024,,Buah dan kacang-kacangan,II,Produk Nabati
08,Greece,1329864.97,2024,39.061757532187436,Buah dan kacang-kacangan,II,Produk Nabati
08,Hong Kong,14278794.559999999,2024,-71.6052803003776,Buah dan kacang-kacangan,II,Produk Nabati
08,Hungary,352500.0,2024,118.33520182844117,Buah dan kacang-kacangan,II,Produk Nabati
08,India,36018090.16,2024,38.14288820627281,Buah dan kacang-kacangan,II,Produk Nabati
08,Iran (Islamic Republic Of),57761101.17,2024,-0.23782398565286414,Buah dan kacang-kacangan,II,Produk Nabati
08,Iraq,5196356.17,2024,29.68504840369795,Buah dan kacang-kacangan,II,Produk Nabati
08,Ireland,59375.0,2024,-42.721396874397065,Buah dan kacang-kacangan,II,Produk Nabati
08,Israel,148740.0,2024,-26.991147836201,Buah dan kacang-kacangan,II,Produk Nabati
08,Italy,1834671.47,2024,36.42832700338784,Buah dan kacang-kacangan,II,Produk Nabati
08,Japan,3714939.23,2024,19.305872091504874,Buah dan kacang-kacangan,II,Produk Nabati
08,Jordan,1121039.63,2024,145.43821367231246,Buah dan kacang-kacangan,II,Produk Nabati
08,Kazakhstan,56000.0,2024,-45.63106796116505,Buah dan kacang-kacangan,II,Produk Nabati
08,Kenya,44959.380000000005,2024,-46.403552482565416,Buah dan kacang-kacangan,II,Produk Nabati
08,Korea Republic Of,4752786.0,2024,-7.163044069542525,Buah dan kacang-kacangan,II,Produk Nabati
08,Kuwait,461396.17000000004,2024,15.758727105065734,Buah dan kacang-kacangan,II,Produk Nabati
08,Latvia,503200.0,2024,457.0459560699743,Buah dan kacang-kacangan,II,Produk Nabati
08,Lebanon,868555.63,2024,73.45548037480441,Buah dan kacang-kacangan,II,Produk Nabati
08,Libyan Arab Jamahiriya,186025.5,2024,9.121865376154862,Buah dan kacang-kacangan,II,Produk Nabati
08,Lithuania,257604.0,2024,3.664102938143552,Buah dan kacang-kacangan,II,Produk Nabati
08,Malaysia,109055679.87,2024,38.78009124758993,Buah dan kacang-kacangan,II,Produk Nabati
08,Maldives,946977.35,2024,-23.995694249082934,Buah dan kacang-kacangan,II,Produk Nabati
08,Malta,17696.0,2024,-47.03382220891948,Buah dan kacang-kacangan,II,Produk Nabati
08,Martinique,115429.0,2024,195.30546459271386,Buah dan kacang-kacangan,II,Produk Nabati
08,Mauritius,309207.91000000003,2024,46.4305737701153,Buah dan kacang-kacangan,II,Produk Nabati
08,Mexico,28799.82,2024,-45.69145766547237,Buah dan kacang-kacangan,II,Produk Nabati
08,Moldova Republic Of,67850.0,2024,,Buah dan kacang-kacangan,II,Produk Nabati
08,Morocco,2200344.02,2024,8.584397302277257,Buah dan kacang-kacangan,II,Produk Nabati
08,Mozambique,43750.0,2024,,Buah dan kacang-kacangan,II,Produk Nabati
08,Myanmar,8972.5,2024,,Buah dan kacang-kacangan,II,Produk Nabati
08,Nepal,2543117.3000000003,2024,79.82677236778171,Buah dan kacang-kacangan,II,Produk Nabati
08,Netherlands,15155413.040000001,2024,121.74824415914767,Buah dan kacang-kacangan,II,Produk Nabati
08,New Zealand,1673912.32,2024,3.409767903954615,Buah dan kacang-kacangan,II,Produk Nabati
08,Nigeria,238530.0,2024,6.577092997974796,Buah dan kacang-kacangan,II,Produk Nabati
08,Norway,49135.21,2024,-28.339826012437186,Buah dan kacang-kacangan,II,Produk Nabati
08,Oman,1957615.41,2024,43.84398056366866,Buah dan kacang-kacangan,II,Produk Nabati
08,Pakistan,20572299.009999998,2024,89.97764637778451,Buah dan kacang-kacangan,II,Produk Nabati
08,Papua New Guinea,7568.08,2024,-85.59699062501129,Buah dan kacang-kacangan,II,Produk Nabati
08,Paraguay,553599.65,2024,9.521354580595071,Buah dan kacang-kacangan,II,Produk Nabati
08,Peru,598411.93,2024,120.79294152616242,Buah dan kacang-kacangan,II,Produk Nabati
08,Philippines,3522948.51,2024,33.793812184625985,Buah dan kacang-kacangan,II,Produk Nabati
08,Poland,5160612.46,2024,6.673740170429561,Buah dan kacang-kacangan,II,Produk Nabati
08,Portugal,872217.07,2024,32.99217589193012,Buah dan kacang-kacangan,II,Produk Nabati
08,Qatar,1643003.69,2024,-5.626169162339596,Buah dan kacang-kacangan,II,Produk Nabati
08,Rep. Of Macedonia,32704.71,2024,,Buah dan kacang-kacangan,II,Produk Nabati
08,Reunion,23750.0,2024,,Buah dan kacang-kacangan,II,Produk Nabati
08,Romania,576146.0,2024,112.5707813224935,Buah dan kacang-kacangan,II,Produk Nabati
08,Russia Federation,20205942.9,2024,82.72737487323761,Buah dan kacang-kacangan,II,Produk Nabati
08,Saudi Arabia,4544423.0,2024,-6.897175533274385,Buah dan kacang-kacangan,II,Produk Nabati
08,Singapore,31773354.82,2024,5.90081094911006,Buah dan kacang-kacangan,II,Produk Nabati
08,Slovakia,24570.0,2024,,Buah dan kacang-kacangan,II,Produk Nabati
08,Slovenia,567987.26,2024,5.447859356728381,Buah dan kacang-kacangan,II,Produk Nabati
08,Solomon Islands,319.6,2024,,Buah dan kacang-kacangan,II,Produk Nabati
08,South Africa,1192182.96,2024,-18.606128113546145,Buah dan kacang-kacangan,II,Produk Nabati
08,Spain,1665085.02,2024,92.24107309791559,Buah dan kacang-kacangan,II,Produk Nabati
08,Sri Lanka,233789.8,2024,-74.68416906471899,Buah dan kacang-kacangan,II,Produk Nabati
08,Sudan,51748.7,2024,,Buah dan kacang-kacangan,II,Produk Nabati
08,Sweden,38400.0,2024,27.218117450151365,Buah dan kacang-kacangan,II,Produk Nabati
08,Switzerland,76755.17,2024,-32.504877348298336,Buah dan kacang-kacangan,II,Produk Nabati
08,Syria Arab Republic,1018190.0,2024,54.55146544521946,Buah dan kacang-kacangan,II,Produk Nabati
08,Taiwan,1423028.35,2024,-0.9721660364316635,Buah dan kacang-kacangan,II,Produk Nabati
08,Thailand,141543023.09,2024,222.92417449479322,Buah dan kacang-kacangan,II,Produk Nabati
08,Togo,254.4,2024,,Buah dan kacang-kacangan,II,Produk Nabati
08,Tunisia,120077.5,2024,-22.717554003424105,Buah dan kacang-kacangan,II,Produk Nabati
08,Turkey,5653865.29,2024,33.571897623201316,Buah dan kacang-kacangan,II,Produk Nabati
08,Uganda,250.0,2024,-98.66915091828587,Buah dan kacang-kacangan,II,Produk Nabati
08,Ukraine,1892035.63,2024,132.41623760452163,Buah dan kacang-kacangan,II,Produk Nabati
08,United Arab Emirates,16863518.7,2024,-13.614937774762566,Buah dan kacang-kacangan,II,Produk Nabati
08,United Kingdom,7163289.130000001,2024,80.55205923171117,Buah dan kacang-kacangan,II,Produk Nabati
08,United States,8286012.719999999,2024,259.67326455713334,Buah dan kacang-kacangan,II,Produk Nabati
08,Uruguay,3320976.1999999997,2024,102.39435887958285,Buah dan kacang-kacangan,II,Produk Nabati
08,Uzbekistan,110300.0,2024,8.836153732300557,Buah dan kacang-kacangan,II,Produk Nabati
08,Vanuatu,600.0,2024,0.0,Buah dan kacang-kacangan,II,Produk Nabati
08,Venezuela,55900.0,2024,66.2453531598513,Buah dan kacang-kacangan,II,Produk Nabati
08,Viet Nam,102445842.53,2024,170.67735411233087,Buah dan kacang-kacangan,II,Produk Nabati
08,Yemen,101260.2,2024,-62.225396502920205,Buah dan kacang-kacangan,II,Produk Nabati
09,Afghanistan,200477.15,2024,152.6110103071999,"Kopi, teh, rempah-rempah",II,Produk Nabati
09,Albania,107616.29,2024,,"Kopi, teh, rempah-rempah",II,Produk Nabati
09,Algeria,35282787.25,2024,152.98563097770258,"Kopi, teh, rempah-rempah",II,Produk Nabati
09,Angola,2039.61,2024,,"Kopi, teh, rempah-rempah",II,Produk Nabati
09,Argentina,1682486.25,2024,16.92347534016843,"Kopi, teh, rempah-rempah",II,Produk Nabati
09,Armenia,7011106.13,2024,13.82128711802948,"Kopi, teh, rempah-rempah",II,Produk Nabati
09,Australia,28692494.369999997,2024,90.73649774887545,"Kopi, teh, rempah-rempah",II,Produk Nabati
09,Austria,20690.74,2024,1729.7597255016406,"Kopi, teh, rempah-rempah",II,Produk Nabati
09,Bahrain,284334.99,2024,-26.70694324366544,"Kopi, teh, rempah-rempah",II,Produk Nabati
09,Bangladesh,22378038.6,2024,-18.36022755477489,"Kopi, teh, rempah-rempah",II,Produk Nabati
09,Belarus,21304.0,2024,33187.5,"Kopi, teh, rempah-rempah",II,Produk Nabati
09,Belgium,118213532.29,2024,425.78343476134467,"Kopi, teh, rempah-rempah",II,Produk Nabati
09,Benin,79350.0,2024,-72.1566491132498,"Kopi, teh, rempah-rempah",II,Produk Nabati
09,Bolivia,617002.61,2024,,"Kopi, teh, rempah-rempah",II,Produk Nabati
09,Brazil,2746042.8499999996,2024,-46.98556989808401,"Kopi, teh, rempah-rempah",II,Produk Nabati
09,Brunei Darussalam,307055.59,2024,3.6509867964785876,"Kopi, teh, rempah-rempah",II,Produk Nabati
09,Bulgaria,2108681.0,2024,62.01512022595254,"Kopi, teh, rempah-rempah",II,Produk Nabati
09,Cambodia,246043.11,2024,18.476260650642367,"Kopi, teh, rempah-rempah",II,Produk Nabati
09,Canada,34225327.64,2024,50.182276557473706,"Kopi, teh, rempah-rempah",II,Produk Nabati
09,Cape Verde,89299.2,2024,-3.184845961698591,"Kopi, teh, rempah-rempah",II,Produk Nabati
09,Chile,1709282.11,2024,23.251423602011354,"Kopi, teh, rempah-rempah",II,Produk Nabati
09,China,220783379.12,2024,27.886828035402505,"Kopi, teh, rempah-rempah",II,Produk Nabati
09,Christmas Islands,12.2,2024,-25.835866261398177,"Kopi, teh, rempah-rempah",II,Produk Nabati
09,Colombia,1353343.61,2024,156.75489197357103,"Kopi, teh, rempah-rempah",II,Produk Nabati
09,Congo,42025.0,2024,0.4731382285647378,"Kopi, teh, rempah-rempah",II,Produk Nabati
09,Costa Rica,80800.0,2024,-0.7523414709043451,"Kopi, teh, rempah-rempah",II,Produk Nabati
09,Croatia,134982.5,2024,-1.7558863131846136,"Kopi, teh, rempah-rempah",II,Produk Nabati
09,Cyprus,103180.16,2024,,"Kopi, teh, rempah-rempah",II,Produk Nabati
09,Czech Republic,238827.16,2024,71.26385883726071,"Kopi, teh, rempah-rempah",II,Produk Nabati
09,Democratic Rep. Of The Congo,297201.47,2024,2.701282633153858,"Kopi, teh, rempah-rempah",II,Produk Nabati
09,Denmark,1462075.89,2024,115.8114112228124,"Kopi, teh, rempah-rempah",II,Produk Nabati
09,Djibouti,976428.5,2024,5.987524425454806,"Kopi, teh, rempah-rempah",II,Produk Nabati
09,Dominican Republic,2865038.88,2024,65.87021367440957,"Kopi, teh, rempah-rempah",II,Produk Nabati
09,East Timor,3250549.1599999997,2024,46.04796630619907,"Kopi, teh, rempah-rempah",II,Produk Nabati
09,Ecuador,919893.32,2024,657.0800086876775,"Kopi, teh, rempah-rempah",II,Produk Nabati
09,Egypt,148305043.49,2024,73.31208367826598,"Kopi, teh, rempah-rempah",II,Produk Nabati
09,El Salvador,112347.22,2024,,"Kopi, teh, rempah-rempah",II,Produk Nabati
09,Eritrea,191500.0,2024,,"Kopi, teh, rempah-rempah",II,Produk Nabati
09,Estonia,1093095.26,2024,-15.66513390411104,"Kopi, teh, rempah-rempah",II,Produk Nabati
09,Ethiopia,418878.0,2024,36.046171734428086,"Kopi, teh, rempah-rempah",II,Produk Nabati
09,Fiji,49621.97,2024,168.22686486486487,"Kopi, teh, rempah-rempah",II,Produk Nabati
09,Finland,401231.0,2024,7.6192223980034015,"Kopi, teh, rempah-rempah",II,Produk Nabati
09,France,33489699.04,2024,106.66322715244148,"Kopi, teh, rempah-rempah",II,Produk Nabati
09,Georgia,39045962.94,2024,33.90199871381531,"Kopi, teh, rempah-rempah",II,Produk Nabati
09,Germany Fed. Rep. Of,118906067.9,2024,120.07317963004398,"Kopi, teh, rempah-rempah",II,Produk Nabati
09,Ghana,56513.81,2024,,"Kopi, teh, rempah-rempah",II,Produk Nabati
09,Greece,7879105.27,2024,83.93667593314758,"Kopi, teh, rempah-rempah",II,Produk Nabati
09,Guadeloupe,45319.8,2024,-18.56572989290591,"Kopi, teh, rempah-rempah",II,Produk Nabati
09,Guam,27816.0,2024,,"Kopi, teh, rempah-rempah",II,Produk Nabati
09,Guatemala,330571.61,2024,-80.1803938110249,"Kopi, teh, rempah-rempah",II,Produk Nabati
09,Haiti,2467582.0,2024,131.9394058111979,"Kopi, teh, rempah-rempah",II,Produk Nabati
09,Hong Kong,6131644.4,2024,70.38290972533251,"Kopi, teh, rempah-rempah",II,Produk Nabati
09,Hungary,139684.62,2024,-46.003032590197336,"Kopi, teh, rempah-rempah",II,Produk Nabati
09,India,203002141.82999998,2024,65.75651230670952,"Kopi, teh, rempah-rempah",II,Produk Nabati
09,Iran (Islamic Republic Of),10676457.93,2024,79.45984664364909,"Kopi, teh, rempah-rempah",II,Produk Nabati
09,Iraq,2434624.31,2024,54.58618587799384,"Kopi, teh, rempah-rempah",II,Produk Nabati
09,Ireland,979923.0,2024,7.89009645009507,"Kopi, teh, rempah-rempah",II,Produk Nabati
09,Israel,1955734.44,2024,21.738651295070838,"Kopi, teh, rempah-rempah",II,Produk Nabati
09,Italy,35675308.910000004,2024,-26.101984862598986,"Kopi, teh, rempah-rempah",II,Produk Nabati
09,Jamaica,302142.0,2024,277.6302962129734,"Kopi, teh, rempah-rempah",II,Produk Nabati
09,Japan,115286515.53999999,2024,35.52294893842024,"Kopi, teh, rempah-rempah",II,Produk Nabati
09,Jordan,801504.64,2024,-39.68058030573241,"Kopi, teh, rempah-rempah",II,Produk Nabati
09,Kazakhstan,380950.0,2024,17.76798825256975,"Kopi, teh, rempah-rempah",II,Produk Nabati
09,Korea Republic Of,17005584.12,2024,26.815283475809657,"Kopi, teh, rempah-rempah",II,Produk Nabati
09,Kuwait,1229905.8599999999,2024,60.63389628896064,"Kopi, teh, rempah-rempah",II,Produk Nabati
09,Latvia,1015870.79,2024,48.45953567788063,"Kopi, teh, rempah-rempah",II,Produk Nabati
09,Lebanon,676051.53,2024,-71.99653167857379,"Kopi, teh, rempah-rempah",II,Produk Nabati
09,Libyan Arab Jamahiriya,1338519.25,2024,262.0261406972656,"Kopi, teh, rempah-rempah",II,Produk Nabati
09,Lithuania,46409.5,2024,-1.0141836408232912,"Kopi, teh, rempah-rempah",II,Produk Nabati
09,Luxembourg,65100.0,2024,,"Kopi, teh, rempah-rempah",II,Produk Nabati
09,Macau,780826.4,2024,66.33698631771165,"Kopi, teh, rempah-rempah",II,Produk Nabati
09,Madagascar,27894.17,2024,,"Kopi, teh, rempah-rempah",II,Produk Nabati
09,Malaysia,156579372.56,2024,64.10838185188665,"Kopi, teh, rempah-rempah",II,Produk Nabati
09,Maldives,30325.24,2024,-7.616484561641011,"Kopi, teh, rempah-rempah",II,Produk Nabati
09,Mauritania,91683.0,2024,,"Kopi, teh, rempah-rempah",II,Produk Nabati
09,Mauritius,128816.02,2024,29.967729030806506,"Kopi, teh, rempah-rempah",II,Produk Nabati
09,Mexico,6542039.7,2024,75.79632079182439,"Kopi, teh, rempah-rempah",II,Produk Nabati
09,Moldova Republic Of,2560.0,2024,,"Kopi, teh, rempah-rempah",II,Produk Nabati
09,Morocco,36849611.95,2024,85.84380929107208,"Kopi, teh, rempah-rempah",II,Produk Nabati
09,Myanmar,651061.0,2024,-9.367059920161386,"Kopi, teh, rempah-rempah",II,Produk Nabati
09,Nepal,4560687.69,2024,57.1438860536811,"Kopi, teh, rempah-rempah",II,Produk Nabati
09,Netherlands,57950177.199999996,2024,47.54808019693375,"Kopi, teh, rempah-rempah",II,Produk Nabati
09,New Caledonia,533.9300000000001,2024,60.3248956550461,"Kopi, teh, rempah-rempah",II,Produk Nabati
09,New Zealand,2335728.9,2024,-42.51002039152247,"Kopi, teh, rempah-rempah",II,Produk Nabati
09,Nigeria,4886651.28,2024,542.0989226934597,"Kopi, teh, rempah-rempah",II,Produk Nabati
09,Norway,733077.94,2024,15.474591777315805,"Kopi, teh, rempah-rempah",II,Produk Nabati
09,Oman,20109.46,2024,-2.6183344915170217,"Kopi, teh, rempah-rempah",II,Produk Nabati
09,Pakistan,18903056.54,2024,-8.610439100744294,"Kopi, teh, rempah-rempah",II,Produk Nabati
09,Panama,84517.05,2024,-27.126182074501674,"Kopi, teh, rempah-rempah",II,Produk Nabati
09,Papua New Guinea,43066.36,2024,-38.25563667446315,"Kopi, teh, rempah-rempah",II,Produk Nabati
09,Paraguay,87176.6,2024,41.03963759909401,"Kopi, teh, rempah-rempah",II,Produk Nabati
09,Peru,7873420.25,2024,68.11996479769081,"Kopi, teh, rempah-rempah",II,Produk Nabati
09,Philippines,49322087.18,2024,148.83615248332208,"Kopi, teh, rempah-rempah",II,Produk Nabati
09,Poland,6124626.46,2024,-5.72913274552307,"Kopi, teh, rempah-rempah",II,Produk Nabati
09,Portugal,4834106.6899999995,2024,-34.682867784601065,"Kopi, teh, rempah-rempah",II,Produk Nabati
09,Qatar,548867.1799999999,2024,63.29167019584002,"Kopi, teh, rempah-rempah",II,Produk Nabati
09,Rep. Of Macedonia,11.34,2024,-99.87153999082429,"Kopi, teh, rempah-rempah",II,Produk Nabati
09,Romania,2205247.6,2024,66.58443129104816,"Kopi, teh, rempah-rempah",II,Produk Nabati
09,Russia Federation,115953731.29,2024,331.24273353110675,"Kopi, teh, rempah-rempah",II,Produk Nabati
09,Saint Lucia,66650.0,2024,,"Kopi, teh, rempah-rempah",II,Produk Nabati
09,Samoa,38665.26,2024,26.164101961705637,"Kopi, teh, rempah-rempah",II,Produk Nabati
09,Saudi Arabia,31092353.000000004,2024,84.31899647112097,"Kopi, teh, rempah-rempah",II,Produk Nabati
09,Senegal,1111631.1,2024,287.71285288302795,"Kopi, teh, rempah-rempah",II,Produk Nabati
09,Serbia,34459.0,2024,37.66144528737561,"Kopi, teh, rempah-rempah",II,Produk Nabati
09,Sierra Leone,755.6,2024,,"Kopi, teh, rempah-rempah",II,Produk Nabati
09,Singapore,50653101.89,2024,63.37039787143054,"Kopi, teh, rempah-rempah",II,Produk Nabati
09,Slovakia,6619.76,2024,-97.84810902226003,"Kopi, teh, rempah-rempah",II,Produk Nabati
09,Slovenia,1151938.4,2024,390.1031313818924,"Kopi, teh, rempah-rempah",II,Produk Nabati
09,Somalia,95550.0,2024,1037.5,"Kopi, teh, rempah-rempah",II,Produk Nabati
09,South Africa,1905583.0,2024,130.44818484276425,"Kopi, teh, rempah-rempah",II,Produk Nabati
09,Spain,40698734.7,2024,274.1369663901313,"Kopi, teh, rempah-rempah",II,Produk Nabati
09,Sri Lanka,21816.78,2024,313.8235963581183,"Kopi, teh, rempah-rempah",II,Produk Nabati
09,Sudan,308928.0,2024,-62.96198118008546,"Kopi, teh, rempah-rempah",II,Produk Nabati
09,Suriname,35404.95,2024,-4.9204572095800065,"Kopi, teh, rempah-rempah",II,Produk Nabati
09,Sweden,3471187.17,2024,48.4220761978632,"Kopi, teh, rempah-rempah",II,Produk Nabati
09,Switzerland,38635.6,2024,-72.75153972391429,"Kopi, teh, rempah-rempah",II,Produk Nabati
09,Syria Arab Republic,748024.96,2024,9.448505918259736,"Kopi, teh, rempah-rempah",II,Produk Nabati
09,Taiwan,33232706.900000002,2024,14.759849041933975,"Kopi, teh, rempah-rempah",II,Produk Nabati
09,Tanzania United Rep. Of,23250.0,2024,,"Kopi, teh, rempah-rempah",II,Produk Nabati
09,Thailand,57639711.17,2024,36.30634076690538,"Kopi, teh, rempah-rempah",II,Produk Nabati
09,Togo,402458.0,2024,147.12051529236948,"Kopi, teh, rempah-rempah",II,Produk Nabati
09,Trinidad And Tobago,14800.0,2024,-54.20225275405372,"Kopi, teh, rempah-rempah",II,Produk Nabati
09,Tunisia,7295021.8,2024,838.9602977109208,"Kopi, teh, rempah-rempah",II,Produk Nabati
09,Turkey,6540691.430000001,2024,40.30785863099903,"Kopi, teh, rempah-rempah",II,Produk Nabati
09,Ukraine,122765.0,2024,272.5966280710806,"Kopi, teh, rempah-rempah",II,Produk Nabati
09,United Arab Emirates,51451561.989999995,2024,84.75628608316951,"Kopi, teh, rempah-rempah",II,Produk Nabati
09,United Kingdom,30447156.21,2024,38.78860552297211,"Kopi, teh, rempah-rempah",II,Produk Nabati
09,United States,455778228.81,2024,42.64648596884207,"Kopi, teh, rempah-rempah",II,Produk Nabati
09,Uruguay,122572.51,2024,16.243074588648103,"Kopi, teh, rempah-rempah",II,Produk Nabati
09,Vanuatu,5662.46,2024,-33.911531279178334,"Kopi, teh, rempah-rempah",II,Produk Nabati
09,Venezuela,268300.0,2024,181.0954655938312,"Kopi, teh, rempah-rempah",II,Produk Nabati
09,Viet Nam,201912407.26999998,2024,216.4038066522361,"Kopi, teh, rempah-rempah",II,Produk Nabati
09,Yemen,396575.0,2024,220219.44444444444,"Kopi, teh, rempah-rempah",II,Produk Nabati
10,Australia,12564.0,2024,-19.770114942528735,Serealia,II,Produk Nabati
10,Brunei Darussalam,478125.0,2024,11.842105263157894,Serealia,II,Produk Nabati
10,Cambodia,243750.0,2024,,Serealia,II,Produk Nabati
10,Canada,13546.49,2024,489.42886730715685,Serealia,II,Produk Nabati
10,China,105.0,2024,3558.5365853658536,Serealia,II,Produk Nabati
10,East Timor,26723.89,2024,-53.80627075022942,Serealia,II,Produk Nabati
10,Hong Kong,365.92,2024,69.40740740740742,Serealia,II,Produk Nabati
10,India,300.49,2024,72.93393186003685,Serealia,II,Produk Nabati
10,Italy,1350.0,2024,-48.97959183673469,Serealia,II,Produk Nabati
10,Japan,55007.38,2024,45.445214172395545,Serealia,II,Produk Nabati
10,Lithuania,72.0,2024,,Serealia,II,Produk Nabati
10,Malaysia,231931.86,2024,-0.963193857367485,Serealia,II,Produk Nabati
10,Maldives,224.0,2024,,Serealia,II,Produk Nabati
10,Netherlands,2010.52,2024,467.47861921025145,Serealia,II,Produk Nabati
10,New Zealand,3240.0,2024,-58.333333333333336,Serealia,II,Produk Nabati
10,Oman,1734.0,2024,,Serealia,II,Produk Nabati
10,Papua New Guinea,1820.82,2024,-88.71815398113186,Serealia,II,Produk Nabati
10,Philippines,15145642.83,2024,-48.52364985352041,Serealia,II,Produk Nabati
10,Saudi Arabia,22429.559999999998,2024,-78.77257457474283,Serealia,II,Produk Nabati
10,Singapore,560935.63,2024,55.042955558456526,Serealia,II,Produk Nabati
10,Taiwan,11650.04,2024,312.02617152961983,Serealia,II,Produk Nabati
10,Thailand,74345.1,2024,464847.4671669794,Serealia,II,Produk Nabati
10,United States,39120.0,2024,-53.2053274155776,Serealia,II,Produk Nabati
10,Vanuatu,36837.83,2024,-32.80742868211992,Serealia,II,Produk Nabati
10,Viet Nam,428726.62,2024,125.54706102071201,Serealia,II,Produk Nabati
11,Argentina,35968.4,2024,,Produk penggilingan,II,Produk Nabati
11,Australia,140767.68,2024,-11.087895456792591,Produk penggilingan,II,Produk Nabati
11,Bahrain,1307.47,2024,971.9603181110109,Produk penggilingan,II,Produk Nabati
11,Belarus,85.0,2024,,Produk penggilingan,II,Produk Nabati
11,Belize,123171.84,2024,,Produk penggilingan,II,Produk Nabati
11,Brazil,401793.75,2024,70.3380210933302,Produk penggilingan,II,Produk Nabati
11,Brunei Darussalam,172005.25,2024,-17.099243587424596,Produk penggilingan,II,Produk Nabati
11,Cambodia,10692.85,2024,70.08414455684927,Produk penggilingan,II,Produk Nabati
11,Canada,63081.86,2024,-8.644379333036746,Produk penggilingan,II,Produk Nabati
11,Chile,4440.0,2024,,Produk penggilingan,II,Produk Nabati
11,China,3257500.16,2024,-94.63393176511856,Produk penggilingan,II,Produk Nabati
11,Comoros,74.0,2024,,Produk penggilingan,II,Produk Nabati
11,Cote Divoire,18.26,2024,,Produk penggilingan,II,Produk Nabati
11,Croatia,5180.0,2024,,Produk penggilingan,II,Produk Nabati
11,East Timor,9136133.22,2024,-8.993449193767823,Produk penggilingan,II,Produk Nabati
11,France,46.1,2024,-58.14798002723559,Produk penggilingan,II,Produk Nabati
11,French Polynesia,11101.88,2024,-56.90514915668731,Produk penggilingan,II,Produk Nabati
11,Germany Fed. Rep. Of,5238.84,2024,3.780507131537245,Produk penggilingan,II,Produk Nabati
11,Guatemala,35000.0,2024,-23.91304347826087,Produk penggilingan,II,Produk Nabati
11,Hong Kong,954283.1000000001,2024,11.15383168358466,Produk penggilingan,II,Produk Nabati
11,India,31701.5,2024,-79.88944156827021,Produk penggilingan,II,Produk Nabati
11,Italy,33135.01,2024,-59.619348340445285,Produk penggilingan,II,Produk Nabati
11,Jamaica,1134190.08,2024,16.814978287178764,Produk penggilingan,II,Produk Nabati
11,Japan,1449312.48,2024,-26.883072343514325,Produk penggilingan,II,Produk Nabati
11,Korea Republic Of,859685.45,2024,-60.20730240251425,Produk penggilingan,II,Produk Nabati
11,Kuwait,699.0,2024,-77.47341282629712,Produk penggilingan,II,Produk Nabati
11,Madagascar,49417.5,2024,124.21733212341198,Produk penggilingan,II,Produk Nabati
11,Malaysia,10558871.08,2024,-56.46808383142602,Produk penggilingan,II,Produk Nabati
11,Maldives,8254.57,2024,-50.89540980524897,Produk penggilingan,II,Produk Nabati
11,Mexico,18406.23,2024,-67.7468458680872,Produk penggilingan,II,Produk Nabati
11,Myanmar,177702.15,2024,,Produk penggilingan,II,Produk Nabati
11,Netherlands,44511.479999999996,2024,29.527845814899777,Produk penggilingan,II,Produk Nabati
11,New Caledonia,1924.41,2024,70.6718105627245,Produk penggilingan,II,Produk Nabati
11,New Zealand,36424.72,2024,-10.960270008181691,Produk penggilingan,II,Produk Nabati
11,Papua New Guinea,5929315.05,2024,-54.532081090022814,Produk penggilingan,II,Produk Nabati
11,Paraguay,10552.5,2024,,Produk penggilingan,II,Produk Nabati
11,Philippines,38786133.16,2024,13.177963305013796,Produk penggilingan,II,Produk Nabati
11,Puerto Rico,14875.0,2024,,Produk penggilingan,II,Produk Nabati
11,Qatar,323.11,2024,-75.65586245347558,Produk penggilingan,II,Produk Nabati
11,Russia Federation,607.65,2024,-98.69902479849496,Produk penggilingan,II,Produk Nabati
11,Samoa,52482.51,2024,120.96149862663503,Produk penggilingan,II,Produk Nabati
11,Saudi Arabia,32897.93,2024,-20.4383902875523,Produk penggilingan,II,Produk Nabati
11,Singapore,10988934.540000001,2024,-17.012309310714684,Produk penggilingan,II,Produk Nabati
11,Solomon Islands,618019.16,2024,7.213486608244995,Produk penggilingan,II,Produk Nabati
11,Sri Lanka,259523.36000000002,2024,77.16010405017762,Produk penggilingan,II,Produk Nabati
11,Suriname,6600.0,2024,-74.97155858930603,Produk penggilingan,II,Produk Nabati
11,Sweden,343.45,2024,-96.05954566314823,Produk penggilingan,II,Produk Nabati
11,Switzerland,403.3,2024,428.71001573151545,Produk penggilingan,II,Produk Nabati
11,Taiwan,5990102.54,2024,-68.08975895203994,Produk penggilingan,II,Produk Nabati
11,Thailand,1205505.57,2024,-31.1297611452898,Produk penggilingan,II,Produk Nabati
11,Togo,44.6,2024,42.948717948717956,Produk penggilingan,II,Produk Nabati
11,Tonga,3153.32,2024,-64.41349734792912,Produk penggilingan,II,Produk Nabati
11,Trinidad And Tobago,70044.03,2024,-67.04429920116195,Produk penggilingan,II,Produk Nabati
11,Ukraine,1485.0,2024,-73.45891941162803,Produk penggilingan,II,Produk Nabati
11,United Arab Emirates,97489.05,2024,52.276627270230925,Produk penggilingan,II,Produk Nabati
11,United Kingdom,46164.0,2024,3653.170731707317,Produk penggilingan,II,Produk Nabati
11,United States,1080005.3699999999,2024,29.57181000768811,Produk penggilingan,II,Produk Nabati
11,Viet Nam,590355.6900000001,2024,-36.94145471857947,Produk penggilingan,II,Produk Nabati
12,Argentina,175001.0,2024,,Biji dan buah mengandung minyak,II,Produk Nabati
12,Australia,532604.1,2024,15.696086576326934,Biji dan buah mengandung minyak,II,Produk Nabati
12,Austria,33381.16,2024,-22.455055461989655,Biji dan buah mengandung minyak,II,Produk Nabati
12,Bahrain,102896.0,2024,-29.524368941188843,Biji dan buah mengandung minyak,II,Produk Nabati
12,Bangladesh,17632941.169999998,2024,-32.50442903219108,Biji dan buah mengandung minyak,II,Produk Nabati
12,Belgium,242251.0,2024,80650.33333333333,Biji dan buah mengandung minyak,II,Produk Nabati
12,Benin,72000.0,2024,92.0,Biji dan buah mengandung minyak,II,Produk Nabati
12,Brazil,1897.43,2024,,Biji dan buah mengandung minyak,II,Produk Nabati
12,Brunei Darussalam,11812.67,2024,2262.534,Biji dan buah mengandung minyak,II,Produk Nabati
12,Cambodia,66852.12,2024,35.46748478192147,Biji dan buah mengandung minyak,II,Produk Nabati
12,Cameroon,99499.0,2024,-30.28084140308589,Biji dan buah mengandung minyak,II,Produk Nabati
12,Canada,64514.93,2024,-47.057287990940274,Biji dan buah mengandung minyak,II,Produk Nabati
12,Chad,8000.0,2024,,Biji dan buah mengandung minyak,II,Produk Nabati
12,Chile,1737108.18,2024,-56.58537817067861,Biji dan buah mengandung minyak,II,Produk Nabati
12,China,288011538.34,2024,-8.29116751110833,Biji dan buah mengandung minyak,II,Produk Nabati
12,Czech Republic,1358431.04,2024,-7.58567905734974,Biji dan buah mengandung minyak,II,Produk Nabati
12,Democratic Rep. Of The Congo,237523.0,2024,474946.0,Biji dan buah mengandung minyak,II,Produk Nabati
12,Denmark,15.940000000000001,2024,-99.99790088047135,Biji dan buah mengandung minyak,II,Produk Nabati
12,East Timor,1262161.37,2024,-5.793412947277225,Biji dan buah mengandung minyak,II,Produk Nabati
12,Egypt,19777.01,2024,-12.102177777777785,Biji dan buah mengandung minyak,II,Produk Nabati
12,France,1388554.73,2024,-27.037836198080516,Biji dan buah mengandung minyak,II,Produk Nabati
12,Germany Fed. Rep. Of,674080.44,2024,-55.2755324107737,Biji dan buah mengandung minyak,II,Produk Nabati
12,Greece,6792.1,2024,113.62163862242491,Biji dan buah mengandung minyak,II,Produk Nabati
12,Guatemala,7028.8,2024,-75.65699244995497,Biji dan buah mengandung minyak,II,Produk Nabati
12,Honduras,22500.0,2024,-86.7623760605396,Biji dan buah mengandung minyak,II,Produk Nabati
12,Hong Kong,1334354.0799999998,2024,5.261663713587795,Biji dan buah mengandung minyak,II,Produk Nabati
12,Hungary,18108.0,2024,-66.58516557024625,Biji dan buah mengandung minyak,II,Produk Nabati
12,India,24469748.21,2024,64.32452965668769,Biji dan buah mengandung minyak,II,Produk Nabati
12,Israel,1475.0,2024,,Biji dan buah mengandung minyak,II,Produk Nabati
12,Italy,126239.98,2024,-30.91434258206044,Biji dan buah mengandung minyak,II,Produk Nabati
12,Japan,4960204.43,2024,12.492922281269424,Biji dan buah mengandung minyak,II,Produk Nabati
12,Jordan,0.8,2024,,Biji dan buah mengandung minyak,II,Produk Nabati
12,Kazakhstan,1150.0,2024,,Biji dan buah mengandung minyak,II,Produk Nabati
12,Korea Republic Of,7672569.25,2024,-6.326372885471865,Biji dan buah mengandung minyak,II,Produk Nabati
12,Kuwait,176908.5,2024,-43.28565154249846,Biji dan buah mengandung minyak,II,Produk Nabati
12,Libyan Arab Jamahiriya,110812.2,2024,243.71029776674936,Biji dan buah mengandung minyak,II,Produk Nabati
12,Macau,18600.0,2024,,Biji dan buah mengandung minyak,II,Produk Nabati
12,Malaysia,9176179.22,2024,7.872907093402569,Biji dan buah mengandung minyak,II,Produk Nabati
12,Maldives,5404.0,2024,,Biji dan buah mengandung minyak,II,Produk Nabati
12,Mauritius,210000.0,2024,4017.6470588235297,Biji dan buah mengandung minyak,II,Produk Nabati
12,Mexico,31323.0,2024,14959.134615384615,Biji dan buah mengandung minyak,II,Produk Nabati
12,Morocco,54908.0,2024,7.468963805655529,Biji dan buah mengandung minyak,II,Produk Nabati
12,Netherlands,3191902.56,2024,-5.538549558568782,Biji dan buah mengandung minyak,II,Produk Nabati
12,Nigeria,1115653.5,2024,24.55759111186434,Biji dan buah mengandung minyak,II,Produk Nabati
12,Oman,10694.7,2024,-29.4079207920792,Biji dan buah mengandung minyak,II,Produk Nabati
12,Pakistan,1251138.01,2024,-13.222938777262003,Biji dan buah mengandung minyak,II,Produk Nabati
12,Papua New Guinea,6610.08,2024,-65.25025036865306,Biji dan buah mengandung minyak,II,Produk Nabati
12,Peru,506983.4,2024,67.78702648090304,Biji dan buah mengandung minyak,II,Produk Nabati
12,Philippines,4499364.61,2024,40.27363275607696,Biji dan buah mengandung minyak,II,Produk Nabati
12,Poland,13650.0,2024,,Biji dan buah mengandung minyak,II,Produk Nabati
12,Portugal,0.8,2024,-99.99685781618226,Biji dan buah mengandung minyak,II,Produk Nabati
12,Qatar,179772.25,2024,-1.5510728153696842,Biji dan buah mengandung minyak,II,Produk Nabati
12,Russia Federation,5210.01,2024,148.09571428571428,Biji dan buah mengandung minyak,II,Produk Nabati
12,Saudi Arabia,9613861.07,2024,-22.183646513890828,Biji dan buah mengandung minyak,II,Produk Nabati
12,Singapore,1642030.78,2024,-18.72454754340961,Biji dan buah mengandung minyak,II,Produk Nabati
12,Somalia,1212.8,2024,,Biji dan buah mengandung minyak,II,Produk Nabati
12,South Africa,1110.0,2024,-43.65482233502538,Biji dan buah mengandung minyak,II,Produk Nabati
12,Spain,1355361.4200000002,2024,1.2024385120751433,Biji dan buah mengandung minyak,II,Produk Nabati
12,Sri Lanka,31512.6,2024,310.3203125,Biji dan buah mengandung minyak,II,Produk Nabati
12,Sudan,22500.0,2024,-91.17647058823529,Biji dan buah mengandung minyak,II,Produk Nabati
12,Suriname,2010.0,2024,60.8,Biji dan buah mengandung minyak,II,Produk Nabati
12,Sweden,243738.0,2024,406.60542068506817,Biji dan buah mengandung minyak,II,Produk Nabati
12,Taiwan,1964909.3199999998,2024,-18.307827153170386,Biji dan buah mengandung minyak,II,Produk Nabati
12,Thailand,1561781.17,2024,-16.073606988727125,Biji dan buah mengandung minyak,II,Produk Nabati
12,Uganda,17000.0,2024,,Biji dan buah mengandung minyak,II,Produk Nabati
12,United Arab Emirates,1944079.21,2024,31.32180106050867,Biji dan buah mengandung minyak,II,Produk Nabati
12,United Kingdom,677328.64,2024,138.60944030503518,Biji dan buah mengandung minyak,II,Produk Nabati
12,United States,13535332.2,2024,-29.939631976582753,Biji dan buah mengandung minyak,II,Produk Nabati
12,Viet Nam,7107302.54,2024,-13.496571900176473,Biji dan buah mengandung minyak,II,Produk Nabati
13,Algeria,45780.4,2024,,Getah dan damar,II,Produk Nabati
13,Argentina,580844.1799999999,2024,61.78929021323057,Getah dan damar,II,Produk Nabati
13,Australia,3643900.24,2024,-12.844591728147936,Getah dan damar,II,Produk Nabati
13,Austria,120032.72,2024,831151.5235457064,Getah dan damar,II,Produk Nabati
13,Azerbaijan,92979.5,2024,-13.10164675975252,Getah dan damar,II,Produk Nabati
13,Bahamas,82.6,2024,,Getah dan damar,II,Produk Nabati
13,Bangladesh,2129920.75,2024,-22.630139095553215,Getah dan damar,II,Produk Nabati
13,Belgium,801681.73,2024,443.6943916207983,Getah dan damar,II,Produk Nabati
13,Brazil,948960.11,2024,89.38274694557592,Getah dan damar,II,Produk Nabati
13,Brunei Darussalam,9343.6,2024,448.7519821460035,Getah dan damar,II,Produk Nabati
13,Canada,2918965.46,2024,-66.26542374720492,Getah dan damar,II,Produk Nabati
13,Chile,3417035.72,2024,-28.016959288326092,Getah dan damar,II,Produk Nabati
13,China,70080328.44,2024,-1.1524526385138436,Getah dan damar,II,Produk Nabati
13,Czech Republic,7188.46,2024,,Getah dan damar,II,Produk Nabati
13,Denmark,736037.0,2024,114.21332945285216,Getah dan damar,II,Produk Nabati
13,Djibouti,275818.0,2024,13.456792154797947,Getah dan damar,II,Produk Nabati
13,East Timor,37751.71,2024,-18.1552131792105,Getah dan damar,II,Produk Nabati
13,Egypt,675716.52,2024,-27.36290268503018,Getah dan damar,II,Produk Nabati
13,Ethiopia,368048.0,2024,17.04499920496104,Getah dan damar,II,Produk Nabati
13,France,920842.98,2024,-42.542268755765036,Getah dan damar,II,Produk Nabati
13,Germany Fed. Rep. Of,9900745.16,2024,35.479145798433336,Getah dan damar,II,Produk Nabati
13,Greece,883.5,2024,,Getah dan damar,II,Produk Nabati
13,Hong Kong,15481.43,2024,-28.837370719374857,Getah dan damar,II,Produk Nabati
13,Hungary,467812.15,2024,-58.333554886540576,Getah dan damar,II,Produk Nabati
13,India,28308332.23,2024,5.464376456248568,Getah dan damar,II,Produk Nabati
13,Iraq,6555.0,2024,,Getah dan damar,II,Produk Nabati
13,Ireland,2.0,2024,,Getah dan damar,II,Produk Nabati
13,Italy,5604706.17,2024,19.61131923433559,Getah dan damar,II,Produk Nabati
13,Japan,8664158.02,2024,-6.687963522775919,Getah dan damar,II,Produk Nabati
13,Kazakhstan,192682.14,2024,-9.747114391826292,Getah dan damar,II,Produk Nabati
13,Korea Republic Of,1696503.2799999998,2024,11.24179543346787,Getah dan damar,II,Produk Nabati
13,Kuwait,60693.6,2024,,Getah dan damar,II,Produk Nabati
13,Lao Peoples Dem. Rep.,149410.36,2024,,Getah dan damar,II,Produk Nabati
13,Libyan Arab Jamahiriya,51100.0,2024,-67.76800837956091,Getah dan damar,II,Produk Nabati
13,Lithuania,2.0,2024,,Getah dan damar,II,Produk Nabati
13,Macau,240.0,2024,-69.04024767801857,Getah dan damar,II,Produk Nabati
13,Malaysia,3792481.6,2024,-14.824751114469365,Getah dan damar,II,Produk Nabati
13,Malta,180177.77,2024,,Getah dan damar,II,Produk Nabati
13,Mauritania,31307.0,2024,,Getah dan damar,II,Produk Nabati
13,Mexico,3137189.5,2024,130.2183460859646,Getah dan damar,II,Produk Nabati
13,Morocco,93102.72,2024,-26.36403088444339,Getah dan damar,II,Produk Nabati
13,Myanmar,28700.0,2024,,Getah dan damar,II,Produk Nabati
13,Nepal,30567.92,2024,-81.3369741226285,Getah dan damar,II,Produk Nabati
13,Netherlands,6555920.640000001,2024,-6.464054799007853,Getah dan damar,II,Produk Nabati
13,New Zealand,95579.57,2024,-85.39905012434846,Getah dan damar,II,Produk Nabati
13,Nigeria,7000.0,2024,,Getah dan damar,II,Produk Nabati
13,Oman,353.6,2024,-86.19019722710408,Getah dan damar,II,Produk Nabati
13,Pakistan,1338150.98,2024,50.6648524371625,Getah dan damar,II,Produk Nabati
13,Papua New Guinea,15847.75,2024,22.009853020769242,Getah dan damar,II,Produk Nabati
13,Paraguay,810.0,2024,,Getah dan damar,II,Produk Nabati
13,Philippines,3023016.2800000003,2024,99.71938355500689,Getah dan damar,II,Produk Nabati
13,Poland,1338005.72,2024,-16.354851535091036,Getah dan damar,II,Produk Nabati
13,Romania,1279.36,2024,-0.09526933108435454,Getah dan damar,II,Produk Nabati
13,Russia Federation,3374033.29,2024,-45.283100127633766,Getah dan damar,II,Produk Nabati
13,Saudi Arabia,1950218.39,2024,3.497981190133085,Getah dan damar,II,Produk Nabati
13,Singapore,2193092.02,2024,-2.480035848488825,Getah dan damar,II,Produk Nabati
13,Slovenia,2863.0,2024,-86.9299246747318,Getah dan damar,II,Produk Nabati
13,South Africa,22180.0,2024,63.48167317374829,Getah dan damar,II,Produk Nabati
13,Spain,7526431.5200000005,2024,581.7230590473191,Getah dan damar,II,Produk Nabati
13,Sri Lanka,483744.83999999997,2024,3.469929713490568,Getah dan damar,II,Produk Nabati
13,Sudan,119500.0,2024,-56.867111396225326,Getah dan damar,II,Produk Nabati
13,Switzerland,11906.53,2024,1.3753086419753142,Getah dan damar,II,Produk Nabati
13,Syria Arab Republic,38215.0,2024,71.0800223838836,Getah dan damar,II,Produk Nabati
13,Taiwan,1161916.54,2024,-39.67950738892932,Getah dan damar,II,Produk Nabati
13,Thailand,3267489.76,2024,21.41043932179094,Getah dan damar,II,Produk Nabati
13,Tunisia,96605.0,2024,113.04443709339509,Getah dan damar,II,Produk Nabati
13,Turkey,311975.45,2024,-28.140154953995243,Getah dan damar,II,Produk Nabati
13,United Arab Emirates,1164067.95,2024,104.67566752153621,Getah dan damar,II,Produk Nabati
13,United Kingdom,9716651.25,2024,-9.935305033505404,Getah dan damar,II,Produk Nabati
13,United States,8316942.15,2024,-30.95741060858378,Getah dan damar,II,Produk Nabati
13,Uruguay,105350.0,2024,-24.615384615384617,Getah dan damar,II,Produk Nabati
13,Viet Nam,7645438.7299999995,2024,19.65518899688169,Getah dan damar,II,Produk Nabati
13,Yemen,136168.0,2024,-21.93218865065285,Getah dan damar,II,Produk Nabati
14,Albania,9161.8,2024,6.80877058812556,Bahan anyaman nabati,II,Produk Nabati
14,Australia,136797.81,2024,-79.70907359194808,Bahan anyaman nabati,II,Produk Nabati
14,Bahamas,279.0,2024,211.3839285714286,Bahan anyaman nabati,II,Produk Nabati
14,Bahrain,4950.0,2024,,Bahan anyaman nabati,II,Produk Nabati
14,Bangladesh,159575.46,2024,312.32488032083603,Bahan anyaman nabati,II,Produk Nabati
14,Belgium,792.31,2024,-98.62156134087698,Bahan anyaman nabati,II,Produk Nabati
14,Brazil,7464.96,2024,2032.8457142857144,Bahan anyaman nabati,II,Produk Nabati
14,Brunei Darussalam,7102.46,2024,-41.73535684987695,Bahan anyaman nabati,II,Produk Nabati
14,Bulgaria,981.9,2024,-95.49033791464296,Bahan anyaman nabati,II,Produk Nabati
14,Cambodia,311706.0,2024,4347.859589041096,Bahan anyaman nabati,II,Produk Nabati
14,Canada,4155.43,2024,,Bahan anyaman nabati,II,Produk Nabati
14,Cayman Islands,209.33,2024,-87.12742210224023,Bahan anyaman nabati,II,Produk Nabati
14,China,3348031.8600000003,2024,-28.720713641423913,Bahan anyaman nabati,II,Produk Nabati
14,Colombia,73.2,2024,,Bahan anyaman nabati,II,Produk Nabati
14,Costa Rica,40829.66,2024,-14.65666422458255,Bahan anyaman nabati,II,Produk Nabati
14,Czech Republic,442.0,2024,-89.38199359075993,Bahan anyaman nabati,II,Produk Nabati
14,Denmark,7736.570000000001,2024,2110.4485714285715,Bahan anyaman nabati,II,Produk Nabati
14,East Timor,14.57,2024,-98.4613272504541,Bahan anyaman nabati,II,Produk Nabati
14,France,220658.31,2024,-1.852666317770809,Bahan anyaman nabati,II,Produk Nabati
14,Germany Fed. Rep. Of,398988.05,2024,-0.3885412633353287,Bahan anyaman nabati,II,Produk Nabati
14,Hong Kong,3387.49,2024,-33.99279033515199,Bahan anyaman nabati,II,Produk Nabati
14,India,9013807.66,2024,84.61578614619356,Bahan anyaman nabati,II,Produk Nabati
14,Iran (Islamic Republic Of),227.5,2024,-97.83333333333334,Bahan anyaman nabati,II,Produk Nabati
14,Italy,96277.87,2024,2.7724956442413076,Bahan anyaman nabati,II,Produk Nabati
14,Japan,503171099.34000003,2024,-8.96311877287408,Bahan anyaman nabati,II,Produk Nabati
14,Korea Republic Of,1750242.6,2024,-92.31569311219897,Bahan anyaman nabati,II,Produk Nabati
14,Kuwait,14461.0,2024,517.991452991453,Bahan anyaman nabati,II,Produk Nabati
14,Malaysia,1049819.71,2024,-42.97397541454231,Bahan anyaman nabati,II,Produk Nabati
14,Maldives,15465.5,2024,-10.949182503649148,Bahan anyaman nabati,II,Produk Nabati
14,Mauritius,372.0,2024,-67.50580877343162,Bahan anyaman nabati,II,Produk Nabati
14,Mexico,1620.0,2024,,Bahan anyaman nabati,II,Produk Nabati
14,Morocco,14250.0,2024,,Bahan anyaman nabati,II,Produk Nabati
14,Namibia,393.0,2024,,Bahan anyaman nabati,II,Produk Nabati
14,Netherlands,453523.88,2024,-76.81530169226758,Bahan anyaman nabati,II,Produk Nabati
14,New Zealand,9287.43,2024,-2.6516680100750345,Bahan anyaman nabati,II,Produk Nabati
14,Oman,3190.0,2024,-43.88742304309587,Bahan anyaman nabati,II,Produk Nabati
14,Pakistan,270684.96,2024,-83.57216037875538,Bahan anyaman nabati,II,Produk Nabati
14,Philippines,57852.44,2024,16187.28603603604,Bahan anyaman nabati,II,Produk Nabati
14,Poland,2.0,2024,-99.99947689182724,Bahan anyaman nabati,II,Produk Nabati
14,Portugal,1156930.82,2024,-30.393814076716495,Bahan anyaman nabati,II,Produk Nabati
14,Qatar,7000.0,2024,,Bahan anyaman nabati,II,Produk Nabati
14,Reunion,18.0,2024,,Bahan anyaman nabati,II,Produk Nabati
14,Saudi Arabia,61277.439999999995,2024,-5.798217439649092,Bahan anyaman nabati,II,Produk Nabati
14,Seychelles,967.08,2024,,Bahan anyaman nabati,II,Produk Nabati
14,Singapore,11677124.53,2024,50.30436225100156,Bahan anyaman nabati,II,Produk Nabati
14,Spain,6207.7,2024,-73.30192602710622,Bahan anyaman nabati,II,Produk Nabati
14,Sri Lanka,164867.27000000002,2024,2.3202447683277363,Bahan anyaman nabati,II,Produk Nabati
14,Sweden,1859.25,2024,,Bahan anyaman nabati,II,Produk Nabati
14,Taiwan,87783.38,2024,-4.64736579752975,Bahan anyaman nabati,II,Produk Nabati
14,Thailand,20187583.9,2024,-21.99584103529674,Bahan anyaman nabati,II,Produk Nabati
14,Turkey,59136.05,2024,128.32451737451737,Bahan anyaman nabati,II,Produk Nabati
14,United Arab Emirates,16754.6,2024,-56.208000627295185,Bahan anyaman nabati,II,Produk Nabati
14,United Kingdom,33585.54,2024,-12.738176648243716,Bahan anyaman nabati,II,Produk Nabati
14,United States,153454.52000000002,2024,-21.755389209710373,Bahan anyaman nabati,II,Produk Nabati
14,Viet Nam,150618.0,2024,-52.15207189648521,Bahan anyaman nabati,II,Produk Nabati
14,Zimbabwe,1000.0,2024,,Bahan anyaman nabati,II,Produk Nabati
15,Afghanistan,264720.96,2024,1206.296373056995,Lemak dan minyak hewani/nabati,III,Lemak dan Minyak
15,Albania,5358654.91,2024,21.765727798961017,Lemak dan minyak hewani/nabati,III,Lemak dan Minyak
15,Algeria,206471316.82,2024,-3.670706659613131,Lemak dan minyak hewani/nabati,III,Lemak dan Minyak
15,American Samoa,78690.42,2024,69.34689134224288,Lemak dan minyak hewani/nabati,III,Lemak dan Minyak
15,Angola,95269573.22999999,2024,11.16581025173138,Lemak dan minyak hewani/nabati,III,Lemak dan Minyak
15,Antigua And Barbuda,245451.58,2024,276.2421582870998,Lemak dan minyak hewani/nabati,III,Lemak dan Minyak
15,Argentina,2999657.55,2024,51.331709130012534,Lemak dan minyak hewani/nabati,III,Lemak dan Minyak
15,Armenia,37720.0,2024,,Lemak dan minyak hewani/nabati,III,Lemak dan Minyak
15,Australia,7329928.3100000005,2024,39.50280857394779,Lemak dan minyak hewani/nabati,III,Lemak dan Minyak
15,Austria,397.5,2024,0.0,Lemak dan minyak hewani/nabati,III,Lemak dan Minyak
15,Azerbaijan,408518.0,2024,61.3889345402139,Lemak dan minyak hewani/nabati,III,Lemak dan Minyak
15,Bahrain,4689172.62,2024,27.173770199788628,Lemak dan minyak hewani/nabati,III,Lemak dan Minyak
15,Bangladesh,967645970.11,2024,-17.444953155627474,Lemak dan minyak hewani/nabati,III,Lemak dan Minyak
15,Barbados,37850.15,2024,89.34722240981779,Lemak dan minyak hewani/nabati,III,Lemak dan Minyak
15,Belarus,1566323.3399999999,2024,152.62425237004481,Lemak dan minyak hewani/nabati,III,Lemak dan Minyak
15,Belgium,1214514.47,2024,-93.92705513556201,Lemak dan minyak hewani/nabati,III,Lemak dan Minyak
15,Benin,25049169.78,2024,-86.66174038931484,Lemak dan minyak hewani/nabati,III,Lemak dan Minyak
15,Bolivia,992362.5,2024,15.450391625923803,Lemak dan minyak hewani/nabati,III,Lemak dan Minyak
15,Bosnia And Herzegovina,760207.99,2024,40.38990939202686,Lemak dan minyak hewani/nabati,III,Lemak dan Minyak
15,Brazil,476508916.06,2024,58.100821061021236,Lemak dan minyak hewani/nabati,III,Lemak dan Minyak
15,Brunei Darussalam,2963562.7399999998,2024,-4.2351020448470384,Lemak dan minyak hewani/nabati,III,Lemak dan Minyak
15,Bulgaria,5449395.62,2024,-36.89275321731034,Lemak dan minyak hewani/nabati,III,Lemak dan Minyak
15,Burkina Faso,8226157.710000001,2024,-15.096778012365528,Lemak dan minyak hewani/nabati,III,Lemak dan Minyak
15,Cambodia,2292169.15,2024,82.34710307434814,Lemak dan minyak hewani/nabati,III,Lemak dan Minyak
15,Cameroon,29653051.53,2024,-35.62324496278384,Lemak dan minyak hewani/nabati,III,Lemak dan Minyak
15,Canada,21337164.82,2024,69.17644666588205,Lemak dan minyak hewani/nabati,III,Lemak dan Minyak
15,Cape Verde,43517.5,2024,,Lemak dan minyak hewani/nabati,III,Lemak dan Minyak
15,Central African Republic,130931.44,2024,7747322.485207101,Lemak dan minyak hewani/nabati,III,Lemak dan Minyak
15,Chile,16088516.59,2024,25.47101692024108,Lemak dan minyak hewani/nabati,III,Lemak dan Minyak
15,China,5097428920.04,2024,-16.14457025868291,Lemak dan minyak hewani/nabati,III,Lemak dan Minyak
15,Colombia,3177976.94,2024,12.655827261191574,Lemak dan minyak hewani/nabati,III,Lemak dan Minyak
15,Comoros,1379555.28,2024,13.730811662422527,Lemak dan minyak hewani/nabati,III,Lemak dan Minyak
15,Congo,81899362.03,2024,20.177916679905657,Lemak dan minyak hewani/nabati,III,Lemak dan Minyak
15,Costa Rica,368955.66000000003,2024,-37.63448588455702,Lemak dan minyak hewani/nabati,III,Lemak dan Minyak
15,Cote Divoire,86620587.97,2024,15.842099747874533,Lemak dan minyak hewani/nabati,III,Lemak dan Minyak
15,Croatia,38097080.370000005,2024,-6.121253178259338,Lemak dan minyak hewani/nabati,III,Lemak dan Minyak
15,Cuba,437045.1,2024,0.9891595280822174,Lemak dan minyak hewani/nabati,III,Lemak dan Minyak
15,Curacao,44360.84,2024,,Lemak dan minyak hewani/nabati,III,Lemak dan Minyak
15,Cyprus,389004.78,2024,138.17302108356375,Lemak dan minyak hewani/nabati,III,Lemak dan Minyak
15,Czech Republic,194518.84,2024,,Lemak dan minyak hewani/nabati,III,Lemak dan Minyak
15,Democratic Rep. Of The Congo,5672339.72,2024,-24.60286889930104,Lemak dan minyak hewani/nabati,III,Lemak dan Minyak
15,Denmark,50174499.96,2024,160.3920371424225,Lemak dan minyak hewani/nabati,III,Lemak dan Minyak
15,Djibouti,259326949.19000003,2024,-28.764222816556114,Lemak dan minyak hewani/nabati,III,Lemak dan Minyak
15,Dominica,433993.1,2024,114.92934877699538,Lemak dan minyak hewani/nabati,III,Lemak dan Minyak
15,Dominican Republic,16397017.02,2024,122.77126849722389,Lemak dan minyak hewani/nabati,III,Lemak dan Minyak
15,East Timor,19149625.119999997,2024,1.887692515376185,Lemak dan minyak hewani/nabati,III,Lemak dan Minyak
15,Ecuador,1689461.8699999999,2024,58.50680815006266,Lemak dan minyak hewani/nabati,III,Lemak dan Minyak
15,Egypt,816181511.3000001,2024,-5.845577077321276,Lemak dan minyak hewani/nabati,III,Lemak dan Minyak
15,El Salvador,64334.54,2024,50.78996835813899,Lemak dan minyak hewani/nabati,III,Lemak dan Minyak
15,Equatorial Guinea,7430265.65,2024,-14.476871638428879,Lemak dan minyak hewani/nabati,III,Lemak dan Minyak
15,Estonia,276503844.48,2024,0.0595147057445528,Lemak dan minyak hewani/nabati,III,Lemak dan Minyak
15,Ethiopia,1335597.7,2024,852.3793123119269,Lemak dan minyak hewani/nabati,III,Lemak dan Minyak
15,Fiji,2694579.74,2024,13.16985468059903,Lemak dan minyak hewani/nabati,III,Lemak dan Minyak
15,France,7188489.960000001,2024,-51.7787418483102,Lemak dan minyak hewani/nabati,III,Lemak dan Minyak
15,French Polynesia,153064.0,2024,144.41747572815532,Lemak dan minyak hewani/nabati,III,Lemak dan Minyak
15,Gabon,740791.79,2024,-54.126370641582255,Lemak dan minyak hewani/nabati,III,Lemak dan Minyak
15,Gambia,51128239.5,2024,1.8590317603952258,Lemak dan minyak hewani/nabati,III,Lemak dan Minyak
15,Georgia,24402411.09,2024,-38.219345391202005,Lemak dan minyak hewani/nabati,III,Lemak dan Minyak
15,Germany Fed. Rep. Of,80528928.92,2024,47.375369273361976,Lemak dan minyak hewani/nabati,III,Lemak dan Minyak
15,Ghana,73243867.25999999,2024,11.673344471038085,Lemak dan minyak hewani/nabati,III,Lemak dan Minyak
15,Greece,117742967.28,2024,15.284580200426317,Lemak dan minyak hewani/nabati,III,Lemak dan Minyak
15,Grenada,497595.59,2024,70.18008434180578,Lemak dan minyak hewani/nabati,III,Lemak dan Minyak
15,Guatemala,6960751.36,2024,177.95948344841497,Lemak dan minyak hewani/nabati,III,Lemak dan Minyak
15,Guinea,93160911.02000001,2024,3.385008202624625,Lemak dan minyak hewani/nabati,III,Lemak dan Minyak
15,Guyana,1405136.2,2024,5.785531252002108,Lemak dan minyak hewani/nabati,III,Lemak dan Minyak
15,Haiti,99655860.3,2024,-22.160465627568072,Lemak dan minyak hewani/nabati,III,Lemak dan Minyak
15,Honduras,38917709.10000001,2024,64.31259190499487,Lemak dan minyak hewani/nabati,III,Lemak dan Minyak
15,Hong Kong,2293771.42,2024,-39.86973138492863,Lemak dan minyak hewani/nabati,III,Lemak dan Minyak
15,Hungary,3275666.33,2024,167.39294892802582,Lemak dan minyak hewani/nabati,III,Lemak dan Minyak
15,India,3973051666.44,2024,-12.584000629809811,Lemak dan minyak hewani/nabati,III,Lemak dan Minyak
15,Iran (Islamic Republic Of),18332163.3,2024,66.63585676020634,Lemak dan minyak hewani/nabati,III,Lemak dan Minyak
15,Iraq,115604824.08,2024,73.93942877133088,Lemak dan minyak hewani/nabati,III,Lemak dan Minyak
15,Ireland,94855.52,2024,30.832673575958548,Lemak dan minyak hewani/nabati,III,Lemak dan Minyak
15,Israel,39958803.5,2024,-9.418848294175044,Lemak dan minyak hewani/nabati,III,Lemak dan Minyak
15,Italy,512258635.77,2024,6.536130537905809,Lemak dan minyak hewani/nabati,III,Lemak dan Minyak
15,Jamaica,6860321.26,2024,30.651576798794895,Lemak dan minyak hewani/nabati,III,Lemak dan Minyak
15,Japan,111941247.54,2024,-3.065281514303567,Lemak dan minyak hewani/nabati,III,Lemak dan Minyak
15,Jordan,28264995.12,2024,42.752238461040896,Lemak dan minyak hewani/nabati,III,Lemak dan Minyak
15,Kazakhstan,11093446.540000001,2024,36.54316577003755,Lemak dan minyak hewani/nabati,III,Lemak dan Minyak
15,Kenya,216755008.75,2024,-27.40898150965922,Lemak dan minyak hewani/nabati,III,Lemak dan Minyak
15,Kiribati,513148.5,2024,13.472536447976152,Lemak dan minyak hewani/nabati,III,Lemak dan Minyak
15,Korea Republic Of,270681586.06,2024,-12.093895283471356,Lemak dan minyak hewani/nabati,III,Lemak dan Minyak
15,Kuwait,400380.61,2024,-50.0202431563021,Lemak dan minyak hewani/nabati,III,Lemak dan Minyak
15,Kyrgyzstan,2513432.1999999997,2024,292.9665854790028,Lemak dan minyak hewani/nabati,III,Lemak dan Minyak
15,Latvia,63044708.83,2024,113.091641675023,Lemak dan minyak hewani/nabati,III,Lemak dan Minyak
15,Lebanon,16867592.779999997,2024,26.198422540440703,Lemak dan minyak hewani/nabati,III,Lemak dan Minyak
15,Liberia,29723202.5,2024,44.66732699601892,Lemak dan minyak hewani/nabati,III,Lemak dan Minyak
15,Libyan Arab Jamahiriya,4813078.6,2024,-5.132476469872832,Lemak dan minyak hewani/nabati,III,Lemak dan Minyak
15,Lithuania,9254690.47,2024,78.57237208584648,Lemak dan minyak hewani/nabati,III,Lemak dan Minyak
15,Madagascar,2749959.3200000003,2024,88.10075747653944,Lemak dan minyak hewani/nabati,III,Lemak dan Minyak
15,Malawi,432008.63,2024,70.64681752017997,Lemak dan minyak hewani/nabati,III,Lemak dan Minyak
15,Malaysia,833419288.76,2024,-31.894132893665994,Lemak dan minyak hewani/nabati,III,Lemak dan Minyak
15,Maldives,1164661.54,2024,43.51834967400037,Lemak dan minyak hewani/nabati,III,Lemak dan Minyak
15,Marshall Islands,159481.43,2024,-21.474080967433803,Lemak dan minyak hewani/nabati,III,Lemak dan Minyak
15,Mauritania,68427107.23,2024,-47.07010491434596,Lemak dan minyak hewani/nabati,III,Lemak dan Minyak
15,Mauritius,778744.3200000001,2024,-46.526693368975955,Lemak dan minyak hewani/nabati,III,Lemak dan Minyak
15,Mayotte,289865.37,2024,-41.382272856319204,Lemak dan minyak hewani/nabati,III,Lemak dan Minyak
15,Mexico,135113911.76,2024,108.9091053598788,Lemak dan minyak hewani/nabati,III,Lemak dan Minyak
15,Micronesia Fed. States Of,355593.85,2024,55.65816944840418,Lemak dan minyak hewani/nabati,III,Lemak dan Minyak
15,Moldova Republic Of,408547.16000000003,2024,8.750332734942814,Lemak dan minyak hewani/nabati,III,Lemak dan Minyak
15,Mongolia,143293.43,2024,67.69694029750308,Lemak dan minyak hewani/nabati,III,Lemak dan Minyak
15,Montenegro,680587.41,2024,0.548265589372888,Lemak dan minyak hewani/nabati,III,Lemak dan Minyak
15,Morocco,29159370.439999998,2024,-25.29811729394072,Lemak dan minyak hewani/nabati,III,Lemak dan Minyak
15,Mozambique,23510361.259999998,2024,-65.95871105156942,Lemak dan minyak hewani/nabati,III,Lemak dan Minyak
15,Myanmar,517921178.63,2024,-2.2384385841084184,Lemak dan minyak hewani/nabati,III,Lemak dan Minyak
15,Nauru,20902.5,2024,2.851449097082124,Lemak dan minyak hewani/nabati,III,Lemak dan Minyak
15,Nepal,3979904.8,2024,59.93249497794928,Lemak dan minyak hewani/nabati,III,Lemak dan Minyak
15,Netherlands,671416609.18,2024,22.38691268264877,Lemak dan minyak hewani/nabati,III,Lemak dan Minyak
15,New Caledonia,24092.0,2024,-48.894611576138374,Lemak dan minyak hewani/nabati,III,Lemak dan Minyak
15,New Zealand,8993708.120000001,2024,14.251270251696472,Lemak dan minyak hewani/nabati,III,Lemak dan Minyak
15,Nicaragua,72951.12,2024,,Lemak dan minyak hewani/nabati,III,Lemak dan Minyak
15,Niger,46247.76,2024,-98.95666132327314,Lemak dan minyak hewani/nabati,III,Lemak dan Minyak
15,Nigeria,155651768.31,2024,-3.2126503192916815,Lemak dan minyak hewani/nabati,III,Lemak dan Minyak
15,Northern Mariana Islands,45137.0,2024,-30.149027375849208,Lemak dan minyak hewani/nabati,III,Lemak dan Minyak
15,Norway,9450.3,2024,-73.45093213767994,Lemak dan minyak hewani/nabati,III,Lemak dan Minyak
15,Oman,182780571.16,2024,10.125207247583148,Lemak dan minyak hewani/nabati,III,Lemak dan Minyak
15,Pakistan,2819553033.15,2024,28.175892411442355,Lemak dan minyak hewani/nabati,III,Lemak dan Minyak
15,Palau,48917.5,2024,5.599749587142595,Lemak dan minyak hewani/nabati,III,Lemak dan Minyak
15,Panama,4557125.0,2024,50.76252997199787,Lemak dan minyak hewani/nabati,III,Lemak dan Minyak
15,Papua New Guinea,15162396.969999999,2024,81.57297498167623,Lemak dan minyak hewani/nabati,III,Lemak dan Minyak
15,Paraguay,2934.8,2024,-93.05026198864142,Lemak dan minyak hewani/nabati,III,Lemak dan Minyak
15,Peru,33389358.810000002,2024,199.09005812837776,Lemak dan minyak hewani/nabati,III,Lemak dan Minyak
15,Philippines,540457803.26,2024,17.624776960885256,Lemak dan minyak hewani/nabati,III,Lemak dan Minyak
15,Poland,9949616.2,2024,-19.91023398832295,Lemak dan minyak hewani/nabati,III,Lemak dan Minyak
15,Portugal,47736.0,2024,-94.08399082260115,Lemak dan minyak hewani/nabati,III,Lemak dan Minyak
15,Puerto Rico,1823064.74,2024,36.74445297035459,Lemak dan minyak hewani/nabati,III,Lemak dan Minyak
15,Qatar,473320.20999999996,2024,-53.38662302640712,Lemak dan minyak hewani/nabati,III,Lemak dan Minyak
15,Rep. Of Macedonia,1857436.1300000001,2024,40.78585600057872,Lemak dan minyak hewani/nabati,III,Lemak dan Minyak
15,Reunion,45265.6,2024,123.07116104868913,Lemak dan minyak hewani/nabati,III,Lemak dan Minyak
15,Romania,25538147.28,2024,42.536613345590645,Lemak dan minyak hewani/nabati,III,Lemak dan Minyak
15,Russia Federation,733903679.51,2024,25.262343071093774,Lemak dan minyak hewani/nabati,III,Lemak dan Minyak
15,Rwanda,341565.84,2024,55.29274792175154,Lemak dan minyak hewani/nabati,III,Lemak dan Minyak
15,Saint Lucia,546814.46,2024,-0.20171751076448774,Lemak dan minyak hewani/nabati,III,Lemak dan Minyak
15,Saint Vincent And The Grenadines,80093.08,2024,-22.015883455764047,Lemak dan minyak hewani/nabati,III,Lemak dan Minyak
15,Samoa,2666784.6599999997,2024,37.91302111665393,Lemak dan minyak hewani/nabati,III,Lemak dan Minyak
15,Sao Tome And Principe,126304.8,2024,-85.03319394114102,Lemak dan minyak hewani/nabati,III,Lemak dan Minyak
15,Saudi Arabia,460373540.91,2024,30.901957737027086,Lemak dan minyak hewani/nabati,III,Lemak dan Minyak
15,Senegal,72313295.3,2024,-55.3911100129044,Lemak dan minyak hewani/nabati,III,Lemak dan Minyak
15,Serbia,4219475.92,2024,20.647049415961007,Lemak dan minyak hewani/nabati,III,Lemak dan Minyak
15,Seychelles,127930.35,2024,-32.48326586516207,Lemak dan minyak hewani/nabati,III,Lemak dan Minyak
15,Sierra Leone,306259.84,2024,-87.72373013464225,Lemak dan minyak hewani/nabati,III,Lemak dan Minyak
15,Singapore,74361098.76,2024,-36.534908972489305,Lemak dan minyak hewani/nabati,III,Lemak dan Minyak
15,Slovenia,1607960.83,2024,81.44833672142944,Lemak dan minyak hewani/nabati,III,Lemak dan Minyak
15,Solomon Islands,2925371.8600000003,2024,-11.605132733872136,Lemak dan minyak hewani/nabati,III,Lemak dan Minyak
15,Somalia,41706456.44,2024,27.285475069054588,Lemak dan minyak hewani/nabati,III,Lemak dan Minyak
15,South Africa,316712125.49,2024,-18.92741208922082,Lemak dan minyak hewani/nabati,III,Lemak dan Minyak
15,South Sudan,66893.45,2024,,Lemak dan minyak hewani/nabati,III,Lemak dan Minyak
15,Spain,502677775.68,2024,-26.879765505082904,Lemak dan minyak hewani/nabati,III,Lemak dan Minyak
15,Sri Lanka,141344977.54,2024,64.82541759253257,Lemak dan minyak hewani/nabati,III,Lemak dan Minyak
15,Sudan,570915.6799999999,2024,-98.52114712053194,Lemak dan minyak hewani/nabati,III,Lemak dan Minyak
15,Suriname,68721.72,2024,,Lemak dan minyak hewani/nabati,III,Lemak dan Minyak
15,Sweden,57595936.22,2024,17.251855635172387,Lemak dan minyak hewani/nabati,III,Lemak dan Minyak
15,Switzerland,107614.55,2024,-87.6978616012731,Lemak dan minyak hewani/nabati,III,Lemak dan Minyak
15,Syria Arab Republic,4540555.96,2024,-36.01754622590413,Lemak dan minyak hewani/nabati,III,Lemak dan Minyak
15,Taiwan,18722755.58,2024,19.57003805411639,Lemak dan minyak hewani/nabati,III,Lemak dan Minyak
15,Tajikistan,1067465.6,2024,142.7895657395256,Lemak dan minyak hewani/nabati,III,Lemak dan Minyak
15,Tanzania United Rep. Of,186291516.95,2024,-4.641408154151105,Lemak dan minyak hewani/nabati,III,Lemak dan Minyak
15,Thailand,89242054.03,2024,18.021781015605036,Lemak dan minyak hewani/nabati,III,Lemak dan Minyak
15,Togo,119874149.41000001,2024,-8.208459967485899,Lemak dan minyak hewani/nabati,III,Lemak dan Minyak
15,Tonga,452088.15,2024,-30.980949464135705,Lemak dan minyak hewani/nabati,III,Lemak dan Minyak
15,Trinidad And Tobago,4007678.86,2024,13.951669815753137,Lemak dan minyak hewani/nabati,III,Lemak dan Minyak
15,Tunisia,54934168.99,2024,-0.7594843328364905,Lemak dan minyak hewani/nabati,III,Lemak dan Minyak
15,Turkey,152882101.5,2024,-40.14210879680149,Lemak dan minyak hewani/nabati,III,Lemak dan Minyak
15,Turkmenistan,1366070.0,2024,12.699564634850717,Lemak dan minyak hewani/nabati,III,Lemak dan Minyak
15,Tuvalu,21088.0,2024,-45.10048943038634,Lemak dan minyak hewani/nabati,III,Lemak dan Minyak
15,Uganda,189769.54,2024,-82.55187127841462,Lemak dan minyak hewani/nabati,III,Lemak dan Minyak
15,Ukraine,14354591.94,2024,352.3306481607261,Lemak dan minyak hewani/nabati,III,Lemak dan Minyak
15,United Arab Emirates,429636434.77,2024,68.11404019206182,Lemak dan minyak hewani/nabati,III,Lemak dan Minyak
15,United Kingdom,40262477.01,2024,-26.83572387362184,Lemak dan minyak hewani/nabati,III,Lemak dan Minyak
15,United States,1784086526.09,2024,-8.384806307563734,Lemak dan minyak hewani/nabati,III,Lemak dan Minyak
15,Uruguay,10195217.73,2024,114.86194871937536,Lemak dan minyak hewani/nabati,III,Lemak dan Minyak
15,Uzbekistan,20513929.43,2024,94.29035334071693,Lemak dan minyak hewani/nabati,III,Lemak dan Minyak
15,Vanuatu,1835421.25,2024,41.23627154164864,Lemak dan minyak hewani/nabati,III,Lemak dan Minyak
15,Venezuela,36750.0,2024,-79.49425867141767,Lemak dan minyak hewani/nabati,III,Lemak dan Minyak
15,Viet Nam,661514035.33,2024,3.5940872719681187,Lemak dan minyak hewani/nabati,III,Lemak dan Minyak
15,Yemen,72049422.59,2024,-28.849037498169572,Lemak dan minyak hewani/nabati,III,Lemak dan Minyak
15,Zambia,144878.5,2024,-59.80321907189422,Lemak dan minyak hewani/nabati,III,Lemak dan Minyak
15,Zimbabwe,395397.46,2024,-89.70670485862948,Lemak dan minyak hewani/nabati,III,Lemak dan Minyak
16,Albania,2307670.8,2024,-4.268682632127238,Olahan daging dan ikan,IV,"Makanan Olahan, Minuman, Tembakau"
16,Algeria,1084948.0,2024,-58.95378201332836,Olahan daging dan ikan,IV,"Makanan Olahan, Minuman, Tembakau"
16,Angola,2165677.9,2024,52.530128212329295,Olahan daging dan ikan,IV,"Makanan Olahan, Minuman, Tembakau"
16,Australia,39665430.54,2024,12.176878038388338,Olahan daging dan ikan,IV,"Makanan Olahan, Minuman, Tembakau"
16,Austria,147621.6,2024,-66.48462489182315,Olahan daging dan ikan,IV,"Makanan Olahan, Minuman, Tembakau"
16,Bahamas,62240.0,2024,,Olahan daging dan ikan,IV,"Makanan Olahan, Minuman, Tembakau"
16,Bahrain,121554.0,2024,-30.053169925728753,Olahan daging dan ikan,IV,"Makanan Olahan, Minuman, Tembakau"
16,Belgium,4934248.23,2024,-9.25754015492525,Olahan daging dan ikan,IV,"Makanan Olahan, Minuman, Tembakau"
16,Benin,678596.5,2024,-38.96183493939371,Olahan daging dan ikan,IV,"Makanan Olahan, Minuman, Tembakau"
16,Brunei Darussalam,94282.1,2024,-35.2920748283679,Olahan daging dan ikan,IV,"Makanan Olahan, Minuman, Tembakau"
16,Bulgaria,862757.88,2024,38.99007823696557,Olahan daging dan ikan,IV,"Makanan Olahan, Minuman, Tembakau"
16,Cambodia,44423.399999999994,2024,428.47503438036813,Olahan daging dan ikan,IV,"Makanan Olahan, Minuman, Tembakau"
16,Cameroon,4828509.63,2024,157.97677200690944,Olahan daging dan ikan,IV,"Makanan Olahan, Minuman, Tembakau"
16,Canada,20276606.46,2024,82.38167677000594,Olahan daging dan ikan,IV,"Makanan Olahan, Minuman, Tembakau"
16,Chile,1599782.4,2024,,Olahan daging dan ikan,IV,"Makanan Olahan, Minuman, Tembakau"
16,China,16430659.48,2024,63.252147059862466,Olahan daging dan ikan,IV,"Makanan Olahan, Minuman, Tembakau"
16,Comoros,669047.75,2024,-13.103882479116061,Olahan daging dan ikan,IV,"Makanan Olahan, Minuman, Tembakau"
16,Congo,4989318.73,2024,789.6043261000173,Olahan daging dan ikan,IV,"Makanan Olahan, Minuman, Tembakau"
16,Cote Divoire,2887588.0,2024,68.39974612798818,Olahan daging dan ikan,IV,"Makanan Olahan, Minuman, Tembakau"
16,Croatia,1142833.85,2024,21.62793660294339,Olahan daging dan ikan,IV,"Makanan Olahan, Minuman, Tembakau"
16,Cyprus,3839.0,2024,-39.54330708661417,Olahan daging dan ikan,IV,"Makanan Olahan, Minuman, Tembakau"
16,Czech Republic,148605.0,2024,,Olahan daging dan ikan,IV,"Makanan Olahan, Minuman, Tembakau"
16,Democratic Rep. Of The Congo,5200073.38,2024,183.5550418919398,Olahan daging dan ikan,IV,"Makanan Olahan, Minuman, Tembakau"
16,Denmark,1207051.46,2024,37.90561716930567,Olahan daging dan ikan,IV,"Makanan Olahan, Minuman, Tembakau"
16,Djibouti,1.0,2024,,Olahan daging dan ikan,IV,"Makanan Olahan, Minuman, Tembakau"
16,Dominican Republic,1676168.0,2024,24.495346747179454,Olahan daging dan ikan,IV,"Makanan Olahan, Minuman, Tembakau"
16,East Timor,2793889.38,2024,-2.661210601052848,Olahan daging dan ikan,IV,"Makanan Olahan, Minuman, Tembakau"
16,Ecuador,30000.0,2024,-96.3441740758072,Olahan daging dan ikan,IV,"Makanan Olahan, Minuman, Tembakau"
16,Egypt,1780371.19,2024,179.31965047578538,Olahan daging dan ikan,IV,"Makanan Olahan, Minuman, Tembakau"
16,Equatorial Guinea,1572204.5,2024,225.44416729628747,Olahan daging dan ikan,IV,"Makanan Olahan, Minuman, Tembakau"
16,Estonia,101387.0,2024,38.36789562392953,Olahan daging dan ikan,IV,"Makanan Olahan, Minuman, Tembakau"
16,France,4124655.38,2024,19.488630984388124,Olahan daging dan ikan,IV,"Makanan Olahan, Minuman, Tembakau"
16,Gabon,172224.25,2024,-37.14718698451163,Olahan daging dan ikan,IV,"Makanan Olahan, Minuman, Tembakau"
16,Gambia,2564803.83,2024,57.59769209683226,Olahan daging dan ikan,IV,"Makanan Olahan, Minuman, Tembakau"
16,Germany Fed. Rep. Of,8515555.27,2024,48.57859382254538,Olahan daging dan ikan,IV,"Makanan Olahan, Minuman, Tembakau"
16,Ghana,6667033.67,2024,18.902127220364054,Olahan daging dan ikan,IV,"Makanan Olahan, Minuman, Tembakau"
16,Greece,1855310.18,2024,-3.0522802850685293,Olahan daging dan ikan,IV,"Makanan Olahan, Minuman, Tembakau"
16,Guinea,101250.0,2024,,Olahan daging dan ikan,IV,"Makanan Olahan, Minuman, Tembakau"
16,Hong Kong,4810635.7700000005,2024,-8.694299645075963,Olahan daging dan ikan,IV,"Makanan Olahan, Minuman, Tembakau"
16,India,5.0,2024,-99.99536359864862,Olahan daging dan ikan,IV,"Makanan Olahan, Minuman, Tembakau"
16,Iran (Islamic Republic Of),63486.0,2024,,Olahan daging dan ikan,IV,"Makanan Olahan, Minuman, Tembakau"
16,Iraq,933353.34,2024,-10.371584339898087,Olahan daging dan ikan,IV,"Makanan Olahan, Minuman, Tembakau"
16,Ireland,323492.77,2024,12317.957881644812,Olahan daging dan ikan,IV,"Makanan Olahan, Minuman, Tembakau"
16,Israel,956479.3,2024,135.4932292692535,Olahan daging dan ikan,IV,"Makanan Olahan, Minuman, Tembakau"
16,Italy,6767077.95,2024,30.180298868246446,Olahan daging dan ikan,IV,"Makanan Olahan, Minuman, Tembakau"
16,Japan,139931956.29999998,2024,-8.31158853932475,Olahan daging dan ikan,IV,"Makanan Olahan, Minuman, Tembakau"
16,Jordan,12445442.5,2024,1.0213842839945568,Olahan daging dan ikan,IV,"Makanan Olahan, Minuman, Tembakau"
16,Kenya,249593.6,2024,349.5561959654179,Olahan daging dan ikan,IV,"Makanan Olahan, Minuman, Tembakau"
16,Kiribati,137964.6,2024,134.54591819387304,Olahan daging dan ikan,IV,"Makanan Olahan, Minuman, Tembakau"
16,Korea Republic Of,7217379.09,2024,-4.9531787300706425,Olahan daging dan ikan,IV,"Makanan Olahan, Minuman, Tembakau"
16,Kuwait,7684630.66,2024,-8.738532249496709,Olahan daging dan ikan,IV,"Makanan Olahan, Minuman, Tembakau"
16,Lebanon,1435169.5,2024,-27.002620779609455,Olahan daging dan ikan,IV,"Makanan Olahan, Minuman, Tembakau"
16,Liberia,200060.0,2024,-9.266713954766692,Olahan daging dan ikan,IV,"Makanan Olahan, Minuman, Tembakau"
16,Libyan Arab Jamahiriya,1279371.59,2024,-78.89682558404311,Olahan daging dan ikan,IV,"Makanan Olahan, Minuman, Tembakau"
16,Lithuania,98730.95,2024,106.88553617266487,Olahan daging dan ikan,IV,"Makanan Olahan, Minuman, Tembakau"
16,Madagascar,307150.0,2024,-29.17156208816486,Olahan daging dan ikan,IV,"Makanan Olahan, Minuman, Tembakau"
16,Malaysia,5242994.779999999,2024,36.92311665068807,Olahan daging dan ikan,IV,"Makanan Olahan, Minuman, Tembakau"
16,Maldives,5680.0,2024,-19.08831908831909,Olahan daging dan ikan,IV,"Makanan Olahan, Minuman, Tembakau"
16,Mali,1.0,2024,,Olahan daging dan ikan,IV,"Makanan Olahan, Minuman, Tembakau"
16,Mauritania,345938.25,2024,,Olahan daging dan ikan,IV,"Makanan Olahan, Minuman, Tembakau"
16,Mauritius,939651.2100000001,2024,654.0131680308137,Olahan daging dan ikan,IV,"Makanan Olahan, Minuman, Tembakau"
16,Mayotte,52650.0,2024,,Olahan daging dan ikan,IV,"Makanan Olahan, Minuman, Tembakau"
16,Mexico,190948.0,2024,-84.39788864739431,Olahan daging dan ikan,IV,"Makanan Olahan, Minuman, Tembakau"
16,Micronesia Fed. States Of,48666.5,2024,35.613335703788245,Olahan daging dan ikan,IV,"Makanan Olahan, Minuman, Tembakau"
16,Montenegro,1266220.0,2024,76.6026521221203,Olahan daging dan ikan,IV,"Makanan Olahan, Minuman, Tembakau"
16,Mozambique,153988.0,2024,69.72115066681363,Olahan daging dan ikan,IV,"Makanan Olahan, Minuman, Tembakau"
16,Netherlands,23741226.069999997,2024,31.977104526846567,Olahan daging dan ikan,IV,"Makanan Olahan, Minuman, Tembakau"
16,New Zealand,15850.46,2024,1584946.0,Olahan daging dan ikan,IV,"Makanan Olahan, Minuman, Tembakau"
16,Nigeria,1046359.5,2024,19.75107429935356,Olahan daging dan ikan,IV,"Makanan Olahan, Minuman, Tembakau"
16,Norway,11.48,2024,-73.81386861313868,Olahan daging dan ikan,IV,"Makanan Olahan, Minuman, Tembakau"
16,Oman,2041148.75,2024,39.42858596860456,Olahan daging dan ikan,IV,"Makanan Olahan, Minuman, Tembakau"
16,Pakistan,18.0,2024,,Olahan daging dan ikan,IV,"Makanan Olahan, Minuman, Tembakau"
16,Papua New Guinea,2221374.51,2024,-8.217387006204477,Olahan daging dan ikan,IV,"Makanan Olahan, Minuman, Tembakau"
16,Peru,372933.16000000003,2024,,Olahan daging dan ikan,IV,"Makanan Olahan, Minuman, Tembakau"
16,Philippines,171817.91,2024,-42.00756705486157,Olahan daging dan ikan,IV,"Makanan Olahan, Minuman, Tembakau"
16,Poland,80800.0,2024,-76.53890824622532,Olahan daging dan ikan,IV,"Makanan Olahan, Minuman, Tembakau"
16,Portugal,575809.0,2024,,Olahan daging dan ikan,IV,"Makanan Olahan, Minuman, Tembakau"
16,Puerto Rico,2807813.06,2024,16.33629179343096,Olahan daging dan ikan,IV,"Makanan Olahan, Minuman, Tembakau"
16,Qatar,197690.25,2024,-17.233126468744857,Olahan daging dan ikan,IV,"Makanan Olahan, Minuman, Tembakau"
16,Reunion,62906.0,2024,-55.17421245254192,Olahan daging dan ikan,IV,"Makanan Olahan, Minuman, Tembakau"
16,Romania,570389.5,2024,28.225997535245934,Olahan daging dan ikan,IV,"Makanan Olahan, Minuman, Tembakau"
16,Russia Federation,3568483.19,2024,39.43921414134814,Olahan daging dan ikan,IV,"Makanan Olahan, Minuman, Tembakau"
16,Samoa,42931.4,2024,,Olahan daging dan ikan,IV,"Makanan Olahan, Minuman, Tembakau"
16,Saudi Arabia,87541112.48,2024,-12.55536824277985,Olahan daging dan ikan,IV,"Makanan Olahan, Minuman, Tembakau"
16,Senegal,6794752.44,2024,64.98216106363883,Olahan daging dan ikan,IV,"Makanan Olahan, Minuman, Tembakau"
16,Serbia,860824.5,2024,-62.68174816380937,Olahan daging dan ikan,IV,"Makanan Olahan, Minuman, Tembakau"
16,Sierra Leone,3098886.7,2024,60.069909563651244,Olahan daging dan ikan,IV,"Makanan Olahan, Minuman, Tembakau"
16,Singapore,4463147.26,2024,17.048075285145845,Olahan daging dan ikan,IV,"Makanan Olahan, Minuman, Tembakau"
16,Slovakia,36715.0,2024,,Olahan daging dan ikan,IV,"Makanan Olahan, Minuman, Tembakau"
16,Slovenia,36827.7,2024,,Olahan daging dan ikan,IV,"Makanan Olahan, Minuman, Tembakau"
16,Solomon Islands,770766.25,2024,,Olahan daging dan ikan,IV,"Makanan Olahan, Minuman, Tembakau"
16,Somalia,391396.8,2024,-65.15372904443514,Olahan daging dan ikan,IV,"Makanan Olahan, Minuman, Tembakau"
16,South Africa,258532.0,2024,-59.97191413528748,Olahan daging dan ikan,IV,"Makanan Olahan, Minuman, Tembakau"
16,Spain,2956882.1,2024,325.279418064539,Olahan daging dan ikan,IV,"Makanan Olahan, Minuman, Tembakau"
16,Sudan,48000.0,2024,,Olahan daging dan ikan,IV,"Makanan Olahan, Minuman, Tembakau"
16,Suriname,330237.66,2024,33.05240264752949,Olahan daging dan ikan,IV,"Makanan Olahan, Minuman, Tembakau"
16,Sweden,45604.8,2024,-66.21268506054034,Olahan daging dan ikan,IV,"Makanan Olahan, Minuman, Tembakau"
16,Switzerland,352435.45999999996,2024,131.8654342105263,Olahan daging dan ikan,IV,"Makanan Olahan, Minuman, Tembakau"
16,Syria Arab Republic,107040.0,2024,451.6388373531231,Olahan daging dan ikan,IV,"Makanan Olahan, Minuman, Tembakau"
16,Taiwan,4594033.39,2024,-27.6287882824544,Olahan daging dan ikan,IV,"Makanan Olahan, Minuman, Tembakau"
16,Tanzania United Rep. Of,4396592.53,2024,513.6519906457204,Olahan daging dan ikan,IV,"Makanan Olahan, Minuman, Tembakau"
16,Thailand,72347262.69,2024,23.969467217431482,Olahan daging dan ikan,IV,"Makanan Olahan, Minuman, Tembakau"
16,Togo,1591433.54,2024,-15.599853944260694,Olahan daging dan ikan,IV,"Makanan Olahan, Minuman, Tembakau"
16,Trinidad And Tobago,38988.74,2024,184.67640833218334,Olahan daging dan ikan,IV,"Makanan Olahan, Minuman, Tembakau"
16,Turkey,445444.2,2024,437.98154474030895,Olahan daging dan ikan,IV,"Makanan Olahan, Minuman, Tembakau"
16,Ukraine,82327.0,2024,80.11113785031394,Olahan daging dan ikan,IV,"Makanan Olahan, Minuman, Tembakau"
16,United Arab Emirates,4542188.33,2024,-3.9751165151387235,Olahan daging dan ikan,IV,"Makanan Olahan, Minuman, Tembakau"
16,United Kingdom,25897723.2,2024,17.05601097920279,Olahan daging dan ikan,IV,"Makanan Olahan, Minuman, Tembakau"
16,United States,788278915.0,2024,-2.2702691344009436,Olahan daging dan ikan,IV,"Makanan Olahan, Minuman, Tembakau"
16,Uzbekistan,246941.25,2024,37.994551550712494,Olahan daging dan ikan,IV,"Makanan Olahan, Minuman, Tembakau"
16,Viet Nam,2352186.45,2024,35.04030788678637,Olahan daging dan ikan,IV,"Makanan Olahan, Minuman, Tembakau"
16,Yemen,1247960.93,2024,42.84976974025275,Olahan daging dan ikan,IV,"Makanan Olahan, Minuman, Tembakau"
17,American Samoa,31674.09,2024,304.10933911712175,Gula dan kembang gula,IV,"Makanan Olahan, Minuman, Tembakau"
17,Angola,2375.0,2024,-81.32421168514587,Gula dan kembang gula,IV,"Makanan Olahan, Minuman, Tembakau"
17,Argentina,356834.4,2024,-78.31887638104116,Gula dan kembang gula,IV,"Makanan Olahan, Minuman, Tembakau"
17,Australia,4605459.899999999,2024,19.13744874303011,Gula dan kembang gula,IV,"Makanan Olahan, Minuman, Tembakau"
17,Austria,94.16,2024,,Gula dan kembang gula,IV,"Makanan Olahan, Minuman, Tembakau"
17,Bahrain,471427.72,2024,8.913218803748045,Gula dan kembang gula,IV,"Makanan Olahan, Minuman, Tembakau"
17,Bangladesh,861523.9,2024,90.04488045096852,Gula dan kembang gula,IV,"Makanan Olahan, Minuman, Tembakau"
17,Barbados,3203.0,2024,-78.28732184317116,Gula dan kembang gula,IV,"Makanan Olahan, Minuman, Tembakau"
17,Belgium,517303.4,2024,449.72771494685276,Gula dan kembang gula,IV,"Makanan Olahan, Minuman, Tembakau"
17,Benin,172726.0,2024,-1.8602272727272728,Gula dan kembang gula,IV,"Makanan Olahan, Minuman, Tembakau"
17,Bosnia And Herzegovina,45143.27,2024,,Gula dan kembang gula,IV,"Makanan Olahan, Minuman, Tembakau"
17,Brazil,1452260.15,2024,24.79548957149665,Gula dan kembang gula,IV,"Makanan Olahan, Minuman, Tembakau"
17,Brunei Darussalam,719998.5399999999,2024,-20.70801586098397,Gula dan kembang gula,IV,"Makanan Olahan, Minuman, Tembakau"
17,Bulgaria,54670.0,2024,-38.43468468468468,Gula dan kembang gula,IV,"Makanan Olahan, Minuman, Tembakau"
17,Cambodia,5783592.710000001,2024,126.28275341933843,Gula dan kembang gula,IV,"Makanan Olahan, Minuman, Tembakau"
17,Canada,3278880.59,2024,84.62470385279505,Gula dan kembang gula,IV,"Makanan Olahan, Minuman, Tembakau"
17,Cape Verde,69227.2,2024,,Gula dan kembang gula,IV,"Makanan Olahan, Minuman, Tembakau"
17,Chile,58925.8,2024,-4.988040022992828,Gula dan kembang gula,IV,"Makanan Olahan, Minuman, Tembakau"
17,China,17997827.62,2024,2.3904633180242616,Gula dan kembang gula,IV,"Makanan Olahan, Minuman, Tembakau"
17,Colombia,72603.72,2024,61.30826295898847,Gula dan kembang gula,IV,"Makanan Olahan, Minuman, Tembakau"
17,Congo,2182.78,2024,818.6784511784513,Gula dan kembang gula,IV,"Makanan Olahan, Minuman, Tembakau"
17,Costa Rica,199286.52,2024,,Gula dan kembang gula,IV,"Makanan Olahan, Minuman, Tembakau"
17,Cote Divoire,1140.54,2024,-99.65815762262285,Gula dan kembang gula,IV,"Makanan Olahan, Minuman, Tembakau"
17,Croatia,22050.0,2024,-71.24851841855116,Gula dan kembang gula,IV,"Makanan Olahan, Minuman, Tembakau"
17,Cyprus,850.0,2024,,Gula dan kembang gula,IV,"Makanan Olahan, Minuman, Tembakau"
17,Czech Republic,269191.35,2024,28.630100362894755,Gula dan kembang gula,IV,"Makanan Olahan, Minuman, Tembakau"
17,Democratic Rep. Of The Congo,355699.8,2024,4.978095365142165,Gula dan kembang gula,IV,"Makanan Olahan, Minuman, Tembakau"
17,Dominica,8100.0,2024,,Gula dan kembang gula,IV,"Makanan Olahan, Minuman, Tembakau"
17,Dominican Republic,1652833.67,2024,6236.33762698869,Gula dan kembang gula,IV,"Makanan Olahan, Minuman, Tembakau"
17,East Timor,3922761.03,2024,-14.51814921081118,Gula dan kembang gula,IV,"Makanan Olahan, Minuman, Tembakau"
17,Ecuador,71170.7,2024,-28.205404969182197,Gula dan kembang gula,IV,"Makanan Olahan, Minuman, Tembakau"
17,Egypt,586329.59,2024,-13.226763180038533,Gula dan kembang gula,IV,"Makanan Olahan, Minuman, Tembakau"
17,Estonia,19300.0,2024,-79.33132001113754,Gula dan kembang gula,IV,"Makanan Olahan, Minuman, Tembakau"
17,Fiji,5093033.840000001,2024,773.7325305477973,Gula dan kembang gula,IV,"Makanan Olahan, Minuman, Tembakau"
17,Finland,244642.37,2024,11.429172789427227,Gula dan kembang gula,IV,"Makanan Olahan, Minuman, Tembakau"
17,France,333356.25,2024,28.158533458668888,Gula dan kembang gula,IV,"Makanan Olahan, Minuman, Tembakau"
17,French Polynesia,2289.8,2024,217.24348139322234,Gula dan kembang gula,IV,"Makanan Olahan, Minuman, Tembakau"
17,Gabon,171861.8,2024,86.16593400570166,Gula dan kembang gula,IV,"Makanan Olahan, Minuman, Tembakau"
17,Gambia,6708.54,2024,-88.70216743293084,Gula dan kembang gula,IV,"Makanan Olahan, Minuman, Tembakau"
17,Georgia,10248.04,2024,82.78561478545784,Gula dan kembang gula,IV,"Makanan Olahan, Minuman, Tembakau"
17,Germany Fed. Rep. Of,3911287.18,2024,53.78317261209797,Gula dan kembang gula,IV,"Makanan Olahan, Minuman, Tembakau"
17,Ghana,374237.54000000004,2024,241.93372724557435,Gula dan kembang gula,IV,"Makanan Olahan, Minuman, Tembakau"
17,Greece,817685.9,2024,-4.146505864782931,Gula dan kembang gula,IV,"Makanan Olahan, Minuman, Tembakau"
17,Guam,15471.130000000001,2024,697.2343605070597,Gula dan kembang gula,IV,"Makanan Olahan, Minuman, Tembakau"
17,Guatemala,117435.0,2024,435.01138952164007,Gula dan kembang gula,IV,"Makanan Olahan, Minuman, Tembakau"
17,Guinea,781612.0,2024,-2.7277139621420483,Gula dan kembang gula,IV,"Makanan Olahan, Minuman, Tembakau"
17,Guyana,5418.5,2024,,Gula dan kembang gula,IV,"Makanan Olahan, Minuman, Tembakau"
17,Hong Kong,2127748.02,2024,5.982074147155307,Gula dan kembang gula,IV,"Makanan Olahan, Minuman, Tembakau"
17,Hungary,156238.65,2024,62.53898618240227,Gula dan kembang gula,IV,"Makanan Olahan, Minuman, Tembakau"
17,India,2341243.84,2024,-23.68419296722196,Gula dan kembang gula,IV,"Makanan Olahan, Minuman, Tembakau"
17,Iraq,536271.68,2024,70.81272130501314,Gula dan kembang gula,IV,"Makanan Olahan, Minuman, Tembakau"
17,Israel,1253286.23,2024,-23.553307301239535,Gula dan kembang gula,IV,"Makanan Olahan, Minuman, Tembakau"
17,Italy,444484.87,2024,35.64224225692937,Gula dan kembang gula,IV,"Makanan Olahan, Minuman, Tembakau"
17,Japan,7710694.56,2024,-5.996390225677544,Gula dan kembang gula,IV,"Makanan Olahan, Minuman, Tembakau"
17,Jordan,458715.16,2024,20.67466139472358,Gula dan kembang gula,IV,"Makanan Olahan, Minuman, Tembakau"
17,Kenya,577932.1499999999,2024,25.22871278523563,Gula dan kembang gula,IV,"Makanan Olahan, Minuman, Tembakau"
17,Kiribati,68546.25,2024,0.6107428209096725,Gula dan kembang gula,IV,"Makanan Olahan, Minuman, Tembakau"
17,Korea Republic Of,18482629.39,2024,-46.95952550979437,Gula dan kembang gula,IV,"Makanan Olahan, Minuman, Tembakau"
17,Kuwait,2383723.76,2024,-3.9635198287026387,Gula dan kembang gula,IV,"Makanan Olahan, Minuman, Tembakau"
17,Lebanon,649694.29,2024,34.69987910698815,Gula dan kembang gula,IV,"Makanan Olahan, Minuman, Tembakau"
17,Libyan Arab Jamahiriya,301890.29000000004,2024,-65.06186609521981,Gula dan kembang gula,IV,"Makanan Olahan, Minuman, Tembakau"
17,Lithuania,146820.14,2024,-26.042548715810316,Gula dan kembang gula,IV,"Makanan Olahan, Minuman, Tembakau"
17,Macau,46080.78,2024,-28.690593910019828,Gula dan kembang gula,IV,"Makanan Olahan, Minuman, Tembakau"
17,Madagascar,219382.5,2024,106.96579414600463,Gula dan kembang gula,IV,"Makanan Olahan, Minuman, Tembakau"
17,Malaysia,24426284.300000004,2024,-15.420789565766304,Gula dan kembang gula,IV,"Makanan Olahan, Minuman, Tembakau"
17,Maldives,82820.76000000001,2024,-7.892183908327198,Gula dan kembang gula,IV,"Makanan Olahan, Minuman, Tembakau"
17,Mali,58010.7,2024,-70.65149257695606,Gula dan kembang gula,IV,"Makanan Olahan, Minuman, Tembakau"
17,Marshall Islands,6299.1,2024,-44.74725714265665,Gula dan kembang gula,IV,"Makanan Olahan, Minuman, Tembakau"
17,Mauritania,3278.4,2024,142.84444444444443,Gula dan kembang gula,IV,"Makanan Olahan, Minuman, Tembakau"
17,Mauritius,581782.0099999999,2024,-4.314931369990889,Gula dan kembang gula,IV,"Makanan Olahan, Minuman, Tembakau"
17,Mexico,1510785.0899999999,2024,-5.951670820726756,Gula dan kembang gula,IV,"Makanan Olahan, Minuman, Tembakau"
17,Micronesia Fed. States Of,6347.7,2024,-76.8603964904005,Gula dan kembang gula,IV,"Makanan Olahan, Minuman, Tembakau"
17,Mongolia,120940.6,2024,1.37976046195546,Gula dan kembang gula,IV,"Makanan Olahan, Minuman, Tembakau"
17,Morocco,284756.82,2024,40.10638186382438,Gula dan kembang gula,IV,"Makanan Olahan, Minuman, Tembakau"
17,Mozambique,118803.75,2024,73.25844662955144,Gula dan kembang gula,IV,"Makanan Olahan, Minuman, Tembakau"
17,Myanmar,375038.85,2024,-52.67026993273767,Gula dan kembang gula,IV,"Makanan Olahan, Minuman, Tembakau"
17,Nepal,19602.25,2024,-50.37008023933054,Gula dan kembang gula,IV,"Makanan Olahan, Minuman, Tembakau"
17,Netherlands,5976491.11,2024,38.00154512546288,Gula dan kembang gula,IV,"Makanan Olahan, Minuman, Tembakau"
17,New Zealand,960670.55,2024,-39.271719482346555,Gula dan kembang gula,IV,"Makanan Olahan, Minuman, Tembakau"
17,Niger,1181837.25,2024,-55.328323525050706,Gula dan kembang gula,IV,"Makanan Olahan, Minuman, Tembakau"
17,Nigeria,1308501.63,2024,86.68465276298363,Gula dan kembang gula,IV,"Makanan Olahan, Minuman, Tembakau"
17,Northern Mariana Islands,27920.15,2024,149.63944639710166,Gula dan kembang gula,IV,"Makanan Olahan, Minuman, Tembakau"
17,Norway,73848.0,2024,45.35205279660199,Gula dan kembang gula,IV,"Makanan Olahan, Minuman, Tembakau"
17,Oman,1232096.23,2024,147.22438164369908,Gula dan kembang gula,IV,"Makanan Olahan, Minuman, Tembakau"
17,Pakistan,1127131.46,2024,78.11405504589938,Gula dan kembang gula,IV,"Makanan Olahan, Minuman, Tembakau"
17,Palestina,11033.0,2024,-62.92070448308949,Gula dan kembang gula,IV,"Makanan Olahan, Minuman, Tembakau"
17,Panama,126594.38,2024,-12.157205337137714,Gula dan kembang gula,IV,"Makanan Olahan, Minuman, Tembakau"
17,Papua New Guinea,17007120.91,2024,11782.30357710898,Gula dan kembang gula,IV,"Makanan Olahan, Minuman, Tembakau"
17,Paraguay,2100.0,2024,-65.57377049180327,Gula dan kembang gula,IV,"Makanan Olahan, Minuman, Tembakau"
17,Peru,165311.0,2024,-22.554063551663866,Gula dan kembang gula,IV,"Makanan Olahan, Minuman, Tembakau"
17,Philippines,115236533.57,2024,7.586729971940567,Gula dan kembang gula,IV,"Makanan Olahan, Minuman, Tembakau"
17,Poland,851899.99,2024,228.99021320720973,Gula dan kembang gula,IV,"Makanan Olahan, Minuman, Tembakau"
17,Portugal,78758.8,2024,-51.64968199788817,Gula dan kembang gula,IV,"Makanan Olahan, Minuman, Tembakau"
17,Puerto Rico,2780669.54,2024,14.573172022329942,Gula dan kembang gula,IV,"Makanan Olahan, Minuman, Tembakau"
17,Qatar,931764.01,2024,23.849235923179187,Gula dan kembang gula,IV,"Makanan Olahan, Minuman, Tembakau"
17,Reunion,41558.0,2024,332.89583333333337,Gula dan kembang gula,IV,"Makanan Olahan, Minuman, Tembakau"
17,Romania,15122.8,2024,-62.88110998313269,Gula dan kembang gula,IV,"Makanan Olahan, Minuman, Tembakau"
17,Russia Federation,1636203.22,2024,3.82177598898803,Gula dan kembang gula,IV,"Makanan Olahan, Minuman, Tembakau"
17,Samoa,499303.77999999997,2024,87.96659964595686,Gula dan kembang gula,IV,"Makanan Olahan, Minuman, Tembakau"
17,Saudi Arabia,5589399.25,2024,-15.4983199925662,Gula dan kembang gula,IV,"Makanan Olahan, Minuman, Tembakau"
17,Senegal,1157.03,2024,,Gula dan kembang gula,IV,"Makanan Olahan, Minuman, Tembakau"
17,Serbia,37280.0,2024,9.73646176443749,Gula dan kembang gula,IV,"Makanan Olahan, Minuman, Tembakau"
17,Seychelles,41419.06,2024,16.214541064198066,Gula dan kembang gula,IV,"Makanan Olahan, Minuman, Tembakau"
17,Sierra Leone,849885.25,2024,-6.661814256093061,Gula dan kembang gula,IV,"Makanan Olahan, Minuman, Tembakau"
17,Singapore,9800113.44,2024,26.788638236287575,Gula dan kembang gula,IV,"Makanan Olahan, Minuman, Tembakau"
17,Slovakia,102600.72,2024,186.83455409561086,Gula dan kembang gula,IV,"Makanan Olahan, Minuman, Tembakau"
17,Slovenia,79843.9,2024,13.9321155292847,Gula dan kembang gula,IV,"Makanan Olahan, Minuman, Tembakau"
17,Solomon Islands,552947.56,2024,18.09345345694243,Gula dan kembang gula,IV,"Makanan Olahan, Minuman, Tembakau"
17,Somalia,1277383.22,2024,9.874508055888164,Gula dan kembang gula,IV,"Makanan Olahan, Minuman, Tembakau"
17,South Africa,475221.45999999996,2024,5.962479381506734,Gula dan kembang gula,IV,"Makanan Olahan, Minuman, Tembakau"
17,Spain,618976.5800000001,2024,48.87014229950638,Gula dan kembang gula,IV,"Makanan Olahan, Minuman, Tembakau"
17,Sri Lanka,799431.76,2024,-60.06692744847595,Gula dan kembang gula,IV,"Makanan Olahan, Minuman, Tembakau"
17,Suriname,20090.5,2024,-20.187112664865726,Gula dan kembang gula,IV,"Makanan Olahan, Minuman, Tembakau"
17,Sweden,345947.20999999996,2024,193.44940491085325,Gula dan kembang gula,IV,"Makanan Olahan, Minuman, Tembakau"
17,Switzerland,15360.4,2024,8327.278213639105,Gula dan kembang gula,IV,"Makanan Olahan, Minuman, Tembakau"
17,Taiwan,6360202.55,2024,-21.37366554853814,Gula dan kembang gula,IV,"Makanan Olahan, Minuman, Tembakau"
17,Tanzania United Rep. Of,27311.879999999997,2024,5969.306666666666,Gula dan kembang gula,IV,"Makanan Olahan, Minuman, Tembakau"
17,Thailand,57086894.85,2024,-18.362661882197408,Gula dan kembang gula,IV,"Makanan Olahan, Minuman, Tembakau"
17,Togo,2568630.23,2024,1690.1169576704974,Gula dan kembang gula,IV,"Makanan Olahan, Minuman, Tembakau"
17,Tonga,192113.81,2024,-4.873315070256728,Gula dan kembang gula,IV,"Makanan Olahan, Minuman, Tembakau"
17,Trinidad And Tobago,104727.0,2024,392.8329411764706,Gula dan kembang gula,IV,"Makanan Olahan, Minuman, Tembakau"
17,Tunisia,66852.08,2024,45.834275900266846,Gula dan kembang gula,IV,"Makanan Olahan, Minuman, Tembakau"
17,Turkey,1431630.32,2024,531.9530334118447,Gula dan kembang gula,IV,"Makanan Olahan, Minuman, Tembakau"
17,Tuvalu,2578.4,2024,1.038441945217289,Gula dan kembang gula,IV,"Makanan Olahan, Minuman, Tembakau"
17,Uganda,29600.0,2024,-63.75347908434921,Gula dan kembang gula,IV,"Makanan Olahan, Minuman, Tembakau"
17,Ukraine,12060.0,2024,,Gula dan kembang gula,IV,"Makanan Olahan, Minuman, Tembakau"
17,United Arab Emirates,8723162.649999999,2024,16.520236755997193,Gula dan kembang gula,IV,"Makanan Olahan, Minuman, Tembakau"
17,United Kingdom,6387355.890000001,2024,50.83627999884271,Gula dan kembang gula,IV,"Makanan Olahan, Minuman, Tembakau"
17,United States,71742998.32000001,2024,16.736946699203468,Gula dan kembang gula,IV,"Makanan Olahan, Minuman, Tembakau"
17,Uzbekistan,8379.0,2024,177.08333333333331,Gula dan kembang gula,IV,"Makanan Olahan, Minuman, Tembakau"
17,Vanuatu,285792.56,2024,26.172511097443785,Gula dan kembang gula,IV,"Makanan Olahan, Minuman, Tembakau"
17,Venezuela,164387.5,2024,,Gula dan kembang gula,IV,"Makanan Olahan, Minuman, Tembakau"
17,Viet Nam,78948174.76,2024,-9.523404938179473,Gula dan kembang gula,IV,"Makanan Olahan, Minuman, Tembakau"
17,Yemen,327329.8,2024,14.98954825060367,Gula dan kembang gula,IV,"Makanan Olahan, Minuman, Tembakau"
18,Afghanistan,38354.77,2024,,Kakao dan olahannya,IV,"Makanan Olahan, Minuman, Tembakau"
18,Albania,74650.0,2024,178.8777644949193,Kakao dan olahannya,IV,"Makanan Olahan, Minuman, Tembakau"
18,Algeria,3227692.6,2024,96.16358645108369,Kakao dan olahannya,IV,"Makanan Olahan, Minuman, Tembakau"
18,American Samoa,1600.0,2024,-40.74074074074074,Kakao dan olahannya,IV,"Makanan Olahan, Minuman, Tembakau"
18,Angola,374628.0,2024,-10.297103670216842,Kakao dan olahannya,IV,"Makanan Olahan, Minuman, Tembakau"
18,Argentina,41600.0,2024,-49.79483466087376,Kakao dan olahannya,IV,"Makanan Olahan, Minuman, Tembakau"
18,Armenia,48579.88,2024,,Kakao dan olahannya,IV,"Makanan Olahan, Minuman, Tembakau"
18,Australia,150790659.36,2024,122.3477464862767,Kakao dan olahannya,IV,"Makanan Olahan, Minuman, Tembakau"
18,Austria,16622.21,2024,,Kakao dan olahannya,IV,"Makanan Olahan, Minuman, Tembakau"
18,Azerbaijan,60255.0,2024,-18.19959001371146,Kakao dan olahannya,IV,"Makanan Olahan, Minuman, Tembakau"
18,Bahrain,442580.37,2024,14.220626434757024,Kakao dan olahannya,IV,"Makanan Olahan, Minuman, Tembakau"
18,Bangladesh,1354970.68,2024,-3.9257817340098304,Kakao dan olahannya,IV,"Makanan Olahan, Minuman, Tembakau"
18,Belarus,86928.13,2024,215.4605867192337,Kakao dan olahannya,IV,"Makanan Olahan, Minuman, Tembakau"
18,Belgium,3783103.8,2024,1137.5490540778721,Kakao dan olahannya,IV,"Makanan Olahan, Minuman, Tembakau"
18,Bosnia And Herzegovina,24650.0,2024,,Kakao dan olahannya,IV,"Makanan Olahan, Minuman, Tembakau"
18,Brazil,1474313.9,2024,-93.49152526396597,Kakao dan olahannya,IV,"Makanan Olahan, Minuman, Tembakau"
18,Brunei Darussalam,494819.07,2024,51.36907871604566,Kakao dan olahannya,IV,"Makanan Olahan, Minuman, Tembakau"
18,Bulgaria,2343751.81,2024,-26.629113845669533,Kakao dan olahannya,IV,"Makanan Olahan, Minuman, Tembakau"
18,Cambodia,738656.14,2024,232.36423181349676,Kakao dan olahannya,IV,"Makanan Olahan, Minuman, Tembakau"
18,Cameroon,69780.02,2024,-66.13713534223174,Kakao dan olahannya,IV,"Makanan Olahan, Minuman, Tembakau"
18,Canada,58210814.0,2024,101.24073191569998,Kakao dan olahannya,IV,"Makanan Olahan, Minuman, Tembakau"
18,Chile,2401560.0,2024,-33.17520242273977,Kakao dan olahannya,IV,"Makanan Olahan, Minuman, Tembakau"
18,China,218126649.79,2024,46.38491366542774,Kakao dan olahannya,IV,"Makanan Olahan, Minuman, Tembakau"
18,Colombia,278980.0,2024,431.39047619047614,Kakao dan olahannya,IV,"Makanan Olahan, Minuman, Tembakau"
18,Croatia,259460.0,2024,-4.3359634245262155,Kakao dan olahannya,IV,"Makanan Olahan, Minuman, Tembakau"
18,Denmark,416742.5,2024,141.64869127555696,Kakao dan olahannya,IV,"Makanan Olahan, Minuman, Tembakau"
18,Djibouti,31349.0,2024,-54.090942373874206,Kakao dan olahannya,IV,"Makanan Olahan, Minuman, Tembakau"
18,Dominican Republic,48270.39,2024,20.667679097062074,Kakao dan olahannya,IV,"Makanan Olahan, Minuman, Tembakau"
18,East Timor,693842.03,2024,7.588354180867758,Kakao dan olahannya,IV,"Makanan Olahan, Minuman, Tembakau"
18,Egypt,16250445.36,2024,99.78666491688669,Kakao dan olahannya,IV,"Makanan Olahan, Minuman, Tembakau"
18,Estonia,208437989.61,2024,171.97586385607687,Kakao dan olahannya,IV,"Makanan Olahan, Minuman, Tembakau"
18,Ethiopia,22503.36,2024,-70.71228031633302,Kakao dan olahannya,IV,"Makanan Olahan, Minuman, Tembakau"
18,Fiji,668452.6,2024,34.65610662312886,Kakao dan olahannya,IV,"Makanan Olahan, Minuman, Tembakau"
18,Finland,66220.0,2024,-99.67105296165543,Kakao dan olahannya,IV,"Makanan Olahan, Minuman, Tembakau"
18,France,45287903.9,2024,260.66645526976106,Kakao dan olahannya,IV,"Makanan Olahan, Minuman, Tembakau"
18,Georgia,180835.35,2024,386.2799327731093,Kakao dan olahannya,IV,"Makanan Olahan, Minuman, Tembakau"
18,Germany Fed. Rep. Of,45791732.2,2024,598.1511960272622,Kakao dan olahannya,IV,"Makanan Olahan, Minuman, Tembakau"
18,Ghana,446484.61,2024,730.7160256133556,Kakao dan olahannya,IV,"Makanan Olahan, Minuman, Tembakau"
18,Greece,69300.0,2024,-82.64230678482922,Kakao dan olahannya,IV,"Makanan Olahan, Minuman, Tembakau"
18,Guatemala,2625.0,2024,25.0,Kakao dan olahannya,IV,"Makanan Olahan, Minuman, Tembakau"
18,Guyana,24002.95,2024,531.6565789473684,Kakao dan olahannya,IV,"Makanan Olahan, Minuman, Tembakau"
18,Hong Kong,560960.45,2024,-4.065752599086454,Kakao dan olahannya,IV,"Makanan Olahan, Minuman, Tembakau"
18,Hungary,71083.7,2024,-48.95475801556369,Kakao dan olahannya,IV,"Makanan Olahan, Minuman, Tembakau"
18,India,474722724.49,2024,126.01587869889579,Kakao dan olahannya,IV,"Makanan Olahan, Minuman, Tembakau"
18,Iran (Islamic Republic Of),4833081.62,2024,91.05683928785541,Kakao dan olahannya,IV,"Makanan Olahan, Minuman, Tembakau"
18,Iraq,1184017.5,2024,59.941716694993765,Kakao dan olahannya,IV,"Makanan Olahan, Minuman, Tembakau"
18,Ireland,50197.28,2024,146.982808671436,Kakao dan olahannya,IV,"Makanan Olahan, Minuman, Tembakau"
18,Israel,13348683.51,2024,239.17057754935834,Kakao dan olahannya,IV,"Makanan Olahan, Minuman, Tembakau"
18,Japan,59896731.379999995,2024,133.90313930130444,Kakao dan olahannya,IV,"Makanan Olahan, Minuman, Tembakau"
18,Jordan,257280.85,2024,19.298820346854797,Kakao dan olahannya,IV,"Makanan Olahan, Minuman, Tembakau"
18,Kenya,827813.65,2024,52.67784933242812,Kakao dan olahannya,IV,"Makanan Olahan, Minuman, Tembakau"
18,Kiribati,540.0,2024,-92.49337957782211,Kakao dan olahannya,IV,"Makanan Olahan, Minuman, Tembakau"
18,Korea Republic Of,8460821.22,2024,64.4317767218594,Kakao dan olahannya,IV,"Makanan Olahan, Minuman, Tembakau"
18,Kuwait,1185929.14,2024,13.861982774321756,Kakao dan olahannya,IV,"Makanan Olahan, Minuman, Tembakau"
18,Latvia,387305.61,2024,,Kakao dan olahannya,IV,"Makanan Olahan, Minuman, Tembakau"
18,Lebanon,349005.0,2024,-69.82785186019478,Kakao dan olahannya,IV,"Makanan Olahan, Minuman, Tembakau"
18,Libyan Arab Jamahiriya,212164.66,2024,68.6060331915175,Kakao dan olahannya,IV,"Makanan Olahan, Minuman, Tembakau"
18,Lithuania,2554259.42,2024,679.7553990287568,Kakao dan olahannya,IV,"Makanan Olahan, Minuman, Tembakau"
18,Macau,32090.69,2024,8.820474493185214,Kakao dan olahannya,IV,"Makanan Olahan, Minuman, Tembakau"
18,Madagascar,160593.74,2024,69.93888310881339,Kakao dan olahannya,IV,"Makanan Olahan, Minuman, Tembakau"
18,Malaysia,256844824.92000002,2024,149.04811637032282,Kakao dan olahannya,IV,"Makanan Olahan, Minuman, Tembakau"
18,Maldives,273711.05,2024,36.84041781787291,Kakao dan olahannya,IV,"Makanan Olahan, Minuman, Tembakau"
18,Marshall Islands,11000.0,2024,32.77247023180866,Kakao dan olahannya,IV,"Makanan Olahan, Minuman, Tembakau"
18,Mauritius,40010.9,2024,332.2932310518071,Kakao dan olahannya,IV,"Makanan Olahan, Minuman, Tembakau"
18,Mexico,38793803.42,2024,82.70427486266465,Kakao dan olahannya,IV,"Makanan Olahan, Minuman, Tembakau"
18,Morocco,665010.0,2024,160.07065446363114,Kakao dan olahannya,IV,"Makanan Olahan, Minuman, Tembakau"
18,Mozambique,33850.0,2024,,Kakao dan olahannya,IV,"Makanan Olahan, Minuman, Tembakau"
18,Myanmar,59250.16,2024,108.04713615551,Kakao dan olahannya,IV,"Makanan Olahan, Minuman, Tembakau"
18,Netherlands,190086130.83999997,2024,394.4111538521882,Kakao dan olahannya,IV,"Makanan Olahan, Minuman, Tembakau"
18,New Zealand,35951437.11,2024,142.11394567513324,Kakao dan olahannya,IV,"Makanan Olahan, Minuman, Tembakau"
18,Nigeria,839589.49,2024,225.37695717891083,Kakao dan olahannya,IV,"Makanan Olahan, Minuman, Tembakau"
18,Oman,106318.2,2024,-18.824777888631246,Kakao dan olahannya,IV,"Makanan Olahan, Minuman, Tembakau"
18,Pakistan,14466500.129999999,2024,4.909569391498736,Kakao dan olahannya,IV,"Makanan Olahan, Minuman, Tembakau"
18,Panama,5530.0,2024,,Kakao dan olahannya,IV,"Makanan Olahan, Minuman, Tembakau"
18,Papua New Guinea,280212.47,2024,62.02808384932914,Kakao dan olahannya,IV,"Makanan Olahan, Minuman, Tembakau"
18,Philippines,53819695.88,2024,53.05007067725559,Kakao dan olahannya,IV,"Makanan Olahan, Minuman, Tembakau"
18,Poland,5679024.09,2024,217.7792363938912,Kakao dan olahannya,IV,"Makanan Olahan, Minuman, Tembakau"
18,Portugal,46500.0,2024,-42.37918215613383,Kakao dan olahannya,IV,"Makanan Olahan, Minuman, Tembakau"
18,Qatar,675032.85,2024,-17.11641612812968,Kakao dan olahannya,IV,"Makanan Olahan, Minuman, Tembakau"
18,Rep. Of Macedonia,73515.75,2024,,Kakao dan olahannya,IV,"Makanan Olahan, Minuman, Tembakau"
18,Romania,88325.0,2024,-10.398173979203653,Kakao dan olahannya,IV,"Makanan Olahan, Minuman, Tembakau"
18,Russia Federation,140017727.49,2024,398.26347872020784,Kakao dan olahannya,IV,"Makanan Olahan, Minuman, Tembakau"
18,Samoa,109039.55,2024,-27.69203070581464,Kakao dan olahannya,IV,"Makanan Olahan, Minuman, Tembakau"
18,Saudi Arabia,4501105.86,2024,1.4684623169895084,Kakao dan olahannya,IV,"Makanan Olahan, Minuman, Tembakau"
18,Serbia,29575.0,2024,,Kakao dan olahannya,IV,"Makanan Olahan, Minuman, Tembakau"
18,Seychelles,1252.5,2024,,Kakao dan olahannya,IV,"Makanan Olahan, Minuman, Tembakau"
18,Singapore,29958275.12,2024,67.94942841696867,Kakao dan olahannya,IV,"Makanan Olahan, Minuman, Tembakau"
18,Slovenia,25075.0,2024,-58.156028368794324,Kakao dan olahannya,IV,"Makanan Olahan, Minuman, Tembakau"
18,Solomon Islands,126327.1,2024,0.5886718295885451,Kakao dan olahannya,IV,"Makanan Olahan, Minuman, Tembakau"
18,South Africa,22845077.36,2024,57.36054172587889,Kakao dan olahannya,IV,"Makanan Olahan, Minuman, Tembakau"
18,Spain,17246272.32,2024,17.651935598270956,Kakao dan olahannya,IV,"Makanan Olahan, Minuman, Tembakau"
18,Sri Lanka,3070733.19,2024,161.29498614658854,Kakao dan olahannya,IV,"Makanan Olahan, Minuman, Tembakau"
18,Switzerland,19145.489999999998,2024,-74.5187568825545,Kakao dan olahannya,IV,"Makanan Olahan, Minuman, Tembakau"
18,Syria Arab Republic,408650.0,2024,125.18625462881326,Kakao dan olahannya,IV,"Makanan Olahan, Minuman, Tembakau"
18,Taiwan,1412369.71,2024,38.190026025661496,Kakao dan olahannya,IV,"Makanan Olahan, Minuman, Tembakau"
18,Tanzania United Rep. Of,381575.5,2024,52.61219176137216,Kakao dan olahannya,IV,"Makanan Olahan, Minuman, Tembakau"
18,Thailand,24905572.17,2024,16.66906599056309,Kakao dan olahannya,IV,"Makanan Olahan, Minuman, Tembakau"
18,Tonga,35079.5,2024,-38.79252043709883,Kakao dan olahannya,IV,"Makanan Olahan, Minuman, Tembakau"
18,Tunisia,85536.0,2024,,Kakao dan olahannya,IV,"Makanan Olahan, Minuman, Tembakau"
18,Turkey,17580417.23,2024,90.156154226017,Kakao dan olahannya,IV,"Makanan Olahan, Minuman, Tembakau"
18,Turkmenistan,27000.0,2024,26.05042016806723,Kakao dan olahannya,IV,"Makanan Olahan, Minuman, Tembakau"
18,Uganda,1476.0,2024,114.84716157205239,Kakao dan olahannya,IV,"Makanan Olahan, Minuman, Tembakau"
18,United Arab Emirates,27485099.490000002,2024,133.73340819090964,Kakao dan olahannya,IV,"Makanan Olahan, Minuman, Tembakau"
18,United Kingdom,876403.04,2024,25743.220306496467,Kakao dan olahannya,IV,"Makanan Olahan, Minuman, Tembakau"
18,United States,411568994.76,2024,136.64538605099165,Kakao dan olahannya,IV,"Makanan Olahan, Minuman, Tembakau"
18,Uruguay,1198206.14,2024,987.2424969355106,Kakao dan olahannya,IV,"Makanan Olahan, Minuman, Tembakau"
18,Uzbekistan,259300.0,2024,149.24115056943387,Kakao dan olahannya,IV,"Makanan Olahan, Minuman, Tembakau"
18,Vanuatu,79392.43,2024,14.116525231571547,Kakao dan olahannya,IV,"Makanan Olahan, Minuman, Tembakau"
18,Viet Nam,10676935.25,2024,20.510033678057678,Kakao dan olahannya,IV,"Makanan Olahan, Minuman, Tembakau"
18,Yemen,82742.0,2024,38.21200681522066,Kakao dan olahannya,IV,"Makanan Olahan, Minuman, Tembakau"
19,Albania,262891.57,2024,9.997370271431093,"Olahan serealia, tepung, pati",IV,"Makanan Olahan, Minuman, Tembakau"
19,American Samoa,498987.54000000004,2024,431.5143584360306,"Olahan serealia, tepung, pati",IV,"Makanan Olahan, Minuman, Tembakau"
19,Angola,101994.72,2024,-17.865394706198977,"Olahan serealia, tepung, pati",IV,"Makanan Olahan, Minuman, Tembakau"
19,Argentina,522256.64,2024,429.8646485700279,"Olahan serealia, tepung, pati",IV,"Makanan Olahan, Minuman, Tembakau"
19,Armenia,12950.0,2024,-73.2824427480916,"Olahan serealia, tepung, pati",IV,"Makanan Olahan, Minuman, Tembakau"
19,Australia,91087021.94,2024,17.409871693004174,"Olahan serealia, tepung, pati",IV,"Makanan Olahan, Minuman, Tembakau"
19,Austria,8381.630000000001,2024,-18.462192492976264,"Olahan serealia, tepung, pati",IV,"Makanan Olahan, Minuman, Tembakau"
19,Azerbaijan,7375.0,2024,31.24994438561678,"Olahan serealia, tepung, pati",IV,"Makanan Olahan, Minuman, Tembakau"
19,Bahrain,2750890.71,2024,20.645468373327695,"Olahan serealia, tepung, pati",IV,"Makanan Olahan, Minuman, Tembakau"
19,Bangladesh,550254.4,2024,35.42001291703402,"Olahan serealia, tepung, pati",IV,"Makanan Olahan, Minuman, Tembakau"
19,Barbados,65720.1,2024,37.967439565860886,"Olahan serealia, tepung, pati",IV,"Makanan Olahan, Minuman, Tembakau"
19,Belgium,170815.5,2024,15.940800351971937,"Olahan serealia, tepung, pati",IV,"Makanan Olahan, Minuman, Tembakau"
19,Bhutan,6245.24,2024,,"Olahan serealia, tepung, pati",IV,"Makanan Olahan, Minuman, Tembakau"
19,Brazil,613428.4500000001,2024,25.3804339928078,"Olahan serealia, tepung, pati",IV,"Makanan Olahan, Minuman, Tembakau"
19,Brunei Darussalam,8639878.700000001,2024,-3.440250877373272,"Olahan serealia, tepung, pati",IV,"Makanan Olahan, Minuman, Tembakau"
19,Cambodia,56747448.09,2024,-9.366733950292472,"Olahan serealia, tepung, pati",IV,"Makanan Olahan, Minuman, Tembakau"
19,Canada,9360991.05,2024,38.43116112343291,"Olahan serealia, tepung, pati",IV,"Makanan Olahan, Minuman, Tembakau"
19,Cape Verde,56053.130000000005,2024,109.94664544220237,"Olahan serealia, tepung, pati",IV,"Makanan Olahan, Minuman, Tembakau"
19,Chad,32120.0,2024,,"Olahan serealia, tepung, pati",IV,"Makanan Olahan, Minuman, Tembakau"
19,Chile,952934.57,2024,-6.683504285778436,"Olahan serealia, tepung, pati",IV,"Makanan Olahan, Minuman, Tembakau"
19,China,272803685.47,2024,-3.2847086778035073,"Olahan serealia, tepung, pati",IV,"Makanan Olahan, Minuman, Tembakau"
19,Christmas Islands,1812.06,2024,-62.28960293015899,"Olahan serealia, tepung, pati",IV,"Makanan Olahan, Minuman, Tembakau"
19,Colombia,1686405.91,2024,-21.154434269315846,"Olahan serealia, tepung, pati",IV,"Makanan Olahan, Minuman, Tembakau"
19,Comoros,2071.52,2024,,"Olahan serealia, tepung, pati",IV,"Makanan Olahan, Minuman, Tembakau"
19,Congo,51974.92,2024,-11.759733480878868,"Olahan serealia, tepung, pati",IV,"Makanan Olahan, Minuman, Tembakau"
19,Cook Islands,135187.13999999998,2024,0.11837606172973653,"Olahan serealia, tepung, pati",IV,"Makanan Olahan, Minuman, Tembakau"
19,Cote Divoire,993424.98,2024,96.60467864225699,"Olahan serealia, tepung, pati",IV,"Makanan Olahan, Minuman, Tembakau"
19,Croatia,1250.0,2024,,"Olahan serealia, tepung, pati",IV,"Makanan Olahan, Minuman, Tembakau"
19,Cuba,60478.2,2024,180.5293479168406,"Olahan serealia, tepung, pati",IV,"Makanan Olahan, Minuman, Tembakau"
19,Cyprus,31182.66,2024,,"Olahan serealia, tepung, pati",IV,"Makanan Olahan, Minuman, Tembakau"
19,Czech Republic,9332.5,2024,-88.82747441662238,"Olahan serealia, tepung, pati",IV,"Makanan Olahan, Minuman, Tembakau"
19,Democratic Rep. Of The Congo,73635.85,2024,1291.3508049278214,"Olahan serealia, tepung, pati",IV,"Makanan Olahan, Minuman, Tembakau"
19,Denmark,172003.58,2024,-33.33207493783927,"Olahan serealia, tepung, pati",IV,"Makanan Olahan, Minuman, Tembakau"
19,Djibouti,89208.0,2024,2192.504542195519,"Olahan serealia, tepung, pati",IV,"Makanan Olahan, Minuman, Tembakau"
19,Dominican Republic,21375.0,2024,58.333333333333336,"Olahan serealia, tepung, pati",IV,"Makanan Olahan, Minuman, Tembakau"
19,East Timor,34658453.56,2024,0.3381854020997934,"Olahan serealia, tepung, pati",IV,"Makanan Olahan, Minuman, Tembakau"
19,Ecuador,12610.0,2024,180042.85714285713,"Olahan serealia, tepung, pati",IV,"Makanan Olahan, Minuman, Tembakau"
19,Egypt,675236.34,2024,44.91458311657406,"Olahan serealia, tepung, pati",IV,"Makanan Olahan, Minuman, Tembakau"
19,Equatorial Guinea,113715.82,2024,-24.725278871584354,"Olahan serealia, tepung, pati",IV,"Makanan Olahan, Minuman, Tembakau"
19,Fiji,1563954.03,2024,-26.749802183525183,"Olahan serealia, tepung, pati",IV,"Makanan Olahan, Minuman, Tembakau"
19,France,1153189.29,2024,19.783436142345053,"Olahan serealia, tepung, pati",IV,"Makanan Olahan, Minuman, Tembakau"
19,French Polynesia,252001.94,2024,23.28696164802088,"Olahan serealia, tepung, pati",IV,"Makanan Olahan, Minuman, Tembakau"
19,Gabon,1090662.6099999999,2024,-19.578032477947417,"Olahan serealia, tepung, pati",IV,"Makanan Olahan, Minuman, Tembakau"
19,Gambia,51358.08,2024,87.3377421602279,"Olahan serealia, tepung, pati",IV,"Makanan Olahan, Minuman, Tembakau"
19,Georgia,220029.76,2024,51.119548241137714,"Olahan serealia, tepung, pati",IV,"Makanan Olahan, Minuman, Tembakau"
19,Germany Fed. Rep. Of,1485512.66,2024,-46.12968825238855,"Olahan serealia, tepung, pati",IV,"Makanan Olahan, Minuman, Tembakau"
19,Ghana,81356.19,2024,-32.77790708886696,"Olahan serealia, tepung, pati",IV,"Makanan Olahan, Minuman, Tembakau"
19,Grenada,18910.16,2024,-20.693529426813246,"Olahan serealia, tepung, pati",IV,"Makanan Olahan, Minuman, Tembakau"
19,Guam,76552.34,2024,-17.575952165150568,"Olahan serealia, tepung, pati",IV,"Makanan Olahan, Minuman, Tembakau"
19,Guatemala,117070.1,2024,102.28095032397408,"Olahan serealia, tepung, pati",IV,"Makanan Olahan, Minuman, Tembakau"
19,Guinea,48872.72,2024,-41.02511162310205,"Olahan serealia, tepung, pati",IV,"Makanan Olahan, Minuman, Tembakau"
19,Guyana,159121.91999999998,2024,22.148751156933212,"Olahan serealia, tepung, pati",IV,"Makanan Olahan, Minuman, Tembakau"
19,Honduras,241355.0,2024,31.919516277798653,"Olahan serealia, tepung, pati",IV,"Makanan Olahan, Minuman, Tembakau"
19,Hong Kong,21288503.71,2024,-2.63019585882034,"Olahan serealia, tepung, pati",IV,"Makanan Olahan, Minuman, Tembakau"
19,Hungary,86709.42,2024,1373.0967347354829,"Olahan serealia, tepung, pati",IV,"Makanan Olahan, Minuman, Tembakau"
19,India,37067630.81,2024,45.64366136467421,"Olahan serealia, tepung, pati",IV,"Makanan Olahan, Minuman, Tembakau"
19,Iran (Islamic Republic Of),94781.2,2024,122.49839196593315,"Olahan serealia, tepung, pati",IV,"Makanan Olahan, Minuman, Tembakau"
19,Iraq,14892508.52,2024,48.7555999122176,"Olahan serealia, tepung, pati",IV,"Makanan Olahan, Minuman, Tembakau"
19,Israel,1973714.32,2024,-25.7050584719947,"Olahan serealia, tepung, pati",IV,"Makanan Olahan, Minuman, Tembakau"
19,Italy,238867.94,2024,358.3501439995947,"Olahan serealia, tepung, pati",IV,"Makanan Olahan, Minuman, Tembakau"
19,Jamaica,38432.630000000005,2024,-24.98259863732593,"Olahan serealia, tepung, pati",IV,"Makanan Olahan, Minuman, Tembakau"
19,Japan,22473123.1,2024,16.007968199014623,"Olahan serealia, tepung, pati",IV,"Makanan Olahan, Minuman, Tembakau"
19,Jordan,12941378.39,2024,34.4517965120951,"Olahan serealia, tepung, pati",IV,"Makanan Olahan, Minuman, Tembakau"
19,Kazakhstan,43622.28,2024,-7.038097044426313,"Olahan serealia, tepung, pati",IV,"Makanan Olahan, Minuman, Tembakau"
19,Kenya,832566.8999999999,2024,20.724224501985876,"Olahan serealia, tepung, pati",IV,"Makanan Olahan, Minuman, Tembakau"
19,Kiribati,747452.27,2024,-6.903991247743786,"Olahan serealia, tepung, pati",IV,"Makanan Olahan, Minuman, Tembakau"
19,Korea Republic Of,43824410.31,2024,9.011169565813518,"Olahan serealia, tepung, pati",IV,"Makanan Olahan, Minuman, Tembakau"
19,Kuwait,2789190.5,2024,33.02498032781241,"Olahan serealia, tepung, pati",IV,"Makanan Olahan, Minuman, Tembakau"
19,Lao Peoples Dem. Rep.,44821.18,2024,26.600985778242265,"Olahan serealia, tepung, pati",IV,"Makanan Olahan, Minuman, Tembakau"
19,Lebanon,567607.71,2024,-5.804601402632754,"Olahan serealia, tepung, pati",IV,"Makanan Olahan, Minuman, Tembakau"
19,Liberia,286891.72,2024,18.493665382900044,"Olahan serealia, tepung, pati",IV,"Makanan Olahan, Minuman, Tembakau"
19,Libyan Arab Jamahiriya,1084441.4,2024,-1.4554986968341768,"Olahan serealia, tepung, pati",IV,"Makanan Olahan, Minuman, Tembakau"
19,Lithuania,625512.22,2024,-24.073274765172208,"Olahan serealia, tepung, pati",IV,"Makanan Olahan, Minuman, Tembakau"
19,Macau,84834.53,2024,-8.500519760049684,"Olahan serealia, tepung, pati",IV,"Makanan Olahan, Minuman, Tembakau"
19,Madagascar,1522550.3900000001,2024,8.946637942533323,"Olahan serealia, tepung, pati",IV,"Makanan Olahan, Minuman, Tembakau"
19,Malawi,34399.94,2024,,"Olahan serealia, tepung, pati",IV,"Makanan Olahan, Minuman, Tembakau"
19,Malaysia,250793882.56,2024,15.363226113513045,"Olahan serealia, tepung, pati",IV,"Makanan Olahan, Minuman, Tembakau"
19,Maldives,2689187.87,2024,5.64103889874432,"Olahan serealia, tepung, pati",IV,"Makanan Olahan, Minuman, Tembakau"
19,Mali,18669.75,2024,334.18023255813955,"Olahan serealia, tepung, pati",IV,"Makanan Olahan, Minuman, Tembakau"
19,Malta,481432.0,2024,-27.606987587588932,"Olahan serealia, tepung, pati",IV,"Makanan Olahan, Minuman, Tembakau"
19,Marshall Islands,266962.19,2024,-3.056586658261301,"Olahan serealia, tepung, pati",IV,"Makanan Olahan, Minuman, Tembakau"
19,Mauritius,3897024.44,2024,-3.7133417346889663,"Olahan serealia, tepung, pati",IV,"Makanan Olahan, Minuman, Tembakau"
19,Mayotte,195877.36,2024,375.7580887616059,"Olahan serealia, tepung, pati",IV,"Makanan Olahan, Minuman, Tembakau"
19,Mexico,8225623.04,2024,32.644010623753104,"Olahan serealia, tepung, pati",IV,"Makanan Olahan, Minuman, Tembakau"
19,Micronesia Fed. States Of,210387.6,2024,-24.62453173275701,"Olahan serealia, tepung, pati",IV,"Makanan Olahan, Minuman, Tembakau"
19,Mongolia,551245.75,2024,77.16632293724582,"Olahan serealia, tepung, pati",IV,"Makanan Olahan, Minuman, Tembakau"
19,Morocco,68758.35,2024,122.84086136087863,"Olahan serealia, tepung, pati",IV,"Makanan Olahan, Minuman, Tembakau"
19,Mozambique,148466.64,2024,47.173879361080225,"Olahan serealia, tepung, pati",IV,"Makanan Olahan, Minuman, Tembakau"
19,Myanmar,11916392.930000002,2024,-43.8848538537522,"Olahan serealia, tepung, pati",IV,"Makanan Olahan, Minuman, Tembakau"
19,Namibia,68969.41,2024,-64.03812689857972,"Olahan serealia, tepung, pati",IV,"Makanan Olahan, Minuman, Tembakau"
19,Nauru,207585.0,2024,-15.572438672732117,"Olahan serealia, tepung, pati",IV,"Makanan Olahan, Minuman, Tembakau"
19,Nepal,39139.75,2024,101.13440735887356,"Olahan serealia, tepung, pati",IV,"Makanan Olahan, Minuman, Tembakau"
19,Netherlands,23878292.99,2024,8.819607837940174,"Olahan serealia, tepung, pati",IV,"Makanan Olahan, Minuman, Tembakau"
19,New Caledonia,807873.9,2024,15.308543674268515,"Olahan serealia, tepung, pati",IV,"Makanan Olahan, Minuman, Tembakau"
19,New Zealand,25965934.57,2024,4.433405379265421,"Olahan serealia, tepung, pati",IV,"Makanan Olahan, Minuman, Tembakau"
19,Niger,2897.8,2024,,"Olahan serealia, tepung, pati",IV,"Makanan Olahan, Minuman, Tembakau"
19,Nigeria,428197.0,2024,-16.159539606524678,"Olahan serealia, tepung, pati",IV,"Makanan Olahan, Minuman, Tembakau"
19,Northern Mariana Islands,57600.42999999999,2024,-27.92202372423874,"Olahan serealia, tepung, pati",IV,"Makanan Olahan, Minuman, Tembakau"
19,Norway,461959.69,2024,-21.261489752157942,"Olahan serealia, tepung, pati",IV,"Makanan Olahan, Minuman, Tembakau"
19,Oman,2710872.98,2024,2.5667233094068576,"Olahan serealia, tepung, pati",IV,"Makanan Olahan, Minuman, Tembakau"
19,Pakistan,3051220.79,2024,-39.02034083064394,"Olahan serealia, tepung, pati",IV,"Makanan Olahan, Minuman, Tembakau"
19,Palau,815.0,2024,-38.58558456727327,"Olahan serealia, tepung, pati",IV,"Makanan Olahan, Minuman, Tembakau"
19,Panama,327047.5,2024,-51.65898382785908,"Olahan serealia, tepung, pati",IV,"Makanan Olahan, Minuman, Tembakau"
19,Papua New Guinea,12016513.01,2024,-5.2464160856884785,"Olahan serealia, tepung, pati",IV,"Makanan Olahan, Minuman, Tembakau"
19,Paraguay,70357.0,2024,12.439870231569525,"Olahan serealia, tepung, pati",IV,"Makanan Olahan, Minuman, Tembakau"
19,Peru,91990.66,2024,-7.990570076295567,"Olahan serealia, tepung, pati",IV,"Makanan Olahan, Minuman, Tembakau"
19,Philippines,177567519.73999998,2024,28.939270606417594,"Olahan serealia, tepung, pati",IV,"Makanan Olahan, Minuman, Tembakau"
19,Poland,122828.19,2024,11.226710234348335,"Olahan serealia, tepung, pati",IV,"Makanan Olahan, Minuman, Tembakau"
19,Portugal,346712.56000000006,2024,6879117.460317462,"Olahan serealia, tepung, pati",IV,"Makanan Olahan, Minuman, Tembakau"
19,Qatar,2389460.0300000003,2024,-2.779281874873512,"Olahan serealia, tepung, pati",IV,"Makanan Olahan, Minuman, Tembakau"
19,Rep. Of Macedonia,530.32,2024,,"Olahan serealia, tepung, pati",IV,"Makanan Olahan, Minuman, Tembakau"
19,Reunion,62239.259999999995,2024,92.52056149611039,"Olahan serealia, tepung, pati",IV,"Makanan Olahan, Minuman, Tembakau"
19,Russia Federation,1181340.42,2024,43.67213809371728,"Olahan serealia, tepung, pati",IV,"Makanan Olahan, Minuman, Tembakau"
19,Samoa,1481444.69,2024,-13.856646386083657,"Olahan serealia, tepung, pati",IV,"Makanan Olahan, Minuman, Tembakau"
19,Saudi Arabia,19270590.96,2024,2.557385678229743,"Olahan serealia, tepung, pati",IV,"Makanan Olahan, Minuman, Tembakau"
19,Senegal,49464.29,2024,-25.80978955865602,"Olahan serealia, tepung, pati",IV,"Makanan Olahan, Minuman, Tembakau"
19,Seychelles,610899.22,2024,-4.886418607098815,"Olahan serealia, tepung, pati",IV,"Makanan Olahan, Minuman, Tembakau"
19,Sierra Leone,157384.61,2024,106.8694334325282,"Olahan serealia, tepung, pati",IV,"Makanan Olahan, Minuman, Tembakau"
19,Singapore,27857956.119999997,2024,0.11950473818295734,"Olahan serealia, tepung, pati",IV,"Makanan Olahan, Minuman, Tembakau"
19,Sint Maarten (Dutch Part),883.5,2024,,"Olahan serealia, tepung, pati",IV,"Makanan Olahan, Minuman, Tembakau"
19,Solomon Islands,4781210.26,2024,0.68428101518058,"Olahan serealia, tepung, pati",IV,"Makanan Olahan, Minuman, Tembakau"
19,Somalia,299504.08999999997,2024,-63.70821312272251,"Olahan serealia, tepung, pati",IV,"Makanan Olahan, Minuman, Tembakau"
19,South Africa,10719655.34,2024,49.239502969587086,"Olahan serealia, tepung, pati",IV,"Makanan Olahan, Minuman, Tembakau"
19,Spain,2016933.13,2024,-6.403087506728866,"Olahan serealia, tepung, pati",IV,"Makanan Olahan, Minuman, Tembakau"
19,Sri Lanka,1711291.26,2024,6.70264641996732,"Olahan serealia, tepung, pati",IV,"Makanan Olahan, Minuman, Tembakau"
19,Sudan,32944.7,2024,,"Olahan serealia, tepung, pati",IV,"Makanan Olahan, Minuman, Tembakau"
19,Suriname,1278755.22,2024,103.16575035513942,"Olahan serealia, tepung, pati",IV,"Makanan Olahan, Minuman, Tembakau"
19,Sweden,96908.33,2024,13.283175060298518,"Olahan serealia, tepung, pati",IV,"Makanan Olahan, Minuman, Tembakau"
19,Switzerland,6780.31,2024,429.27341420386244,"Olahan serealia, tepung, pati",IV,"Makanan Olahan, Minuman, Tembakau"
19,Taiwan,31173703.07,2024,-1.5934172544924265,"Olahan serealia, tepung, pati",IV,"Makanan Olahan, Minuman, Tembakau"
19,Tanzania United Rep. Of,89764.53,2024,-7.827036551574366,"Olahan serealia, tepung, pati",IV,"Makanan Olahan, Minuman, Tembakau"
19,Thailand,115832527.30000001,2024,15.473847078254185,"Olahan serealia, tepung, pati",IV,"Makanan Olahan, Minuman, Tembakau"
19,Togo,73838.16,2024,43.54470156382864,"Olahan serealia, tepung, pati",IV,"Makanan Olahan, Minuman, Tembakau"
19,Tonga,2601002.3600000003,2024,-13.008941752930546,"Olahan serealia, tepung, pati",IV,"Makanan Olahan, Minuman, Tembakau"
19,Trinidad And Tobago,88902.87999999999,2024,51.19383135546235,"Olahan serealia, tepung, pati",IV,"Makanan Olahan, Minuman, Tembakau"
19,Tunisia,3500.0,2024,53253.658536585375,"Olahan serealia, tepung, pati",IV,"Makanan Olahan, Minuman, Tembakau"
19,Turkey,398636.12,2024,15.384464203650571,"Olahan serealia, tepung, pati",IV,"Makanan Olahan, Minuman, Tembakau"
19,Tuvalu,3151.85,2024,-59.317319358752606,"Olahan serealia, tepung, pati",IV,"Makanan Olahan, Minuman, Tembakau"
19,Uganda,20.0,2024,-99.73008936741044,"Olahan serealia, tepung, pati",IV,"Makanan Olahan, Minuman, Tembakau"
19,United Arab Emirates,30153741.39,2024,65.81492585226488,"Olahan serealia, tepung, pati",IV,"Makanan Olahan, Minuman, Tembakau"
19,United Kingdom,5610888.19,2024,23.78876839894943,"Olahan serealia, tepung, pati",IV,"Makanan Olahan, Minuman, Tembakau"
19,United States,75009453.02,2024,39.67408172259807,"Olahan serealia, tepung, pati",IV,"Makanan Olahan, Minuman, Tembakau"
19,Uzbekistan,59005.0,2024,-43.99692180013189,"Olahan serealia, tepung, pati",IV,"Makanan Olahan, Minuman, Tembakau"
19,Vanuatu,875944.3999999999,2024,-8.801715702703138,"Olahan serealia, tepung, pati",IV,"Makanan Olahan, Minuman, Tembakau"
19,Venezuela,59268.75,2024,,"Olahan serealia, tepung, pati",IV,"Makanan Olahan, Minuman, Tembakau"
19,Viet Nam,113888557.19,2024,-2.896182384048923,"Olahan serealia, tepung, pati",IV,"Makanan Olahan, Minuman, Tembakau"
19,Yemen,1666578.6500000001,2024,-73.38973756158671,"Olahan serealia, tepung, pati",IV,"Makanan Olahan, Minuman, Tembakau"
20,American Samoa,59275.0,2024,,Olahan sayuran dan buah,IV,"Makanan Olahan, Minuman, Tembakau"
20,Argentina,4109308.8,2024,152.49924126884036,Olahan sayuran dan buah,IV,"Makanan Olahan, Minuman, Tembakau"
20,Australia,16925080.29,2024,9.836573422356416,Olahan sayuran dan buah,IV,"Makanan Olahan, Minuman, Tembakau"
20,Austria,706979.73,2024,-39.91024781486318,Olahan sayuran dan buah,IV,"Makanan Olahan, Minuman, Tembakau"
20,Bahrain,271890.35,2024,20.261909569476703,Olahan sayuran dan buah,IV,"Makanan Olahan, Minuman, Tembakau"
20,Belgium,1942335.02,2024,39.5748813893592,Olahan sayuran dan buah,IV,"Makanan Olahan, Minuman, Tembakau"
20,Brazil,6010.68,2024,-93.4322966605204,Olahan sayuran dan buah,IV,"Makanan Olahan, Minuman, Tembakau"
20,Brunei Darussalam,571427.04,2024,9.380225534644737,Olahan sayuran dan buah,IV,"Makanan Olahan, Minuman, Tembakau"
20,Bulgaria,45211.5,2024,130.88590141330576,Olahan sayuran dan buah,IV,"Makanan Olahan, Minuman, Tembakau"
20,Cambodia,392009.42,2024,54.36036688057402,Olahan sayuran dan buah,IV,"Makanan Olahan, Minuman, Tembakau"
20,Canada,6708057.66,2024,56.105183550471594,Olahan sayuran dan buah,IV,"Makanan Olahan, Minuman, Tembakau"
20,Chile,912859.0,2024,190.9314917191869,Olahan sayuran dan buah,IV,"Makanan Olahan, Minuman, Tembakau"
20,China,53374361.12,2024,33.314025484804986,Olahan sayuran dan buah,IV,"Makanan Olahan, Minuman, Tembakau"
20,Croatia,348703.4,2024,-14.96420337574432,Olahan sayuran dan buah,IV,"Makanan Olahan, Minuman, Tembakau"
20,Czech Republic,189566.0,2024,72.46599645180368,Olahan sayuran dan buah,IV,"Makanan Olahan, Minuman, Tembakau"
20,Denmark,899036.25,2024,8.408487692635857,Olahan sayuran dan buah,IV,"Makanan Olahan, Minuman, Tembakau"
20,East Timor,1664192.85,2024,12.80265473058253,Olahan sayuran dan buah,IV,"Makanan Olahan, Minuman, Tembakau"
20,Fiji,244534.0,2024,-60.27561156087018,Olahan sayuran dan buah,IV,"Makanan Olahan, Minuman, Tembakau"
20,Finland,2991723.68,2024,53.02284762334899,Olahan sayuran dan buah,IV,"Makanan Olahan, Minuman, Tembakau"
20,France,7299352.989999999,2024,11.318720813599803,Olahan sayuran dan buah,IV,"Makanan Olahan, Minuman, Tembakau"
20,Germany Fed. Rep. Of,10760081.299999999,2024,-24.949337122435054,Olahan sayuran dan buah,IV,"Makanan Olahan, Minuman, Tembakau"
20,Greece,489960.0,2024,-36.30821644286926,Olahan sayuran dan buah,IV,"Makanan Olahan, Minuman, Tembakau"
20,Guam,2514.6,2024,248.37905236907733,Olahan sayuran dan buah,IV,"Makanan Olahan, Minuman, Tembakau"
20,Hong Kong,2849305.64,2024,1.5599742272783395,Olahan sayuran dan buah,IV,"Makanan Olahan, Minuman, Tembakau"
20,Hungary,255719.6,2024,378.9832921255713,Olahan sayuran dan buah,IV,"Makanan Olahan, Minuman, Tembakau"
20,India,16002782.959999999,2024,820.8615511771333,Olahan sayuran dan buah,IV,"Makanan Olahan, Minuman, Tembakau"
20,Iraq,12875.2,2024,-39.33088304589577,Olahan sayuran dan buah,IV,"Makanan Olahan, Minuman, Tembakau"
20,Ireland,122097.95,2024,-11.688105504469371,Olahan sayuran dan buah,IV,"Makanan Olahan, Minuman, Tembakau"
20,Israel,1909720.08,2024,169.12636682506252,Olahan sayuran dan buah,IV,"Makanan Olahan, Minuman, Tembakau"
20,Italy,3892782.23,2024,-5.8972684918525315,Olahan sayuran dan buah,IV,"Makanan Olahan, Minuman, Tembakau"
20,Japan,23327598.11,2024,4.450749250673754,Olahan sayuran dan buah,IV,"Makanan Olahan, Minuman, Tembakau"
20,Jordan,1657480.12,2024,8.167674972253439,Olahan sayuran dan buah,IV,"Makanan Olahan, Minuman, Tembakau"
20,Kenya,566571.85,2024,116.14744765669991,Olahan sayuran dan buah,IV,"Makanan Olahan, Minuman, Tembakau"
20,Kiribati,146150.0,2024,78.75489236790607,Olahan sayuran dan buah,IV,"Makanan Olahan, Minuman, Tembakau"
20,Korea Republic Of,14870038.02,2024,27.32961474837533,Olahan sayuran dan buah,IV,"Makanan Olahan, Minuman, Tembakau"
20,Kuwait,762342.75,2024,21.863486021013443,Olahan sayuran dan buah,IV,"Makanan Olahan, Minuman, Tembakau"
20,Lao Peoples Dem. Rep.,3786.56,2024,,Olahan sayuran dan buah,IV,"Makanan Olahan, Minuman, Tembakau"
20,Lebanon,367830.13,2024,-51.326714105780034,Olahan sayuran dan buah,IV,"Makanan Olahan, Minuman, Tembakau"
20,Lithuania,726.4,2024,,Olahan sayuran dan buah,IV,"Makanan Olahan, Minuman, Tembakau"
20,Macau,11756.05,2024,431.11884162732383,Olahan sayuran dan buah,IV,"Makanan Olahan, Minuman, Tembakau"
20,Madagascar,290.0,2024,-67.70601336302894,Olahan sayuran dan buah,IV,"Makanan Olahan, Minuman, Tembakau"
20,Malaysia,6831864.5,2024,23.87174369163063,Olahan sayuran dan buah,IV,"Makanan Olahan, Minuman, Tembakau"
20,Maldives,32185.89,2024,24.22269848933782,Olahan sayuran dan buah,IV,"Makanan Olahan, Minuman, Tembakau"
20,Mauritius,115219.19,2024,10873.256190476191,Olahan sayuran dan buah,IV,"Makanan Olahan, Minuman, Tembakau"
20,Mexico,12497303.8,2024,97.04712734913902,Olahan sayuran dan buah,IV,"Makanan Olahan, Minuman, Tembakau"
20,Micronesia Fed. States Of,8893.34,2024,6814.430104182864,Olahan sayuran dan buah,IV,"Makanan Olahan, Minuman, Tembakau"
20,Mongolia,90943.5,2024,24.15025397674381,Olahan sayuran dan buah,IV,"Makanan Olahan, Minuman, Tembakau"
20,Morocco,86074.5,2024,-28.461566080370858,Olahan sayuran dan buah,IV,"Makanan Olahan, Minuman, Tembakau"
20,Nauru,4900.5,2024,,Olahan sayuran dan buah,IV,"Makanan Olahan, Minuman, Tembakau"
20,Netherlands,28986837.46,2024,-21.02161532614929,Olahan sayuran dan buah,IV,"Makanan Olahan, Minuman, Tembakau"
20,New Caledonia,27029.8,2024,22.032683149703562,Olahan sayuran dan buah,IV,"Makanan Olahan, Minuman, Tembakau"
20,New Zealand,4800188.84,2024,38.143582609876034,Olahan sayuran dan buah,IV,"Makanan Olahan, Minuman, Tembakau"
20,Nigeria,183858.2,2024,281.05847665481025,Olahan sayuran dan buah,IV,"Makanan Olahan, Minuman, Tembakau"
20,Norway,1904542.15,2024,28.829975618426673,Olahan sayuran dan buah,IV,"Makanan Olahan, Minuman, Tembakau"
20,Oman,281251.41,2024,77.16239237635463,Olahan sayuran dan buah,IV,"Makanan Olahan, Minuman, Tembakau"
20,Pakistan,347456.60000000003,2024,-20.389212712958525,Olahan sayuran dan buah,IV,"Makanan Olahan, Minuman, Tembakau"
20,Panama,96750.6,2024,357.1254429482637,Olahan sayuran dan buah,IV,"Makanan Olahan, Minuman, Tembakau"
20,Papua New Guinea,1498100.48,2024,-55.28563340785626,Olahan sayuran dan buah,IV,"Makanan Olahan, Minuman, Tembakau"
20,Peru,632022.6100000001,2024,-28.215010840054216,Olahan sayuran dan buah,IV,"Makanan Olahan, Minuman, Tembakau"
20,Philippines,724440.47,2024,56.328498001625306,Olahan sayuran dan buah,IV,"Makanan Olahan, Minuman, Tembakau"
20,Poland,576860.5800000001,2024,34.619217909009976,Olahan sayuran dan buah,IV,"Makanan Olahan, Minuman, Tembakau"
20,Portugal,247079.63,2024,-40.729508386662374,Olahan sayuran dan buah,IV,"Makanan Olahan, Minuman, Tembakau"
20,Puerto Rico,1794868.68,2024,69.01753802492483,Olahan sayuran dan buah,IV,"Makanan Olahan, Minuman, Tembakau"
20,Qatar,457356.32,2024,30.50926989668866,Olahan sayuran dan buah,IV,"Makanan Olahan, Minuman, Tembakau"
20,Romania,176506.7,2024,-6.372387597024215,Olahan sayuran dan buah,IV,"Makanan Olahan, Minuman, Tembakau"
20,Russia Federation,5813975.539999999,2024,54.49418841650528,Olahan sayuran dan buah,IV,"Makanan Olahan, Minuman, Tembakau"
20,Samoa,128793.0,2024,-8.780334577638147,Olahan sayuran dan buah,IV,"Makanan Olahan, Minuman, Tembakau"
20,Saudi Arabia,4025911.6500000004,2024,-31.003087067778363,Olahan sayuran dan buah,IV,"Makanan Olahan, Minuman, Tembakau"
20,Seychelles,850.5,2024,,Olahan sayuran dan buah,IV,"Makanan Olahan, Minuman, Tembakau"
20,Singapore,30851466.25,2024,16.360922832443933,Olahan sayuran dan buah,IV,"Makanan Olahan, Minuman, Tembakau"
20,Slovakia,217880.0,2024,113.60784313725489,Olahan sayuran dan buah,IV,"Makanan Olahan, Minuman, Tembakau"
20,Slovenia,627574.65,2024,45508.62281976744,Olahan sayuran dan buah,IV,"Makanan Olahan, Minuman, Tembakau"
20,Solomon Islands,214646.1,2024,15.045169381832025,Olahan sayuran dan buah,IV,"Makanan Olahan, Minuman, Tembakau"
20,Somalia,101650.44,2024,16.240373760641702,Olahan sayuran dan buah,IV,"Makanan Olahan, Minuman, Tembakau"
20,South Africa,472984.0,2024,105.8957298305904,Olahan sayuran dan buah,IV,"Makanan Olahan, Minuman, Tembakau"
20,Spain,22017051.14,2024,-13.86954097107139,Olahan sayuran dan buah,IV,"Makanan Olahan, Minuman, Tembakau"
20,Sri Lanka,18950.0,2024,,Olahan sayuran dan buah,IV,"Makanan Olahan, Minuman, Tembakau"
20,Suriname,22427.2,2024,-46.69898874668758,Olahan sayuran dan buah,IV,"Makanan Olahan, Minuman, Tembakau"
20,Sweden,816518.96,2024,-2.0737726803539536,Olahan sayuran dan buah,IV,"Makanan Olahan, Minuman, Tembakau"
20,Switzerland,3276903.9299999997,2024,116.64199583888401,Olahan sayuran dan buah,IV,"Makanan Olahan, Minuman, Tembakau"
20,Taiwan,2493879.14,2024,28.840361282781306,Olahan sayuran dan buah,IV,"Makanan Olahan, Minuman, Tembakau"
20,Thailand,2230917.71,2024,358.57404768170244,Olahan sayuran dan buah,IV,"Makanan Olahan, Minuman, Tembakau"
20,Tonga,42331.0,2024,7.283062956664538,Olahan sayuran dan buah,IV,"Makanan Olahan, Minuman, Tembakau"
20,Trinidad And Tobago,7002.7,2024,-0.10413694721826224,Olahan sayuran dan buah,IV,"Makanan Olahan, Minuman, Tembakau"
20,Turkey,163470.75,2024,,Olahan sayuran dan buah,IV,"Makanan Olahan, Minuman, Tembakau"
20,Ukraine,287105.79000000004,2024,31.74904969138031,Olahan sayuran dan buah,IV,"Makanan Olahan, Minuman, Tembakau"
20,United Arab Emirates,3576006.79,2024,53.8262958051339,Olahan sayuran dan buah,IV,"Makanan Olahan, Minuman, Tembakau"
20,United Kingdom,12338169.92,2024,-3.3644189325985923,Olahan sayuran dan buah,IV,"Makanan Olahan, Minuman, Tembakau"
20,United States,121913926.82000001,2024,33.24713364142796,Olahan sayuran dan buah,IV,"Makanan Olahan, Minuman, Tembakau"
20,Uruguay,23400.0,2024,,Olahan sayuran dan buah,IV,"Makanan Olahan, Minuman, Tembakau"
20,Uzbekistan,281320.0,2024,-45.65724464149563,Olahan sayuran dan buah,IV,"Makanan Olahan, Minuman, Tembakau"
20,Vanuatu,26205.65,2024,-5.177392216814714,Olahan sayuran dan buah,IV,"Makanan Olahan, Minuman, Tembakau"
20,Viet Nam,1515480.6800000002,2024,-9.456349995847654,Olahan sayuran dan buah,IV,"Makanan Olahan, Minuman, Tembakau"
20,Yemen,24642.0,2024,-65.2872130246907,Olahan sayuran dan buah,IV,"Makanan Olahan, Minuman, Tembakau"
21,Afghanistan,1116605.7,2024,178.2365831147188,Olahan makanan lain-lain,IV,"Makanan Olahan, Minuman, Tembakau"
21,Algeria,197964.0,2024,233.3821709146942,Olahan makanan lain-lain,IV,"Makanan Olahan, Minuman, Tembakau"
21,American Samoa,147388.53,2024,1807.8186525144001,Olahan makanan lain-lain,IV,"Makanan Olahan, Minuman, Tembakau"
21,Angola,123941.67,2024,-39.18365087783837,Olahan makanan lain-lain,IV,"Makanan Olahan, Minuman, Tembakau"
21,Argentina,592.6800000000001,2024,-97.36451729952402,Olahan makanan lain-lain,IV,"Makanan Olahan, Minuman, Tembakau"
21,Armenia,65421.0,2024,-79.13794670404049,Olahan makanan lain-lain,IV,"Makanan Olahan, Minuman, Tembakau"
21,Australia,28320535.67,2024,-3.393953629251668,Olahan makanan lain-lain,IV,"Makanan Olahan, Minuman, Tembakau"
21,Austria,55230.69,2024,-78.80731857067721,Olahan makanan lain-lain,IV,"Makanan Olahan, Minuman, Tembakau"
21,Azerbaijan,254518.0,2024,-69.62652855021945,Olahan makanan lain-lain,IV,"Makanan Olahan, Minuman, Tembakau"
21,Bahrain,431144.58999999997,2024,90.11130569060126,Olahan makanan lain-lain,IV,"Makanan Olahan, Minuman, Tembakau"
21,Bangladesh,3078424.9899999998,2024,764.7902512995345,Olahan makanan lain-lain,IV,"Makanan Olahan, Minuman, Tembakau"
21,Belgium,567623.28,2024,352.5933347760018,Olahan makanan lain-lain,IV,"Makanan Olahan, Minuman, Tembakau"
21,Belize,128148.48,2024,,Olahan makanan lain-lain,IV,"Makanan Olahan, Minuman, Tembakau"
21,Benin,45494.0,2024,-86.52173397800532,Olahan makanan lain-lain,IV,"Makanan Olahan, Minuman, Tembakau"
21,Brazil,3211799.01,2024,218.77020861123674,Olahan makanan lain-lain,IV,"Makanan Olahan, Minuman, Tembakau"
21,Brunei Darussalam,2982316.28,2024,7.375561223086178,Olahan makanan lain-lain,IV,"Makanan Olahan, Minuman, Tembakau"
21,Bulgaria,21645.16,2024,-57.032401042251855,Olahan makanan lain-lain,IV,"Makanan Olahan, Minuman, Tembakau"
21,Cambodia,3133724.5700000003,2024,-1.5390856366616281,Olahan makanan lain-lain,IV,"Makanan Olahan, Minuman, Tembakau"
21,Cameroon,341844.0,2024,68.15765628827702,Olahan makanan lain-lain,IV,"Makanan Olahan, Minuman, Tembakau"
21,Canada,4988229.8100000005,2024,43.87777327098822,Olahan makanan lain-lain,IV,"Makanan Olahan, Minuman, Tembakau"
21,Cape Verde,1960.9,2024,,Olahan makanan lain-lain,IV,"Makanan Olahan, Minuman, Tembakau"
21,Chile,250573.9,2024,55.95870037393531,Olahan makanan lain-lain,IV,"Makanan Olahan, Minuman, Tembakau"
21,China,24881117.75,2024,-14.31567113022236,Olahan makanan lain-lain,IV,"Makanan Olahan, Minuman, Tembakau"
21,Colombia,496063.52,2024,37.51899376486664,Olahan makanan lain-lain,IV,"Makanan Olahan, Minuman, Tembakau"
21,Cook Islands,3658.5,2024,1910.164835164835,Olahan makanan lain-lain,IV,"Makanan Olahan, Minuman, Tembakau"
21,Costa Rica,18900.0,2024,,Olahan makanan lain-lain,IV,"Makanan Olahan, Minuman, Tembakau"
21,Cote Divoire,158016.3,2024,778.722647017934,Olahan makanan lain-lain,IV,"Makanan Olahan, Minuman, Tembakau"
21,Croatia,6913878.09,2024,12.62746800573758,Olahan makanan lain-lain,IV,"Makanan Olahan, Minuman, Tembakau"
21,Cyprus,111777.0,2024,171.78165461066197,Olahan makanan lain-lain,IV,"Makanan Olahan, Minuman, Tembakau"
21,Czech Republic,99618.02,2024,99.57131981729306,Olahan makanan lain-lain,IV,"Makanan Olahan, Minuman, Tembakau"
21,Denmark,315665.04,2024,-46.275312925222174,Olahan makanan lain-lain,IV,"Makanan Olahan, Minuman, Tembakau"
21,Djibouti,1300.0,2024,-95.16418521170638,Olahan makanan lain-lain,IV,"Makanan Olahan, Minuman, Tembakau"
21,East Timor,16344519.04,2024,6.854508381670748,Olahan makanan lain-lain,IV,"Makanan Olahan, Minuman, Tembakau"
21,Ecuador,14230.16,2024,,Olahan makanan lain-lain,IV,"Makanan Olahan, Minuman, Tembakau"
21,Egypt,3336415.63,2024,83.77793175034941,Olahan makanan lain-lain,IV,"Makanan Olahan, Minuman, Tembakau"
21,Estonia,8589.47,2024,-49.76351132028352,Olahan makanan lain-lain,IV,"Makanan Olahan, Minuman, Tembakau"
21,Ethiopia,593572.3,2024,73.17144043292546,Olahan makanan lain-lain,IV,"Makanan Olahan, Minuman, Tembakau"
21,Fiji,1237322.03,2024,21.27691902948004,Olahan makanan lain-lain,IV,"Makanan Olahan, Minuman, Tembakau"
21,Finland,71736.0,2024,-51.90522642477147,Olahan makanan lain-lain,IV,"Makanan Olahan, Minuman, Tembakau"
21,France,5654346.75,2024,33.54610003701814,Olahan makanan lain-lain,IV,"Makanan Olahan, Minuman, Tembakau"
21,Gabon,71275.0,2024,95.86424841989557,Olahan makanan lain-lain,IV,"Makanan Olahan, Minuman, Tembakau"
21,Gambia,544392.61,2024,-49.84385324576588,Olahan makanan lain-lain,IV,"Makanan Olahan, Minuman, Tembakau"
21,Georgia,1018757.33,2024,319.1283796932269,Olahan makanan lain-lain,IV,"Makanan Olahan, Minuman, Tembakau"
21,Germany Fed. Rep. Of,18307375.439999998,2024,19.446018729650707,Olahan makanan lain-lain,IV,"Makanan Olahan, Minuman, Tembakau"
21,Ghana,3689360.66,2024,118.23902758078803,Olahan makanan lain-lain,IV,"Makanan Olahan, Minuman, Tembakau"
21,Greece,71647.0,2024,-34.77490025786159,Olahan makanan lain-lain,IV,"Makanan Olahan, Minuman, Tembakau"
21,Guadeloupe,23100.0,2024,,Olahan makanan lain-lain,IV,"Makanan Olahan, Minuman, Tembakau"
21,Guam,223945.8,2024,2602.9423337348494,Olahan makanan lain-lain,IV,"Makanan Olahan, Minuman, Tembakau"
21,Guinea,1034788.7,2024,141.03260071402613,Olahan makanan lain-lain,IV,"Makanan Olahan, Minuman, Tembakau"
21,Hong Kong,16928305.25,2024,-14.95277539832855,Olahan makanan lain-lain,IV,"Makanan Olahan, Minuman, Tembakau"
21,Hungary,17500.0,2024,-78.00093904563046,Olahan makanan lain-lain,IV,"Makanan Olahan, Minuman, Tembakau"
21,India,3150303.11,2024,12.564609531609976,Olahan makanan lain-lain,IV,"Makanan Olahan, Minuman, Tembakau"
21,Iran (Islamic Republic Of),12039606.35,2024,122.3836743338913,Olahan makanan lain-lain,IV,"Makanan Olahan, Minuman, Tembakau"
21,Iraq,22556677.759999998,2024,56.4675008366088,Olahan makanan lain-lain,IV,"Makanan Olahan, Minuman, Tembakau"
21,Ireland,195223.95,2024,362.9648645187606,Olahan makanan lain-lain,IV,"Makanan Olahan, Minuman, Tembakau"
21,Israel,6414466.699999999,2024,105.67572722995631,Olahan makanan lain-lain,IV,"Makanan Olahan, Minuman, Tembakau"
21,Italy,3199204.77,2024,5.314769120130847,Olahan makanan lain-lain,IV,"Makanan Olahan, Minuman, Tembakau"
21,Jamaica,125660.16,2024,,Olahan makanan lain-lain,IV,"Makanan Olahan, Minuman, Tembakau"
21,Japan,22498941.39,2024,17.89829876666278,Olahan makanan lain-lain,IV,"Makanan Olahan, Minuman, Tembakau"
21,Jordan,11818024.68,2024,158.50422222936422,Olahan makanan lain-lain,IV,"Makanan Olahan, Minuman, Tembakau"
21,Kazakhstan,25500.0,2024,-90.87340772281502,Olahan makanan lain-lain,IV,"Makanan Olahan, Minuman, Tembakau"
21,Kenya,3157896.87,2024,24.742845069955763,Olahan makanan lain-lain,IV,"Makanan Olahan, Minuman, Tembakau"
21,Kiribati,228447.43000000002,2024,-23.99546542762855,Olahan makanan lain-lain,IV,"Makanan Olahan, Minuman, Tembakau"
21,Korea Republic Of,6487533.619999999,2024,-27.411594070717033,Olahan makanan lain-lain,IV,"Makanan Olahan, Minuman, Tembakau"
21,Kuwait,4139499.49,2024,5.307739424024724,Olahan makanan lain-lain,IV,"Makanan Olahan, Minuman, Tembakau"
21,Kyrgyzstan,70110.0,2024,-68.65244408992827,Olahan makanan lain-lain,IV,"Makanan Olahan, Minuman, Tembakau"
21,Lao Peoples Dem. Rep.,42470.8,2024,-60.85169690916741,Olahan makanan lain-lain,IV,"Makanan Olahan, Minuman, Tembakau"
21,Latvia,85100.0,2024,1879.0697674418607,Olahan makanan lain-lain,IV,"Makanan Olahan, Minuman, Tembakau"
21,Lebanon,10910555.14,2024,51.47450820541479,Olahan makanan lain-lain,IV,"Makanan Olahan, Minuman, Tembakau"
21,Liberia,284321.95,2024,213.14714466655653,Olahan makanan lain-lain,IV,"Makanan Olahan, Minuman, Tembakau"
21,Libyan Arab Jamahiriya,3368624.59,2024,30.064151668690105,Olahan makanan lain-lain,IV,"Makanan Olahan, Minuman, Tembakau"
21,Lithuania,32723.780000000002,2024,-81.49191213067282,Olahan makanan lain-lain,IV,"Makanan Olahan, Minuman, Tembakau"
21,Macau,28467.57,2024,,Olahan makanan lain-lain,IV,"Makanan Olahan, Minuman, Tembakau"
21,Madagascar,736027.9500000001,2024,27.0192642767899,Olahan makanan lain-lain,IV,"Makanan Olahan, Minuman, Tembakau"
21,Malaysia,171094806.11999997,2024,51.86650262900011,Olahan makanan lain-lain,IV,"Makanan Olahan, Minuman, Tembakau"
21,Maldives,297427.74,2024,2.097099909549167,Olahan makanan lain-lain,IV,"Makanan Olahan, Minuman, Tembakau"
21,Mali,82667.20000000001,2024,553.4956521739131,Olahan makanan lain-lain,IV,"Makanan Olahan, Minuman, Tembakau"
21,Malta,93207.0,2024,-5.80251342870281,Olahan makanan lain-lain,IV,"Makanan Olahan, Minuman, Tembakau"
21,Marshall Islands,43982.0,2024,19.047232372445528,Olahan makanan lain-lain,IV,"Makanan Olahan, Minuman, Tembakau"
21,Mauritania,100004.24,2024,-19.554155857214678,Olahan makanan lain-lain,IV,"Makanan Olahan, Minuman, Tembakau"
21,Mauritius,540974.91,2024,24.03655923593605,Olahan makanan lain-lain,IV,"Makanan Olahan, Minuman, Tembakau"
21,Mexico,846.6,2024,-91.33005692914425,Olahan makanan lain-lain,IV,"Makanan Olahan, Minuman, Tembakau"
21,Micronesia Fed. States Of,31249.359999999997,2024,-24.671857866263174,Olahan makanan lain-lain,IV,"Makanan Olahan, Minuman, Tembakau"
21,Moldova Republic Of,427.0,2024,,Olahan makanan lain-lain,IV,"Makanan Olahan, Minuman, Tembakau"
21,Mongolia,127637.70999999999,2024,-52.48113321202478,Olahan makanan lain-lain,IV,"Makanan Olahan, Minuman, Tembakau"
21,Morocco,2838500.35,2024,3.91384445461615,Olahan makanan lain-lain,IV,"Makanan Olahan, Minuman, Tembakau"
21,Mozambique,175850.0,2024,95.62798976526867,Olahan makanan lain-lain,IV,"Makanan Olahan, Minuman, Tembakau"
21,Myanmar,3251698.2600000002,2024,-50.66718155367603,Olahan makanan lain-lain,IV,"Makanan Olahan, Minuman, Tembakau"
21,Namibia,19009.38,2024,,Olahan makanan lain-lain,IV,"Makanan Olahan, Minuman, Tembakau"
21,Nauru,41285.86,2024,4.720929672172103,Olahan makanan lain-lain,IV,"Makanan Olahan, Minuman, Tembakau"
21,Nepal,483.0,2024,,Olahan makanan lain-lain,IV,"Makanan Olahan, Minuman, Tembakau"
21,Netherlands,27600417.4,2024,34.858365477438,Olahan makanan lain-lain,IV,"Makanan Olahan, Minuman, Tembakau"
21,New Caledonia,136857.12,2024,33.529667509399765,Olahan makanan lain-lain,IV,"Makanan Olahan, Minuman, Tembakau"
21,New Zealand,3866571.25,2024,30.003895674073572,Olahan makanan lain-lain,IV,"Makanan Olahan, Minuman, Tembakau"
21,Niger,156688.0,2024,-39.567496146698936,Olahan makanan lain-lain,IV,"Makanan Olahan, Minuman, Tembakau"
21,Nigeria,58766724.51,2024,27.292849393194917,Olahan makanan lain-lain,IV,"Makanan Olahan, Minuman, Tembakau"
21,Northern Mariana Islands,8415.960000000001,2024,43.137091493541305,Olahan makanan lain-lain,IV,"Makanan Olahan, Minuman, Tembakau"
21,Norway,924721.01,2024,-17.062271777881264,Olahan makanan lain-lain,IV,"Makanan Olahan, Minuman, Tembakau"
21,Oman,550596.17,2024,176.2392736411866,Olahan makanan lain-lain,IV,"Makanan Olahan, Minuman, Tembakau"
21,Pakistan,1787756.06,2024,20.240735159081574,Olahan makanan lain-lain,IV,"Makanan Olahan, Minuman, Tembakau"
21,Palestina,968237.7,2024,-47.58061643271237,Olahan makanan lain-lain,IV,"Makanan Olahan, Minuman, Tembakau"
21,Panama,362180.1,2024,368.98027442421477,Olahan makanan lain-lain,IV,"Makanan Olahan, Minuman, Tembakau"
21,Papua New Guinea,13309588.18,2024,-20.492175020682293,Olahan makanan lain-lain,IV,"Makanan Olahan, Minuman, Tembakau"
21,Paraguay,17115.0,2024,-11.206225680933853,Olahan makanan lain-lain,IV,"Makanan Olahan, Minuman, Tembakau"
21,Peru,16797.92,2024,-18.85396010308756,Olahan makanan lain-lain,IV,"Makanan Olahan, Minuman, Tembakau"
21,Philippines,551013799.3199999,2024,-8.187878725788025,Olahan makanan lain-lain,IV,"Makanan Olahan, Minuman, Tembakau"
21,Poland,3216871.0599999996,2024,102.88751600862113,Olahan makanan lain-lain,IV,"Makanan Olahan, Minuman, Tembakau"
21,Portugal,94734.0,2024,25.562808575499517,Olahan makanan lain-lain,IV,"Makanan Olahan, Minuman, Tembakau"
21,Qatar,3247064.6799999997,2024,247.77410530735017,Olahan makanan lain-lain,IV,"Makanan Olahan, Minuman, Tembakau"
21,Rep. Of Macedonia,20.95,2024,,Olahan makanan lain-lain,IV,"Makanan Olahan, Minuman, Tembakau"
21,Reunion,71466.0,2024,-42.66666666666667,Olahan makanan lain-lain,IV,"Makanan Olahan, Minuman, Tembakau"
21,Romania,55500.0,2024,239.0097616486503,Olahan makanan lain-lain,IV,"Makanan Olahan, Minuman, Tembakau"
21,Russia Federation,33149698.189999998,2024,24.866625748210247,Olahan makanan lain-lain,IV,"Makanan Olahan, Minuman, Tembakau"
21,Samoa,271899.19,2024,6.6642775994150085,Olahan makanan lain-lain,IV,"Makanan Olahan, Minuman, Tembakau"
21,Saudi Arabia,149771480.87,2024,13.897055551832402,Olahan makanan lain-lain,IV,"Makanan Olahan, Minuman, Tembakau"
21,Senegal,917297.56,2024,-22.41385000619557,Olahan makanan lain-lain,IV,"Makanan Olahan, Minuman, Tembakau"
21,Serbia,1470.0,2024,-91.91419141914191,Olahan makanan lain-lain,IV,"Makanan Olahan, Minuman, Tembakau"
21,Seychelles,4464.55,2024,-47.9838051963183,Olahan makanan lain-lain,IV,"Makanan Olahan, Minuman, Tembakau"
21,Sierra Leone,680795.75,2024,-3.6548549489171545,Olahan makanan lain-lain,IV,"Makanan Olahan, Minuman, Tembakau"
21,Singapore,198543100.18000004,2024,3.8308172832503993,Olahan makanan lain-lain,IV,"Makanan Olahan, Minuman, Tembakau"
21,Slovakia,7501.47,2024,,Olahan makanan lain-lain,IV,"Makanan Olahan, Minuman, Tembakau"
21,Slovenia,547492.25,2024,10.41521204750071,Olahan makanan lain-lain,IV,"Makanan Olahan, Minuman, Tembakau"
21,Solomon Islands,2613379.31,2024,-1.3799117727758545,Olahan makanan lain-lain,IV,"Makanan Olahan, Minuman, Tembakau"
21,Somalia,1463240.05,2024,34.90712278679362,Olahan makanan lain-lain,IV,"Makanan Olahan, Minuman, Tembakau"
21,South Africa,361667.12,2024,3.573217099319135,Olahan makanan lain-lain,IV,"Makanan Olahan, Minuman, Tembakau"
21,Spain,4456745.4399999995,2024,-2.4282742433169133,Olahan makanan lain-lain,IV,"Makanan Olahan, Minuman, Tembakau"
21,Sri Lanka,1259860.3399999999,2024,21.894224082074153,Olahan makanan lain-lain,IV,"Makanan Olahan, Minuman, Tembakau"
21,Suriname,75682.64,2024,1261.2230435799206,Olahan makanan lain-lain,IV,"Makanan Olahan, Minuman, Tembakau"
21,Sweden,1542366.1400000001,2024,-18.826285901381514,Olahan makanan lain-lain,IV,"Makanan Olahan, Minuman, Tembakau"
21,Switzerland,152847.63999999998,2024,-25.521179501552854,Olahan makanan lain-lain,IV,"Makanan Olahan, Minuman, Tembakau"
21,Taiwan,26945983.71,2024,-9.927150003601358,Olahan makanan lain-lain,IV,"Makanan Olahan, Minuman, Tembakau"
21,Tanzania United Rep. Of,1558299.55,2024,114.70996248451095,Olahan makanan lain-lain,IV,"Makanan Olahan, Minuman, Tembakau"
21,Thailand,69134818.52000001,2024,11.27446256899325,Olahan makanan lain-lain,IV,"Makanan Olahan, Minuman, Tembakau"
21,Togo,3009120.05,2024,47.13346116401717,Olahan makanan lain-lain,IV,"Makanan Olahan, Minuman, Tembakau"
21,Tonga,25955.0,2024,30.943011664043276,Olahan makanan lain-lain,IV,"Makanan Olahan, Minuman, Tembakau"
21,Trinidad And Tobago,133070.65000000002,2024,64679.79261999806,Olahan makanan lain-lain,IV,"Makanan Olahan, Minuman, Tembakau"
21,Tunisia,42527.6,2024,,Olahan makanan lain-lain,IV,"Makanan Olahan, Minuman, Tembakau"
21,Turkey,20434541.490000002,2024,-23.559156859223272,Olahan makanan lain-lain,IV,"Makanan Olahan, Minuman, Tembakau"
21,Uganda,16676.8,2024,-85.62046328237793,Olahan makanan lain-lain,IV,"Makanan Olahan, Minuman, Tembakau"
21,Ukraine,6783.0,2024,52.163671848711225,Olahan makanan lain-lain,IV,"Makanan Olahan, Minuman, Tembakau"
21,United Arab Emirates,50410279.94,2024,30.6658771785414,Olahan makanan lain-lain,IV,"Makanan Olahan, Minuman, Tembakau"
21,United Kingdom,11053994.91,2024,29.64758113080838,Olahan makanan lain-lain,IV,"Makanan Olahan, Minuman, Tembakau"
21,United States,13705916.31,2024,15.202539316164021,Olahan makanan lain-lain,IV,"Makanan Olahan, Minuman, Tembakau"
21,Uzbekistan,1611132.5,2024,27.525751058370755,Olahan makanan lain-lain,IV,"Makanan Olahan, Minuman, Tembakau"
21,Vanuatu,80161.18000000001,2024,-33.84393356728049,Olahan makanan lain-lain,IV,"Makanan Olahan, Minuman, Tembakau"
21,Viet Nam,52760205.03,2024,42.18792405241037,Olahan makanan lain-lain,IV,"Makanan Olahan, Minuman, Tembakau"
21,Yemen,617543.47,2024,-31.566085497696744,Olahan makanan lain-lain,IV,"Makanan Olahan, Minuman, Tembakau"
21,Zambia,208723.0,2024,,Olahan makanan lain-lain,IV,"Makanan Olahan, Minuman, Tembakau"
22,American Samoa,290331.79,2024,11.407000382418387,"Minuman, alkohol, cuka",IV,"Makanan Olahan, Minuman, Tembakau"
22,Angola,6.4,2024,-50.76923076923077,"Minuman, alkohol, cuka",IV,"Makanan Olahan, Minuman, Tembakau"
22,Australia,1886871.05,2024,57.0150236283401,"Minuman, alkohol, cuka",IV,"Makanan Olahan, Minuman, Tembakau"
22,Bahrain,341582.93,2024,44.12894970399346,"Minuman, alkohol, cuka",IV,"Makanan Olahan, Minuman, Tembakau"
22,Belgium,18982.39,2024,20219.406979233572,"Minuman, alkohol, cuka",IV,"Makanan Olahan, Minuman, Tembakau"
22,Brunei Darussalam,3194495.95,2024,17.27645716907835,"Minuman, alkohol, cuka",IV,"Makanan Olahan, Minuman, Tembakau"
22,Cambodia,1451700.1800000002,2024,56.31414416385383,"Minuman, alkohol, cuka",IV,"Makanan Olahan, Minuman, Tembakau"
22,Canada,97440.27,2024,2.1940403965294086,"Minuman, alkohol, cuka",IV,"Makanan Olahan, Minuman, Tembakau"
22,Cape Verde,2240.0,2024,,"Minuman, alkohol, cuka",IV,"Makanan Olahan, Minuman, Tembakau"
22,Chile,41160.41,2024,236.2847280377459,"Minuman, alkohol, cuka",IV,"Makanan Olahan, Minuman, Tembakau"
22,China,7214388.12,2024,11.402352694509075,"Minuman, alkohol, cuka",IV,"Makanan Olahan, Minuman, Tembakau"
22,Christmas Islands,184.6,2024,12.636524498139002,"Minuman, alkohol, cuka",IV,"Makanan Olahan, Minuman, Tembakau"
22,Congo,31.4,2024,143.4108527131783,"Minuman, alkohol, cuka",IV,"Makanan Olahan, Minuman, Tembakau"
22,Cook Islands,2287.03,2024,1805.8583333333336,"Minuman, alkohol, cuka",IV,"Makanan Olahan, Minuman, Tembakau"
22,Cote Divoire,1144.58,2024,2399.0829694323147,"Minuman, alkohol, cuka",IV,"Makanan Olahan, Minuman, Tembakau"
22,Democratic Rep. Of The Congo,8578.15,2024,724.0297790585975,"Minuman, alkohol, cuka",IV,"Makanan Olahan, Minuman, Tembakau"
22,Denmark,3.15,2024,,"Minuman, alkohol, cuka",IV,"Makanan Olahan, Minuman, Tembakau"
22,Djibouti,2000.0,2024,,"Minuman, alkohol, cuka",IV,"Makanan Olahan, Minuman, Tembakau"
22,East Timor,12462755.74,2024,22.27401973176187,"Minuman, alkohol, cuka",IV,"Makanan Olahan, Minuman, Tembakau"
22,Egypt,109989.59999999999,2024,2756.6501311586103,"Minuman, alkohol, cuka",IV,"Makanan Olahan, Minuman, Tembakau"
22,Fiji,9219.58,2024,-15.436325329992219,"Minuman, alkohol, cuka",IV,"Makanan Olahan, Minuman, Tembakau"
22,France,10.3,2024,-99.90129703364047,"Minuman, alkohol, cuka",IV,"Makanan Olahan, Minuman, Tembakau"
22,French Polynesia,26859.0,2024,,"Minuman, alkohol, cuka",IV,"Makanan Olahan, Minuman, Tembakau"
22,Gambia,2146.0,2024,14.550472133702709,"Minuman, alkohol, cuka",IV,"Makanan Olahan, Minuman, Tembakau"
22,Germany Fed. Rep. Of,68779.78000000001,2024,99.15490641310967,"Minuman, alkohol, cuka",IV,"Makanan Olahan, Minuman, Tembakau"
22,Ghana,30086.6,2024,30541.205825440473,"Minuman, alkohol, cuka",IV,"Makanan Olahan, Minuman, Tembakau"
22,Guam,3270.95,2024,1475.602119460501,"Minuman, alkohol, cuka",IV,"Makanan Olahan, Minuman, Tembakau"
22,Guinea,75.0,2024,,"Minuman, alkohol, cuka",IV,"Makanan Olahan, Minuman, Tembakau"
22,Hong Kong,6068372.24,2024,0.6185475744042452,"Minuman, alkohol, cuka",IV,"Makanan Olahan, Minuman, Tembakau"
22,India,506041.47,2024,43.77090171657762,"Minuman, alkohol, cuka",IV,"Makanan Olahan, Minuman, Tembakau"
22,Iran (Islamic Republic Of),11850.3,2024,,"Minuman, alkohol, cuka",IV,"Makanan Olahan, Minuman, Tembakau"
22,Iraq,406136.85,2024,,"Minuman, alkohol, cuka",IV,"Makanan Olahan, Minuman, Tembakau"
22,Israel,32987.45,2024,159.94838455476753,"Minuman, alkohol, cuka",IV,"Makanan Olahan, Minuman, Tembakau"
22,Italy,1129.78,2024,,"Minuman, alkohol, cuka",IV,"Makanan Olahan, Minuman, Tembakau"
22,Japan,1371187.1600000001,2024,-43.461800716286966,"Minuman, alkohol, cuka",IV,"Makanan Olahan, Minuman, Tembakau"
22,Jordan,36090.4,2024,-68.90661750135693,"Minuman, alkohol, cuka",IV,"Makanan Olahan, Minuman, Tembakau"
22,Kenya,875409.26,2024,5.418044839887048,"Minuman, alkohol, cuka",IV,"Makanan Olahan, Minuman, Tembakau"
22,Kiribati,33542.28,2024,-31.805645067833925,"Minuman, alkohol, cuka",IV,"Makanan Olahan, Minuman, Tembakau"
22,Korea Republic Of,3110735.72,2024,88.57968549013681,"Minuman, alkohol, cuka",IV,"Makanan Olahan, Minuman, Tembakau"
22,Kuwait,50597.11,2024,-61.831407997576385,"Minuman, alkohol, cuka",IV,"Makanan Olahan, Minuman, Tembakau"
22,Libyan Arab Jamahiriya,142031.16999999998,2024,,"Minuman, alkohol, cuka",IV,"Makanan Olahan, Minuman, Tembakau"
22,Madagascar,32337.0,2024,342.97138911948184,"Minuman, alkohol, cuka",IV,"Makanan Olahan, Minuman, Tembakau"
22,Malaysia,18864012.27,2024,45.619256857709566,"Minuman, alkohol, cuka",IV,"Makanan Olahan, Minuman, Tembakau"
22,Maldives,350136.27,2024,-28.07128303409382,"Minuman, alkohol, cuka",IV,"Makanan Olahan, Minuman, Tembakau"
22,Marshall Islands,3531.16,2024,-53.24019757140776,"Minuman, alkohol, cuka",IV,"Makanan Olahan, Minuman, Tembakau"
22,Micronesia Fed. States Of,22551.0,2024,109.21876261171369,"Minuman, alkohol, cuka",IV,"Makanan Olahan, Minuman, Tembakau"
22,Mongolia,57912.06,2024,296.9570224141476,"Minuman, alkohol, cuka",IV,"Makanan Olahan, Minuman, Tembakau"
22,Myanmar,2624234.59,2024,-53.97120151693991,"Minuman, alkohol, cuka",IV,"Makanan Olahan, Minuman, Tembakau"
22,Nauru,5759.6,2024,-31.400666984278224,"Minuman, alkohol, cuka",IV,"Makanan Olahan, Minuman, Tembakau"
22,Nepal,1446.0,2024,,"Minuman, alkohol, cuka",IV,"Makanan Olahan, Minuman, Tembakau"
22,Netherlands,1134128.3399999999,2024,2.2313422772330016,"Minuman, alkohol, cuka",IV,"Makanan Olahan, Minuman, Tembakau"
22,New Caledonia,87238.04999999999,2024,92.37586638884298,"Minuman, alkohol, cuka",IV,"Makanan Olahan, Minuman, Tembakau"
22,New Zealand,186696.03,2024,-70.68139366187035,"Minuman, alkohol, cuka",IV,"Makanan Olahan, Minuman, Tembakau"
22,Nigeria,10841472.28,2024,-24.204198239065125,"Minuman, alkohol, cuka",IV,"Makanan Olahan, Minuman, Tembakau"
22,Northern Mariana Islands,23894.010000000002,2024,17.829800265405435,"Minuman, alkohol, cuka",IV,"Makanan Olahan, Minuman, Tembakau"
22,Oman,988332.29,2024,8.035682507418075,"Minuman, alkohol, cuka",IV,"Makanan Olahan, Minuman, Tembakau"
22,Pakistan,27648.92,2024,,"Minuman, alkohol, cuka",IV,"Makanan Olahan, Minuman, Tembakau"
22,Palau,11780.0,2024,3.0107470465297204,"Minuman, alkohol, cuka",IV,"Makanan Olahan, Minuman, Tembakau"
22,Papua New Guinea,3310785.12,2024,71.57879349964074,"Minuman, alkohol, cuka",IV,"Makanan Olahan, Minuman, Tembakau"
22,Peru,4003.5,2024,-21.035502958579883,"Minuman, alkohol, cuka",IV,"Makanan Olahan, Minuman, Tembakau"
22,Philippines,80796782.3,2024,16.498052373602302,"Minuman, alkohol, cuka",IV,"Makanan Olahan, Minuman, Tembakau"
22,Qatar,538756.87,2024,59.00465916815667,"Minuman, alkohol, cuka",IV,"Makanan Olahan, Minuman, Tembakau"
22,Reunion,25820.0,2024,,"Minuman, alkohol, cuka",IV,"Makanan Olahan, Minuman, Tembakau"
22,Russia Federation,364146.05000000005,2024,-29.95444517778971,"Minuman, alkohol, cuka",IV,"Makanan Olahan, Minuman, Tembakau"
22,Samoa,291165.83999999997,2024,52.86061382416866,"Minuman, alkohol, cuka",IV,"Makanan Olahan, Minuman, Tembakau"
22,Saudi Arabia,1396854.62,2024,437.80505421500555,"Minuman, alkohol, cuka",IV,"Makanan Olahan, Minuman, Tembakau"
22,Senegal,15995.06,2024,196.9758521197628,"Minuman, alkohol, cuka",IV,"Makanan Olahan, Minuman, Tembakau"
22,Seychelles,25006.7,2024,79.97708425996699,"Minuman, alkohol, cuka",IV,"Makanan Olahan, Minuman, Tembakau"
22,Sierra Leone,8339.7,2024,183.7597822388568,"Minuman, alkohol, cuka",IV,"Makanan Olahan, Minuman, Tembakau"
22,Singapore,17410009.259999998,2024,16.15356449507367,"Minuman, alkohol, cuka",IV,"Makanan Olahan, Minuman, Tembakau"
22,Solomon Islands,423624.8,2024,21.219737973522644,"Minuman, alkohol, cuka",IV,"Makanan Olahan, Minuman, Tembakau"
22,Somalia,6797.18,2024,183.70640899889392,"Minuman, alkohol, cuka",IV,"Makanan Olahan, Minuman, Tembakau"
22,South Africa,51027.22,2024,15.159368893179872,"Minuman, alkohol, cuka",IV,"Makanan Olahan, Minuman, Tembakau"
22,Spain,9720.0,2024,-75.99407261052112,"Minuman, alkohol, cuka",IV,"Makanan Olahan, Minuman, Tembakau"
22,Sri Lanka,4500.0,2024,,"Minuman, alkohol, cuka",IV,"Makanan Olahan, Minuman, Tembakau"
22,Suriname,6870.0,2024,-94.2959661271719,"Minuman, alkohol, cuka",IV,"Makanan Olahan, Minuman, Tembakau"
22,Sweden,1782.85,2024,-21.22994132616995,"Minuman, alkohol, cuka",IV,"Makanan Olahan, Minuman, Tembakau"
22,Switzerland,586.25,2024,58525.0,"Minuman, alkohol, cuka",IV,"Makanan Olahan, Minuman, Tembakau"
22,Taiwan,5724465.279999999,2024,39.535736766821,"Minuman, alkohol, cuka",IV,"Makanan Olahan, Minuman, Tembakau"
22,Tanzania United Rep. Of,19791.75,2024,,"Minuman, alkohol, cuka",IV,"Makanan Olahan, Minuman, Tembakau"
22,Thailand,13275285.61,2024,8.906958884191535,"Minuman, alkohol, cuka",IV,"Makanan Olahan, Minuman, Tembakau"
22,Togo,722.61,2024,131.53156039730854,"Minuman, alkohol, cuka",IV,"Makanan Olahan, Minuman, Tembakau"
22,Tonga,169668.05,2024,3.8742217914912183,"Minuman, alkohol, cuka",IV,"Makanan Olahan, Minuman, Tembakau"
22,Trinidad And Tobago,48188.89,2024,490.4415854928628,"Minuman, alkohol, cuka",IV,"Makanan Olahan, Minuman, Tembakau"
22,United Arab Emirates,6144378.77,2024,170.88993532487058,"Minuman, alkohol, cuka",IV,"Makanan Olahan, Minuman, Tembakau"
22,United Kingdom,235411.66999999998,2024,-36.27244728308856,"Minuman, alkohol, cuka",IV,"Makanan Olahan, Minuman, Tembakau"
22,United States,487801.95999999996,2024,-14.97675779269396,"Minuman, alkohol, cuka",IV,"Makanan Olahan, Minuman, Tembakau"
22,Vanuatu,27483.199999999997,2024,-4.589250390728885,"Minuman, alkohol, cuka",IV,"Makanan Olahan, Minuman, Tembakau"
22,Venezuela,7500.0,2024,,"Minuman, alkohol, cuka",IV,"Makanan Olahan, Minuman, Tembakau"
22,Viet Nam,21149260.2,2024,47.87399252835167,"Minuman, alkohol, cuka",IV,"Makanan Olahan, Minuman, Tembakau"
23,Angola,2503590.0500000003,2024,268.473774559325,Sisa industri makanan; pakan ternak,IV,"Makanan Olahan, Minuman, Tembakau"
23,Australia,337789.55,2024,-94.60711131526031,Sisa industri makanan; pakan ternak,IV,"Makanan Olahan, Minuman, Tembakau"
23,Bangladesh,1039153.49,2024,-72.19425770470208,Sisa industri makanan; pakan ternak,IV,"Makanan Olahan, Minuman, Tembakau"
23,Barbados,2097.6,2024,,Sisa industri makanan; pakan ternak,IV,"Makanan Olahan, Minuman, Tembakau"
23,Belarus,317680.0,2024,-17.615176151761517,Sisa industri makanan; pakan ternak,IV,"Makanan Olahan, Minuman, Tembakau"
23,Belgium,8979728.56,2024,-19.30376120929014,Sisa industri makanan; pakan ternak,IV,"Makanan Olahan, Minuman, Tembakau"
23,Brazil,240525.0,2024,,Sisa industri makanan; pakan ternak,IV,"Makanan Olahan, Minuman, Tembakau"
23,Brunei Darussalam,836180.61,2024,-12.180358420201648,Sisa industri makanan; pakan ternak,IV,"Makanan Olahan, Minuman, Tembakau"
23,Bulgaria,28.3,2024,,Sisa industri makanan; pakan ternak,IV,"Makanan Olahan, Minuman, Tembakau"
23,Cambodia,778586.89,2024,809.6984531360706,Sisa industri makanan; pakan ternak,IV,"Makanan Olahan, Minuman, Tembakau"
23,Cameroon,625.4300000000001,2024,,Sisa industri makanan; pakan ternak,IV,"Makanan Olahan, Minuman, Tembakau"
23,Canada,970580.68,2024,17.767279167395703,Sisa industri makanan; pakan ternak,IV,"Makanan Olahan, Minuman, Tembakau"
23,Chile,774837.0,2024,,Sisa industri makanan; pakan ternak,IV,"Makanan Olahan, Minuman, Tembakau"
23,China,513360774.7,2024,-53.37780979127014,Sisa industri makanan; pakan ternak,IV,"Makanan Olahan, Minuman, Tembakau"
23,Croatia,5417644.87,2024,-46.73783592021738,Sisa industri makanan; pakan ternak,IV,"Makanan Olahan, Minuman, Tembakau"
23,Cyprus,55.02,2024,-99.80982777696552,Sisa industri makanan; pakan ternak,IV,"Makanan Olahan, Minuman, Tembakau"
23,Czech Republic,11590.59,2024,-75.65117195090569,Sisa industri makanan; pakan ternak,IV,"Makanan Olahan, Minuman, Tembakau"
23,Denmark,1.0,2024,-99.99610349127181,Sisa industri makanan; pakan ternak,IV,"Makanan Olahan, Minuman, Tembakau"
23,East Timor,2908184.5999999996,2024,-19.10768151677201,Sisa industri makanan; pakan ternak,IV,"Makanan Olahan, Minuman, Tembakau"
23,Egypt,200010.0,2024,722.4095394736843,Sisa industri makanan; pakan ternak,IV,"Makanan Olahan, Minuman, Tembakau"
23,Estonia,119136.0,2024,,Sisa industri makanan; pakan ternak,IV,"Makanan Olahan, Minuman, Tembakau"
23,Ethiopia,214178.5,2024,32.0605211130601,Sisa industri makanan; pakan ternak,IV,"Makanan Olahan, Minuman, Tembakau"
23,Finland,1.1,2024,,Sisa industri makanan; pakan ternak,IV,"Makanan Olahan, Minuman, Tembakau"
23,France,185931.25,2024,-69.30183432896008,Sisa industri makanan; pakan ternak,IV,"Makanan Olahan, Minuman, Tembakau"
23,Georgia,163079.0,2024,35.76340326340326,Sisa industri makanan; pakan ternak,IV,"Makanan Olahan, Minuman, Tembakau"
23,Germany Fed. Rep. Of,6397976.11,2024,1098.097020453791,Sisa industri makanan; pakan ternak,IV,"Makanan Olahan, Minuman, Tembakau"
23,Ghana,18532.34,2024,154.7372674939657,Sisa industri makanan; pakan ternak,IV,"Makanan Olahan, Minuman, Tembakau"
23,Greece,1658604.56,2024,166.52746298755864,Sisa industri makanan; pakan ternak,IV,"Makanan Olahan, Minuman, Tembakau"
23,Hong Kong,100987.45000000001,2024,-99.00769159152395,Sisa industri makanan; pakan ternak,IV,"Makanan Olahan, Minuman, Tembakau"
23,India,37525652.86,2024,21.54323840298403,Sisa industri makanan; pakan ternak,IV,"Makanan Olahan, Minuman, Tembakau"
23,Iraq,36760.0,2024,132.5301890731053,Sisa industri makanan; pakan ternak,IV,"Makanan Olahan, Minuman, Tembakau"
23,Israel,9869071.530000001,2024,44.56904154360158,Sisa industri makanan; pakan ternak,IV,"Makanan Olahan, Minuman, Tembakau"
23,Italy,242857803.21,2024,92.21088113031996,Sisa industri makanan; pakan ternak,IV,"Makanan Olahan, Minuman, Tembakau"
23,Japan,24734379.27,2024,3.742973529330478,Sisa industri makanan; pakan ternak,IV,"Makanan Olahan, Minuman, Tembakau"
23,Jordan,287422.04,2024,8.026834453978795,Sisa industri makanan; pakan ternak,IV,"Makanan Olahan, Minuman, Tembakau"
23,Kazakhstan,148.94,2024,14794.0,Sisa industri makanan; pakan ternak,IV,"Makanan Olahan, Minuman, Tembakau"
23,Kenya,34720.8,2024,-73.28963766443573,Sisa industri makanan; pakan ternak,IV,"Makanan Olahan, Minuman, Tembakau"
23,Korea Republic Of,114082808.91,2024,-40.91106746663077,Sisa industri makanan; pakan ternak,IV,"Makanan Olahan, Minuman, Tembakau"
23,Kuwait,129966.02,2024,268.9348847032534,Sisa industri makanan; pakan ternak,IV,"Makanan Olahan, Minuman, Tembakau"
23,Latvia,1143026.88,2024,-18.989546282671505,Sisa industri makanan; pakan ternak,IV,"Makanan Olahan, Minuman, Tembakau"
23,Lebanon,48579.44,2024,33046.451965065506,Sisa industri makanan; pakan ternak,IV,"Makanan Olahan, Minuman, Tembakau"
23,Lithuania,1024001.55,2024,-12.111924093655585,Sisa industri makanan; pakan ternak,IV,"Makanan Olahan, Minuman, Tembakau"
23,Madagascar,8100304.239999999,2024,99.11651877498569,Sisa industri makanan; pakan ternak,IV,"Makanan Olahan, Minuman, Tembakau"
23,Malaysia,166448206.03,2024,7.517412081883706,Sisa industri makanan; pakan ternak,IV,"Makanan Olahan, Minuman, Tembakau"
23,Maldives,14965.52,2024,107.07503701346322,Sisa industri makanan; pakan ternak,IV,"Makanan Olahan, Minuman, Tembakau"
23,Mozambique,23166.0,2024,,Sisa industri makanan; pakan ternak,IV,"Makanan Olahan, Minuman, Tembakau"
23,Myanmar,341874.2,2024,-29.61045930386882,Sisa industri makanan; pakan ternak,IV,"Makanan Olahan, Minuman, Tembakau"
23,Netherlands,317113064.14,2024,-8.22598338118921,Sisa industri makanan; pakan ternak,IV,"Makanan Olahan, Minuman, Tembakau"
23,New Zealand,161374162.9,2024,-3.9601299771653458,Sisa industri makanan; pakan ternak,IV,"Makanan Olahan, Minuman, Tembakau"
23,Nigeria,16956.0,2024,,Sisa industri makanan; pakan ternak,IV,"Makanan Olahan, Minuman, Tembakau"
23,Norway,175731.2,2024,5020791.428571429,Sisa industri makanan; pakan ternak,IV,"Makanan Olahan, Minuman, Tembakau"
23,Oman,7189.83,2024,-99.10033168139147,Sisa industri makanan; pakan ternak,IV,"Makanan Olahan, Minuman, Tembakau"
23,Pakistan,2101978.91,2024,10.281062554743022,Sisa industri makanan; pakan ternak,IV,"Makanan Olahan, Minuman, Tembakau"
23,Papua New Guinea,2039.88,2024,-74.11247522138943,Sisa industri makanan; pakan ternak,IV,"Makanan Olahan, Minuman, Tembakau"
23,Peru,96720.0,2024,-68.27648005373844,Sisa industri makanan; pakan ternak,IV,"Makanan Olahan, Minuman, Tembakau"
23,Philippines,13226807.44,2024,25.92464532484091,Sisa industri makanan; pakan ternak,IV,"Makanan Olahan, Minuman, Tembakau"
23,Poland,750257.75,2024,41.861864559008445,Sisa industri makanan; pakan ternak,IV,"Makanan Olahan, Minuman, Tembakau"
23,Portugal,10955.17,2024,-99.10995111452905,Sisa industri makanan; pakan ternak,IV,"Makanan Olahan, Minuman, Tembakau"
23,Qatar,17920.08,2024,-6.487407166205353,Sisa industri makanan; pakan ternak,IV,"Makanan Olahan, Minuman, Tembakau"
23,Russia Federation,2032446.4100000001,2024,-43.59157000648087,Sisa industri makanan; pakan ternak,IV,"Makanan Olahan, Minuman, Tembakau"
23,Saudi Arabia,16862014.06,2024,31.8894978678315,Sisa industri makanan; pakan ternak,IV,"Makanan Olahan, Minuman, Tembakau"
23,Serbia,41325.0,2024,,Sisa industri makanan; pakan ternak,IV,"Makanan Olahan, Minuman, Tembakau"
23,Singapore,6641193.83,2024,-74.64838414274469,Sisa industri makanan; pakan ternak,IV,"Makanan Olahan, Minuman, Tembakau"
23,South Africa,517611.4,2024,-44.17884505705447,Sisa industri makanan; pakan ternak,IV,"Makanan Olahan, Minuman, Tembakau"
23,Spain,81517443.35,2024,2.620097107901537,Sisa industri makanan; pakan ternak,IV,"Makanan Olahan, Minuman, Tembakau"
23,Sri Lanka,21599.11,2024,128.3911401734364,Sisa industri makanan; pakan ternak,IV,"Makanan Olahan, Minuman, Tembakau"
23,Taiwan,1181807.6400000001,2024,208.99333430543504,Sisa industri makanan; pakan ternak,IV,"Makanan Olahan, Minuman, Tembakau"
23,Thailand,50233786.65,2024,-10.773680383558522,Sisa industri makanan; pakan ternak,IV,"Makanan Olahan, Minuman, Tembakau"
23,Turkey,1847409.0,2024,-67.96803077317827,Sisa industri makanan; pakan ternak,IV,"Makanan Olahan, Minuman, Tembakau"
23,United Arab Emirates,1612139.36,2024,-78.65729744767512,Sisa industri makanan; pakan ternak,IV,"Makanan Olahan, Minuman, Tembakau"
23,United Kingdom,9867303.91,2024,-63.34033400301462,Sisa industri makanan; pakan ternak,IV,"Makanan Olahan, Minuman, Tembakau"
23,United States,73548066.34,2024,21.888402819150862,Sisa industri makanan; pakan ternak,IV,"Makanan Olahan, Minuman, Tembakau"
23,Viet Nam,126471451.69000001,2024,13.956739687957805,Sisa industri makanan; pakan ternak,IV,"Makanan Olahan, Minuman, Tembakau"
24,Algeria,215000.0,2024,,Tembakau,IV,"Makanan Olahan, Minuman, Tembakau"
24,Angola,1200.0,2024,,Tembakau,IV,"Makanan Olahan, Minuman, Tembakau"
24,Armenia,15562.86,2024,-65.3789837440153,Tembakau,IV,"Makanan Olahan, Minuman, Tembakau"
24,Aruba,207000.0,2024,460.9756097560975,Tembakau,IV,"Makanan Olahan, Minuman, Tembakau"
24,Australia,48106174.47,2024,2.514294624742713,Tembakau,IV,"Makanan Olahan, Minuman, Tembakau"
24,Austria,197.06,2024,-93.92165330043183,Tembakau,IV,"Makanan Olahan, Minuman, Tembakau"
24,Azerbaijan,283900.2,2024,11355908.0,Tembakau,IV,"Makanan Olahan, Minuman, Tembakau"
24,Bahrain,11800.0,2024,235900.0,Tembakau,IV,"Makanan Olahan, Minuman, Tembakau"
24,Bangladesh,1937668.21,2024,110.25839397735078,Tembakau,IV,"Makanan Olahan, Minuman, Tembakau"
24,Belgium,44142915.83,2024,-3.2150132747232973,Tembakau,IV,"Makanan Olahan, Minuman, Tembakau"
24,Belize,32.84,2024,,Tembakau,IV,"Makanan Olahan, Minuman, Tembakau"
24,Bhutan,26082.42,2024,,Tembakau,IV,"Makanan Olahan, Minuman, Tembakau"
24,Bolivia,24.64,2024,,Tembakau,IV,"Makanan Olahan, Minuman, Tembakau"
24,Brazil,10905547.39,2024,-3.1683223646943848,Tembakau,IV,"Makanan Olahan, Minuman, Tembakau"
24,Bulgaria,258025.59,2024,-47.40986348404246,Tembakau,IV,"Makanan Olahan, Minuman, Tembakau"
24,Cambodia,242077770.12,2024,-3.308983388915876,Tembakau,IV,"Makanan Olahan, Minuman, Tembakau"
24,Canada,3563.25,2024,811.5502686108979,Tembakau,IV,"Makanan Olahan, Minuman, Tembakau"
24,Chile,755464.0,2024,,Tembakau,IV,"Makanan Olahan, Minuman, Tembakau"
24,China,41240948.53,2024,222.17816543217845,Tembakau,IV,"Makanan Olahan, Minuman, Tembakau"
24,Colombia,43.36,2024,,Tembakau,IV,"Makanan Olahan, Minuman, Tembakau"
24,Costa Rica,5775.0,2024,,Tembakau,IV,"Makanan Olahan, Minuman, Tembakau"
24,Cote Divoire,5.47,2024,,Tembakau,IV,"Makanan Olahan, Minuman, Tembakau"
24,Croatia,626398.6,2024,-37.32590741062769,Tembakau,IV,"Makanan Olahan, Minuman, Tembakau"
24,Cyprus,258635.0,2024,352.3607552317904,Tembakau,IV,"Makanan Olahan, Minuman, Tembakau"
24,Czech Republic,158688.5,2024,174.462105226746,Tembakau,IV,"Makanan Olahan, Minuman, Tembakau"
24,Denmark,65145.0,2024,,Tembakau,IV,"Makanan Olahan, Minuman, Tembakau"
24,Dominican Republic,17629516.11,2024,-39.161937147290686,Tembakau,IV,"Makanan Olahan, Minuman, Tembakau"
24,East Timor,11524709.74,2024,120.87776362318661,Tembakau,IV,"Makanan Olahan, Minuman, Tembakau"
24,Egypt,411986.33,2024,147.02620645276644,Tembakau,IV,"Makanan Olahan, Minuman, Tembakau"
24,Estonia,265131.0,2024,546.6609756097561,Tembakau,IV,"Makanan Olahan, Minuman, Tembakau"
24,Fiji,3717553.3,2024,12.086700839650453,Tembakau,IV,"Makanan Olahan, Minuman, Tembakau"
24,France,366064.0,2024,66.6742552420361,Tembakau,IV,"Makanan Olahan, Minuman, Tembakau"
24,French Polynesia,40677.6,2024,,Tembakau,IV,"Makanan Olahan, Minuman, Tembakau"
24,Georgia,28.77,2024,-99.92261398500052,Tembakau,IV,"Makanan Olahan, Minuman, Tembakau"
24,Germany Fed. Rep. Of,54828718.370000005,2024,9.542497762536204,Tembakau,IV,"Makanan Olahan, Minuman, Tembakau"
24,Greece,763470.94,2024,-16.987951650029203,Tembakau,IV,"Makanan Olahan, Minuman, Tembakau"
24,Honduras,4868663.36,2024,374.7536054417683,Tembakau,IV,"Makanan Olahan, Minuman, Tembakau"
24,Hong Kong,53624107.68,2024,-12.167834864930276,Tembakau,IV,"Makanan Olahan, Minuman, Tembakau"
24,Hungary,602653.8,2024,-44.70098119284567,Tembakau,IV,"Makanan Olahan, Minuman, Tembakau"
24,India,18305952.99,2024,84.79422414266259,Tembakau,IV,"Makanan Olahan, Minuman, Tembakau"
24,Iran (Islamic Republic Of),39600.0,2024,,Tembakau,IV,"Makanan Olahan, Minuman, Tembakau"
24,Iraq,176565.04,2024,10.477851875304259,Tembakau,IV,"Makanan Olahan, Minuman, Tembakau"
24,Ireland,28800.0,2024,,Tembakau,IV,"Makanan Olahan, Minuman, Tembakau"
24,Italy,6814923.260000001,2024,52.31494219547095,Tembakau,IV,"Makanan Olahan, Minuman, Tembakau"
24,Japan,138016537.36,2024,33.0603557519678,Tembakau,IV,"Makanan Olahan, Minuman, Tembakau"
24,Jordan,590168.48,2024,-22.218322240527186,Tembakau,IV,"Makanan Olahan, Minuman, Tembakau"
24,Kazakhstan,6869090.78,2024,,Tembakau,IV,"Makanan Olahan, Minuman, Tembakau"
24,Kenya,7.47,2024,,Tembakau,IV,"Makanan Olahan, Minuman, Tembakau"
24,Korea Republic Of,49657759.1,2024,54.46706848914508,Tembakau,IV,"Makanan Olahan, Minuman, Tembakau"
24,Kuwait,3000.0,2024,,Tembakau,IV,"Makanan Olahan, Minuman, Tembakau"
24,Kyrgyzstan,38012.5,2024,92.90632504379563,Tembakau,IV,"Makanan Olahan, Minuman, Tembakau"
24,Lao Peoples Dem. Rep.,272834.0,2024,-3.0694519594548306,Tembakau,IV,"Makanan Olahan, Minuman, Tembakau"
24,Lebanon,332980.0,2024,-2.2046395378377706,Tembakau,IV,"Makanan Olahan, Minuman, Tembakau"
24,Macau,8900.0,2024,-10.816728376814359,Tembakau,IV,"Makanan Olahan, Minuman, Tembakau"
24,Malaysia,99850703.7,2024,15.860547469274897,Tembakau,IV,"Makanan Olahan, Minuman, Tembakau"
24,Maldives,848167.8700000001,2024,47.81949618167885,Tembakau,IV,"Makanan Olahan, Minuman, Tembakau"
24,Micronesia Fed. States Of,6929.700000000001,2024,-39.488115405438435,Tembakau,IV,"Makanan Olahan, Minuman, Tembakau"
24,Moldova Republic Of,29743.2,2024,,Tembakau,IV,"Makanan Olahan, Minuman, Tembakau"
24,Mongolia,796634.89,2024,,Tembakau,IV,"Makanan Olahan, Minuman, Tembakau"
24,Montenegro,37018.84,2024,,Tembakau,IV,"Makanan Olahan, Minuman, Tembakau"
24,Morocco,63082.8,2024,,Tembakau,IV,"Makanan Olahan, Minuman, Tembakau"
24,Myanmar,3962131.83,2024,132.9874995369219,Tembakau,IV,"Makanan Olahan, Minuman, Tembakau"
24,Nauru,103566.0,2024,,Tembakau,IV,"Makanan Olahan, Minuman, Tembakau"
24,Nepal,157464.14,2024,139.70172791996555,Tembakau,IV,"Makanan Olahan, Minuman, Tembakau"
24,Netherlands,19134104.509999998,2024,128.77226562127532,Tembakau,IV,"Makanan Olahan, Minuman, Tembakau"
24,New Caledonia,25665.0,2024,,Tembakau,IV,"Makanan Olahan, Minuman, Tembakau"
24,New Zealand,11264049.62,2024,23.64626197179707,Tembakau,IV,"Makanan Olahan, Minuman, Tembakau"
24,Nicaragua,11805759.17,2024,66.20397596458464,Tembakau,IV,"Makanan Olahan, Minuman, Tembakau"
24,Nigeria,157828.0,2024,5098.550724637681,Tembakau,IV,"Makanan Olahan, Minuman, Tembakau"
24,Oman,142500.0,2024,,Tembakau,IV,"Makanan Olahan, Minuman, Tembakau"
24,Pakistan,481511.2,2024,167.55958549510706,Tembakau,IV,"Makanan Olahan, Minuman, Tembakau"
24,Palau,24097.3,2024,,Tembakau,IV,"Makanan Olahan, Minuman, Tembakau"
24,Panama,168019.16,2024,,Tembakau,IV,"Makanan Olahan, Minuman, Tembakau"
24,Papua New Guinea,11211978.139999999,2024,47.16995162181377,Tembakau,IV,"Makanan Olahan, Minuman, Tembakau"
24,Paraguay,11935952.81,2024,10.84405258498306,Tembakau,IV,"Makanan Olahan, Minuman, Tembakau"
24,Philippines,392779294.73,2024,40.79272785697075,Tembakau,IV,"Makanan Olahan, Minuman, Tembakau"
24,Poland,1192080.82,2024,-20.776754386661548,Tembakau,IV,"Makanan Olahan, Minuman, Tembakau"
24,Portugal,6128.64,2024,612764.0,Tembakau,IV,"Makanan Olahan, Minuman, Tembakau"
24,Qatar,52800.0,2024,,Tembakau,IV,"Makanan Olahan, Minuman, Tembakau"
24,Rep. Of Macedonia,100002.0,2024,,Tembakau,IV,"Makanan Olahan, Minuman, Tembakau"
24,Romania,510172.38,2024,620.9612677847683,Tembakau,IV,"Makanan Olahan, Minuman, Tembakau"
24,Russia Federation,1856377.69,2024,276.0496919055749,Tembakau,IV,"Makanan Olahan, Minuman, Tembakau"
24,Rwanda,5.47,2024,,Tembakau,IV,"Makanan Olahan, Minuman, Tembakau"
24,Samoa,805842.9,2024,-9.938885085318807,Tembakau,IV,"Makanan Olahan, Minuman, Tembakau"
24,Saudi Arabia,1604.95,2024,,Tembakau,IV,"Makanan Olahan, Minuman, Tembakau"
24,Senegal,5.47,2024,,Tembakau,IV,"Makanan Olahan, Minuman, Tembakau"
24,Serbia,906993.0,2024,,Tembakau,IV,"Makanan Olahan, Minuman, Tembakau"
24,Singapore,200447070.05,2024,27.716610334677473,Tembakau,IV,"Makanan Olahan, Minuman, Tembakau"
24,Slovakia,9.0,2024,-91.0,Tembakau,IV,"Makanan Olahan, Minuman, Tembakau"
24,Solomon Islands,2461919.65,2024,88.43932837847763,Tembakau,IV,"Makanan Olahan, Minuman, Tembakau"
24,South Africa,5487.08,2024,-89.18790678996254,Tembakau,IV,"Makanan Olahan, Minuman, Tembakau"
24,Spain,2324377.39,2024,-9.374132426960822,Tembakau,IV,"Makanan Olahan, Minuman, Tembakau"
24,Sri Lanka,21689052.33,2024,-10.371770251754526,Tembakau,IV,"Makanan Olahan, Minuman, Tembakau"
24,Suriname,18210.0,2024,129.0566037735849,Tembakau,IV,"Makanan Olahan, Minuman, Tembakau"
24,Sweden,113058.0,2024,67.21587883807608,Tembakau,IV,"Makanan Olahan, Minuman, Tembakau"
24,Switzerland,79533.73000000001,2024,-78.66988497698975,Tembakau,IV,"Makanan Olahan, Minuman, Tembakau"
24,Syria Arab Republic,1185600.0,2024,,Tembakau,IV,"Makanan Olahan, Minuman, Tembakau"
24,Taiwan,26747898.5,2024,78.1093310072012,Tembakau,IV,"Makanan Olahan, Minuman, Tembakau"
24,Thailand,66459757.29,2024,25.723509735588575,Tembakau,IV,"Makanan Olahan, Minuman, Tembakau"
24,Togo,18.240000000000002,2024,7.294117647058836,Tembakau,IV,"Makanan Olahan, Minuman, Tembakau"
24,Tunisia,1462000.0,2024,188.40858666930535,Tembakau,IV,"Makanan Olahan, Minuman, Tembakau"
24,Turkey,3835251.68,2024,93.71329137261912,Tembakau,IV,"Makanan Olahan, Minuman, Tembakau"
24,Ukraine,55800.5,2024,,Tembakau,IV,"Makanan Olahan, Minuman, Tembakau"
24,United Arab Emirates,8788095.42,2024,-23.897330008554523,Tembakau,IV,"Makanan Olahan, Minuman, Tembakau"
24,United Kingdom,1856737.02,2024,2454.5382702569727,Tembakau,IV,"Makanan Olahan, Minuman, Tembakau"
24,United States,264983984.88,2024,-4.932824268697823,Tembakau,IV,"Makanan Olahan, Minuman, Tembakau"
24,Uzbekistan,783014.5,2024,,Tembakau,IV,"Makanan Olahan, Minuman, Tembakau"
24,Vanuatu,316403.9,2024,,Tembakau,IV,"Makanan Olahan, Minuman, Tembakau"
24,Viet Nam,146496404.15,2024,28.413790944798308,Tembakau,IV,"Makanan Olahan, Minuman, Tembakau"
01,Afghanistan,143750.0,2025,,Hewan hidup,I,Produk Hewani
01,Angola,100.0,2025,,Hewan hidup,I,Produk Hewani
01,Armenia,126.18,2025,741.2,Hewan hidup,I,Produk Hewani
01,Australia,1157.0,2025,,Hewan hidup,I,Produk Hewani
01,Austria,230.0,2025,,Hewan hidup,I,Produk Hewani
01,Azerbaijan,136.0,2025,150.78369905956114,Hewan hidup,I,Produk Hewani
01,Bahrain,2281.1,2025,1731.3262684649967,Hewan hidup,I,Produk Hewani
01,Belgium,263.54,2025,-83.38754412506304,Hewan hidup,I,Produk Hewani
01,Brazil,300.0,2025,-7.4074074074074066,Hewan hidup,I,Produk Hewani
01,Brunei Darussalam,1093.95,2025,-50.17603148071397,Hewan hidup,I,Produk Hewani
01,Bulgaria,306.4,2025,589.3138357705286,Hewan hidup,I,Produk Hewani
01,Canada,137642.47,2025,167.47561495551287,Hewan hidup,I,Produk Hewani
01,China,100.0,2025,-99.81599381739227,Hewan hidup,I,Produk Hewani
01,Cyprus,529.42,2025,,Hewan hidup,I,Produk Hewani
01,Czech Republic,207806.54,2025,19.420638489531633,Hewan hidup,I,Produk Hewani
01,East Timor,210711.0,2025,-0.7536114473578854,Hewan hidup,I,Produk Hewani
01,France,19289.28,2025,22.52607508098837,Hewan hidup,I,Produk Hewani
01,Germany Fed. Rep. Of,155433.13,2025,110.95601473120038,Hewan hidup,I,Produk Hewani
01,Greece,300.0,2025,200.0,Hewan hidup,I,Produk Hewani
01,Hong Kong,52247.28,2025,-46.30766599964814,Hewan hidup,I,Produk Hewani
01,Hungary,554.46,2025,-6.277890466531437,Hewan hidup,I,Produk Hewani
01,Iceland,199.92,2025,,Hewan hidup,I,Produk Hewani
01,India,278175.7,2025,205.1209292632364,Hewan hidup,I,Produk Hewani
01,Iraq,20053.66,2025,-18.441670204960765,Hewan hidup,I,Produk Hewani
01,Ireland,317.65,2025,,Hewan hidup,I,Produk Hewani
01,Italy,18142.39,2025,-17.339662804832486,Hewan hidup,I,Produk Hewani
01,Japan,1900630.28,2025,251.61252362214475,Hewan hidup,I,Produk Hewani
01,Jordan,26500.0,2025,,Hewan hidup,I,Produk Hewani
01,Kazakhstan,7513.6,2025,-4.3353153130212245,Hewan hidup,I,Produk Hewani
01,Kenya,200.0,2025,100.0,Hewan hidup,I,Produk Hewani
01,Korea Republic Of,159908.36000000002,2025,6.59840281410405,Hewan hidup,I,Produk Hewani
01,Kuwait,14556.61,2025,-69.60075832028465,Hewan hidup,I,Produk Hewani
01,Lebanon,106629.21,2025,524.2927985948478,Hewan hidup,I,Produk Hewani
01,Libyan Arab Jamahiriya,51100.0,2025,,Hewan hidup,I,Produk Hewani
01,Malaysia,21521.0,2025,-35.61440806003139,Hewan hidup,I,Produk Hewani
01,Maldives,50.0,2025,,Hewan hidup,I,Produk Hewani
01,Malta,100.0,2025,,Hewan hidup,I,Produk Hewani
01,Mozambique,16000.0,2025,,Hewan hidup,I,Produk Hewani
01,Netherlands,3391.3,2025,-62.07872078720788,Hewan hidup,I,Produk Hewani
01,Norway,7450.0,2025,396.6666666666667,Hewan hidup,I,Produk Hewani
01,Oman,200.0,2025,,Hewan hidup,I,Produk Hewani
01,Pakistan,180.0,2025,350.0,Hewan hidup,I,Produk Hewani
01,Philippines,2875.0,2025,29.73826714801444,Hewan hidup,I,Produk Hewani
01,Poland,5502.0,2025,393.9224733827674,Hewan hidup,I,Produk Hewani
01,Qatar,2454.7000000000003,2025,-5.278796064055555,Hewan hidup,I,Produk Hewani
01,Romania,107.9,2025,,Hewan hidup,I,Produk Hewani
01,Russia Federation,62955.56,2025,9.563653210062043,Hewan hidup,I,Produk Hewani
01,Saudi Arabia,1790.5,2025,353.40592555077234,Hewan hidup,I,Produk Hewani
01,Serbia,29.7,2025,,Hewan hidup,I,Produk Hewani
01,Singapore,1192760.31,2025,22.57024483429844,Hewan hidup,I,Produk Hewani
01,South Africa,18946.0,2025,263.85634722488953,Hewan hidup,I,Produk Hewani
01,Spain,180.0,2025,-3.225806451612903,Hewan hidup,I,Produk Hewani
01,Sri Lanka,2550.0,2025,222.27080858377778,Hewan hidup,I,Produk Hewani
01,Taiwan,106721.24,2025,20.37746107122514,Hewan hidup,I,Produk Hewani
01,Thailand,1556.0,2025,-39.89957512553109,Hewan hidup,I,Produk Hewani
01,Ukraine,734.85,2025,326.61828737300436,Hewan hidup,I,Produk Hewani
01,United Arab Emirates,29551.25,2025,-48.9068605415125,Hewan hidup,I,Produk Hewani
01,United Kingdom,135929.37,2025,11.41989091570804,Hewan hidup,I,Produk Hewani
01,United States,3216903.5799999996,2025,32.214228750491856,Hewan hidup,I,Produk Hewani
01,Uzbekistan,5626.0,2025,-27.21862871927555,Hewan hidup,I,Produk Hewani
01,Viet Nam,1010.0,2025,44.285714285714285,Hewan hidup,I,Produk Hewani
02,Australia,18.3,2025,853.1250000000002,Daging dan jeroan yang dapat dimakan,I,Produk Hewani
02,Belgium,1949208.8699999999,2025,-46.59811412037929,Daging dan jeroan yang dapat dimakan,I,Produk Hewani
02,Cambodia,2496.36,2025,49827.200000000004,Daging dan jeroan yang dapat dimakan,I,Produk Hewani
02,China,3151015.1500000004,2025,7.826474658626418,Daging dan jeroan yang dapat dimakan,I,Produk Hewani
02,East Timor,529468.11,2025,79.78907484850964,Daging dan jeroan yang dapat dimakan,I,Produk Hewani
02,France,5687298.540000001,2025,-33.224431350169226,Daging dan jeroan yang dapat dimakan,I,Produk Hewani
02,Hong Kong,218869.09,2025,16.926405668307147,Daging dan jeroan yang dapat dimakan,I,Produk Hewani
02,Lithuania,2400.0,2025,,Daging dan jeroan yang dapat dimakan,I,Produk Hewani
02,Macau,4443.0,2025,,Daging dan jeroan yang dapat dimakan,I,Produk Hewani
02,Malaysia,2425.45,2025,-65.57423585434572,Daging dan jeroan yang dapat dimakan,I,Produk Hewani
02,Netherlands,5480.85,2025,,Daging dan jeroan yang dapat dimakan,I,Produk Hewani
02,Philippines,68476.0,2025,,Daging dan jeroan yang dapat dimakan,I,Produk Hewani
02,Singapore,1571862.1099999999,2025,-73.82949956672952,Daging dan jeroan yang dapat dimakan,I,Produk Hewani
02,Switzerland,2.0,2025,,Daging dan jeroan yang dapat dimakan,I,Produk Hewani
02,Taiwan,24787.0,2025,12.668181818181818,Daging dan jeroan yang dapat dimakan,I,Produk Hewani
02,United Arab Emirates,1050.86,2025,,Daging dan jeroan yang dapat dimakan,I,Produk Hewani
03,Albania,1596927.12,2025,-29.017132676900754,Ikan dan krustasea,I,Produk Hewani
03,Algeria,3825.0,2025,-99.85152118928879,Ikan dan krustasea,I,Produk Hewani
03,American Samoa,7951108.050000001,2025,400.5304820778309,Ikan dan krustasea,I,Produk Hewani
03,Argentina,123425.49,2025,55.25254019443062,Ikan dan krustasea,I,Produk Hewani
03,Armenia,15424.03,2025,-9.031914849697117,Ikan dan krustasea,I,Produk Hewani
03,Aruba,859397.98,2025,58.110975988931834,Ikan dan krustasea,I,Produk Hewani
03,Australia,53645580.769999996,2025,-3.9007738475649707,Ikan dan krustasea,I,Produk Hewani
03,Austria,225487.79,2025,53.563363504436246,Ikan dan krustasea,I,Produk Hewani
03,Azerbaijan,8699.609999999999,2025,28.171049723756887,Ikan dan krustasea,I,Produk Hewani
03,Bahrain,76751.23,2025,36.26141248713302,Ikan dan krustasea,I,Produk Hewani
03,Bangladesh,82195.04000000001,2025,-78.17429956848623,Ikan dan krustasea,I,Produk Hewani
03,Barbados,498508.12,2025,28.943277263105173,Ikan dan krustasea,I,Produk Hewani
03,Belgium,25014595.55,2025,24.276706258791833,Ikan dan krustasea,I,Produk Hewani
03,Brazil,328880.18,2025,19.469856073194215,Ikan dan krustasea,I,Produk Hewani
03,Brunei Darussalam,773363.96,2025,-3.546189690532847,Ikan dan krustasea,I,Produk Hewani
03,Bulgaria,348819.35,2025,-24.941978504902195,Ikan dan krustasea,I,Produk Hewani
03,Cambodia,662.4,2025,,Ikan dan krustasea,I,Produk Hewani
03,Canada,72894597.33,2025,33.24218209584593,Ikan dan krustasea,I,Produk Hewani
03,Chile,548051.4299999999,2025,-6.2562231987233,Ikan dan krustasea,I,Produk Hewani
03,China,945459931.85,2025,-4.203417257982482,Ikan dan krustasea,I,Produk Hewani
03,Colombia,73450.0,2025,-92.12924489272113,Ikan dan krustasea,I,Produk Hewani
03,Costa Rica,3890470.0,2025,-22.12340028210343,Ikan dan krustasea,I,Produk Hewani
03,Cote Divoire,59052.0,2025,-63.747981804006315,Ikan dan krustasea,I,Produk Hewani
03,Croatia,366526.5,2025,4.62090693517102,Ikan dan krustasea,I,Produk Hewani
03,Curacao,625981.46,2025,,Ikan dan krustasea,I,Produk Hewani
03,Cyprus,1799557.58,2025,-17.021241914654276,Ikan dan krustasea,I,Produk Hewani
03,Czech Republic,797287.92,2025,28.82439087098373,Ikan dan krustasea,I,Produk Hewani
03,Denmark,736731.01,2025,-67.94013362870626,Ikan dan krustasea,I,Produk Hewani
03,Dominican Republic,3834358.3,2025,-10.126989221700718,Ikan dan krustasea,I,Produk Hewani
03,East Timor,1675919.49,2025,40.28682567335072,Ikan dan krustasea,I,Produk Hewani
03,Ecuador,546676.19,2025,-51.93620257482656,Ikan dan krustasea,I,Produk Hewani
03,Egypt,658330.1799999999,2025,-43.50073028588145,Ikan dan krustasea,I,Produk Hewani
03,Fiji,42536.95,2025,,Ikan dan krustasea,I,Produk Hewani
03,Finland,5130.51,2025,2.8145954156863806,Ikan dan krustasea,I,Produk Hewani
03,France,26077634.25,2025,-1.5180057482478087,Ikan dan krustasea,I,Produk Hewani
03,Gambia,269457.17,2025,,Ikan dan krustasea,I,Produk Hewani
03,Georgia,707521.91,2025,22.665891638729345,Ikan dan krustasea,I,Produk Hewani
03,Germany Fed. Rep. Of,17409185.05,2025,-0.6824930800439607,Ikan dan krustasea,I,Produk Hewani
03,Ghana,1458.63,2025,-38.77039580561071,Ikan dan krustasea,I,Produk Hewani
03,Greece,18072556.1,2025,41.32235694237531,Ikan dan krustasea,I,Produk Hewani
03,Grenada,84750.0,2025,15.620736698499318,Ikan dan krustasea,I,Produk Hewani
03,Guadeloupe,3341212.96,2025,186.7450790523216,Ikan dan krustasea,I,Produk Hewani
03,Guam,2937.57,2025,164.86069786313232,Ikan dan krustasea,I,Produk Hewani
03,Guinea,160814.94,2025,,Ikan dan krustasea,I,Produk Hewani
03,Hong Kong,66447691.47,2025,1.9979902188796608,Ikan dan krustasea,I,Produk Hewani
03,Hungary,54159.7,2025,-10.765135534439235,Ikan dan krustasea,I,Produk Hewani
03,Iceland,19223.370000000003,2025,247.92863102682495,Ikan dan krustasea,I,Produk Hewani
03,India,2854070.19,2025,38.66912004237049,Ikan dan krustasea,I,Produk Hewani
03,Iran (Islamic Republic Of),257323.16,2025,-84.30810358985653,Ikan dan krustasea,I,Produk Hewani
03,Iraq,313568.13,2025,348.9408586293885,Ikan dan krustasea,I,Produk Hewani
03,Ireland,2881157.1399999997,2025,34.02575826205358,Ikan dan krustasea,I,Produk Hewani
03,Israel,220238.93000000002,2025,-5.5208821571475255,Ikan dan krustasea,I,Produk Hewani
03,Italy,89707751.09,2025,-22.316108298694477,Ikan dan krustasea,I,Produk Hewani
03,Japan,382516795.06,2025,-1.3235981042434481,Ikan dan krustasea,I,Produk Hewani
03,Jordan,480627.83,2025,68.141726942242,Ikan dan krustasea,I,Produk Hewani
03,Kazakhstan,175594.31,2025,-13.957433617920007,Ikan dan krustasea,I,Produk Hewani
03,Kenya,59360.52,2025,-35.108980648193956,Ikan dan krustasea,I,Produk Hewani
03,Korea Republic Of,71551402.84,2025,4.380596355697828,Ikan dan krustasea,I,Produk Hewani
03,Kuwait,2545855.3000000003,2025,71.44941648325948,Ikan dan krustasea,I,Produk Hewani
03,Latvia,427308.0,2025,,Ikan dan krustasea,I,Produk Hewani
03,Lebanon,1556645.82,2025,55.472287655735876,Ikan dan krustasea,I,Produk Hewani
03,Libyan Arab Jamahiriya,597100.0,2025,-16.63525305410122,Ikan dan krustasea,I,Produk Hewani
03,Lithuania,3564685.75,2025,429.4258946036809,Ikan dan krustasea,I,Produk Hewani
03,Macau,213950.36,2025,-19.096688728900133,Ikan dan krustasea,I,Produk Hewani
03,Malaysia,141434379.92,2025,9.030533797708621,Ikan dan krustasea,I,Produk Hewani
03,Maldives,37525.74,2025,-19.465160489195785,Ikan dan krustasea,I,Produk Hewani
03,Malta,265909.19,2025,3.9815298583847047,Ikan dan krustasea,I,Produk Hewani
03,Martinique,3453770.99,2025,16.38158498843537,Ikan dan krustasea,I,Produk Hewani
03,Mauritius,8487190.93,2025,-27.96218959851317,Ikan dan krustasea,I,Produk Hewani
03,Mayotte,503243.45,2025,583.8708340411076,Ikan dan krustasea,I,Produk Hewani
03,Mexico,14440251.219999999,2025,9.12546258245861,Ikan dan krustasea,I,Produk Hewani
03,Morocco,71249.32,2025,-73.54138089538009,Ikan dan krustasea,I,Produk Hewani
03,Mozambique,189843.35,2025,163.35880033471392,Ikan dan krustasea,I,Produk Hewani
03,Namibia,218700.0,2025,-51.81548543221509,Ikan dan krustasea,I,Produk Hewani
03,Netherlands,36950986.93,2025,71.2452128115263,Ikan dan krustasea,I,Produk Hewani
03,Netherlands Antilles,195085.8,2025,18.710025246732183,Ikan dan krustasea,I,Produk Hewani
03,New Zealand,2857777.17,2025,41.75400007359083,Ikan dan krustasea,I,Produk Hewani
03,Norway,83514.19,2025,17.598356775316613,Ikan dan krustasea,I,Produk Hewani
03,Oman,693133.3,2025,-68.46165367039208,Ikan dan krustasea,I,Produk Hewani
03,Pakistan,46842.72,2025,69.28739709720053,Ikan dan krustasea,I,Produk Hewani
03,Panama,102908.6,2025,,Ikan dan krustasea,I,Produk Hewani
03,Papua New Guinea,402550.0,2025,-14.718500079444944,Ikan dan krustasea,I,Produk Hewani
03,Peru,1522741.29,2025,8.60229294040477,Ikan dan krustasea,I,Produk Hewani
03,Philippines,25744201.78,2025,31.60860076792905,Ikan dan krustasea,I,Produk Hewani
03,Poland,6978409.66,2025,34.303069151904864,Ikan dan krustasea,I,Produk Hewani
03,Portugal,10004430.01,2025,-12.930472390969982,Ikan dan krustasea,I,Produk Hewani
03,Puerto Rico,10594323.879999999,2025,4.530805696144579,Ikan dan krustasea,I,Produk Hewani
03,Qatar,647692.65,2025,57.017720852100254,Ikan dan krustasea,I,Produk Hewani
03,Rep. Of Macedonia,46411.77,2025,63.39606526580685,Ikan dan krustasea,I,Produk Hewani
03,Reunion,5330340.390000001,2025,80.80702440838684,Ikan dan krustasea,I,Produk Hewani
03,Romania,810783.06,2025,-27.137343262033315,Ikan dan krustasea,I,Produk Hewani
03,Russia Federation,15752971.91,2025,-17.950722090846288,Ikan dan krustasea,I,Produk Hewani
03,Saudi Arabia,14647599.549999999,2025,330.73036496812745,Ikan dan krustasea,I,Produk Hewani
03,Senegal,3890690.67,2025,117.11341577911453,Ikan dan krustasea,I,Produk Hewani
03,Serbia,3753.89,2025,-53.69700871937765,Ikan dan krustasea,I,Produk Hewani
03,Seychelles,454392.81,2025,-53.06796441582371,Ikan dan krustasea,I,Produk Hewani
03,Singapore,98750498.37,2025,1.0974997971426235,Ikan dan krustasea,I,Produk Hewani
03,Sint Maarten (Dutch Part),193284.14,2025,,Ikan dan krustasea,I,Produk Hewani
03,Slovenia,161270.0,2025,-37.766029289752446,Ikan dan krustasea,I,Produk Hewani
03,South Africa,1112447.02,2025,-7.378125351381453,Ikan dan krustasea,I,Produk Hewani
03,Spain,29394734.32,2025,-50.72641218770981,Ikan dan krustasea,I,Produk Hewani
03,Sri Lanka,4157774.4,2025,108.41186190899292,Ikan dan krustasea,I,Produk Hewani
03,Suriname,262360.0,2025,-69.71500172860897,Ikan dan krustasea,I,Produk Hewani
03,Sweden,402279.67,2025,-61.48152417201511,Ikan dan krustasea,I,Produk Hewani
03,Switzerland,785903.4400000001,2025,-27.57132290367405,Ikan dan krustasea,I,Produk Hewani
03,Taiwan,118166354.32,2025,-5.251969304502809,Ikan dan krustasea,I,Produk Hewani
03,Tanzania United Rep. Of,92246.13,2025,5468.266491211127,Ikan dan krustasea,I,Produk Hewani
03,Thailand,154042537.61,2025,31.450857689784506,Ikan dan krustasea,I,Produk Hewani
03,Trinidad And Tobago,3366977.45,2025,25.31944856006393,Ikan dan krustasea,I,Produk Hewani
03,Tunisia,640285.1,2025,-88.6347072047842,Ikan dan krustasea,I,Produk Hewani
03,Turkey,3698597.1100000003,2025,-14.474875684801292,Ikan dan krustasea,I,Produk Hewani
03,Ukraine,1886769.58,2025,-11.097029921005976,Ikan dan krustasea,I,Produk Hewani
03,United Arab Emirates,4979708.75,2025,19.280961961696953,Ikan dan krustasea,I,Produk Hewani
03,United Kingdom,21292619.97,2025,4.59694532179449,Ikan dan krustasea,I,Produk Hewani
03,United States,1161158194.0,2025,5.770372970593014,Ikan dan krustasea,I,Produk Hewani
03,Uruguay,9963.08,2025,-13.294856040853698,Ikan dan krustasea,I,Produk Hewani
03,Uzbekistan,82195.55,2025,-31.166919542836506,Ikan dan krustasea,I,Produk Hewani
03,Venezuela,193158.0,2025,,Ikan dan krustasea,I,Produk Hewani
03,Viet Nam,469194748.93,2025,40.449317830155984,Ikan dan krustasea,I,Produk Hewani
04,Australia,1195076.99,2025,-33.43826963482561,Susu; telur unggas; madu,I,Produk Hewani
04,Bahrain,47593.0,2025,,Susu; telur unggas; madu,I,Produk Hewani
04,Belgium,3430.0,2025,,Susu; telur unggas; madu,I,Produk Hewani
04,Brunei Darussalam,2348608.5999999996,2025,12.010914094420091,Susu; telur unggas; madu,I,Produk Hewani
04,Cambodia,18635720.29,2025,557.4114527986732,Susu; telur unggas; madu,I,Produk Hewani
04,Canada,904020.22,2025,-25.309950781432537,Susu; telur unggas; madu,I,Produk Hewani
04,China,380590791.43,2025,-11.242605114220956,Susu; telur unggas; madu,I,Produk Hewani
04,Comoros,43475.59,2025,88.40992416034668,Susu; telur unggas; madu,I,Produk Hewani
04,Cote Divoire,3242.3999999999996,2025,-91.45989133117337,Susu; telur unggas; madu,I,Produk Hewani
04,Denmark,1.0,2025,,Susu; telur unggas; madu,I,Produk Hewani
04,East Timor,10791417.17,2025,-26.35137878173549,Susu; telur unggas; madu,I,Produk Hewani
04,Fiji,17595.91,2025,-73.96618782908617,Susu; telur unggas; madu,I,Produk Hewani
04,France,30537.11,2025,-66.14570012473176,Susu; telur unggas; madu,I,Produk Hewani
04,Gambia,118.2,2025,,Susu; telur unggas; madu,I,Produk Hewani
04,Ghana,1777.85,2025,,Susu; telur unggas; madu,I,Produk Hewani
04,Hong Kong,37161409.07,2025,-41.12805490985964,Susu; telur unggas; madu,I,Produk Hewani
04,India,6105.0,2025,309.17133588911827,Susu; telur unggas; madu,I,Produk Hewani
04,Iraq,1839.2,2025,,Susu; telur unggas; madu,I,Produk Hewani
04,Israel,19691.0,2025,496.6969696969697,Susu; telur unggas; madu,I,Produk Hewani
04,Italy,53.88,2025,,Susu; telur unggas; madu,I,Produk Hewani
04,Jamaica,50815.8,2025,,Susu; telur unggas; madu,I,Produk Hewani
04,Japan,309338.31,2025,7.63491834451205,Susu; telur unggas; madu,I,Produk Hewani
04,Kiribati,13580.29,2025,24.13280280947303,Susu; telur unggas; madu,I,Produk Hewani
04,Korea Republic Of,461590.03,2025,28.19148210855658,Susu; telur unggas; madu,I,Produk Hewani
04,Kuwait,11006.0,2025,-19.609074839671017,Susu; telur unggas; madu,I,Produk Hewani
04,Lao Peoples Dem. Rep.,160360.0,2025,116.48738551926732,Susu; telur unggas; madu,I,Produk Hewani
04,Lebanon,6887.5,2025,,Susu; telur unggas; madu,I,Produk Hewani
04,Liberia,789.0,2025,,Susu; telur unggas; madu,I,Produk Hewani
04,Libyan Arab Jamahiriya,172587.39,2025,-22.841262911676516,Susu; telur unggas; madu,I,Produk Hewani
04,Macau,3612980.63,2025,3595.059352912174,Susu; telur unggas; madu,I,Produk Hewani
04,Madagascar,505.75,2025,,Susu; telur unggas; madu,I,Produk Hewani
04,Malaysia,5516622.609999999,2025,29.87956155593351,Susu; telur unggas; madu,I,Produk Hewani
04,Maldives,2468093.8499999996,2025,-11.619184195876537,Susu; telur unggas; madu,I,Produk Hewani
04,Mauritius,535.98,2025,,Susu; telur unggas; madu,I,Produk Hewani
04,Micronesia Fed. States Of,193.54,2025,-97.01925150161713,Susu; telur unggas; madu,I,Produk Hewani
04,Mongolia,6543.72,2025,-53.077889447236174,Susu; telur unggas; madu,I,Produk Hewani
04,Myanmar,850217.4199999999,2025,-3.695079087011819,Susu; telur unggas; madu,I,Produk Hewani
04,Netherlands,1494.5,2025,-55.98612289133917,Susu; telur unggas; madu,I,Produk Hewani
04,New Zealand,654.45,2025,-98.70067679163955,Susu; telur unggas; madu,I,Produk Hewani
04,Nigeria,104175.28,2025,34.7099944396312,Susu; telur unggas; madu,I,Produk Hewani
04,Northern Mariana Islands,510.8,2025,,Susu; telur unggas; madu,I,Produk Hewani
04,Papua New Guinea,8111836.299999998,2025,12.968932821841095,Susu; telur unggas; madu,I,Produk Hewani
04,Philippines,16232416.3,2025,1.8321753897701805,Susu; telur unggas; madu,I,Produk Hewani
04,Qatar,35.0,2025,-99.52860683116043,Susu; telur unggas; madu,I,Produk Hewani
04,Samoa,162243.06,2025,1.5721919315111694,Susu; telur unggas; madu,I,Produk Hewani
04,Saudi Arabia,62264.159999999996,2025,-80.29654347375627,Susu; telur unggas; madu,I,Produk Hewani
04,Senegal,27898.6,2025,279.0570652173913,Susu; telur unggas; madu,I,Produk Hewani
04,Singapore,34765720.62,2025,19.689851227125192,Susu; telur unggas; madu,I,Produk Hewani
04,Solomon Islands,284967.2,2025,47.4284611586055,Susu; telur unggas; madu,I,Produk Hewani
04,Somalia,74593.4,2025,20310.266232522503,Susu; telur unggas; madu,I,Produk Hewani
04,South Africa,23.94,2025,,Susu; telur unggas; madu,I,Produk Hewani
04,Spain,3167.46,2025,,Susu; telur unggas; madu,I,Produk Hewani
04,Sri Lanka,4055.0,2025,,Susu; telur unggas; madu,I,Produk Hewani
04,Switzerland,2960.0,2025,,Susu; telur unggas; madu,I,Produk Hewani
04,Taiwan,3100755.18,2025,45.82258735644871,Susu; telur unggas; madu,I,Produk Hewani
04,Thailand,953122.0700000001,2025,-74.25799476556236,Susu; telur unggas; madu,I,Produk Hewani
04,Togo,107.37,2025,-98.2221302314029,Susu; telur unggas; madu,I,Produk Hewani
04,Tonga,273160.26,2025,47.255156998343736,Susu; telur unggas; madu,I,Produk Hewani
04,Turkey,2.0,2025,,Susu; telur unggas; madu,I,Produk Hewani
04,Tuvalu,572.0,2025,-82.5503355704698,Susu; telur unggas; madu,I,Produk Hewani
04,United Arab Emirates,3001550.4600000004,2025,253.56130906821747,Susu; telur unggas; madu,I,Produk Hewani
04,United Kingdom,45.0,2025,,Susu; telur unggas; madu,I,Produk Hewani
04,United States,13560102.6,2025,-10.655186042454783,Susu; telur unggas; madu,I,Produk Hewani
04,Vanuatu,77291.32999999999,2025,192.25431624481027,Susu; telur unggas; madu,I,Produk Hewani
04,Viet Nam,16089906.28,2025,-28.480990558612113,Susu; telur unggas; madu,I,Produk Hewani
05,Argentina,14236.76,2025,2.4719055834706314,Produk hewani lainnya,I,Produk Hewani
05,Armenia,369.75,2025,-78.60478303890197,Produk hewani lainnya,I,Produk Hewani
05,Australia,4201.67,2025,-71.28365055704661,Produk hewani lainnya,I,Produk Hewani
05,Austria,16670.09,2025,-49.266946330988326,Produk hewani lainnya,I,Produk Hewani
05,Azerbaijan,1277.5,2025,-13.798920377867747,Produk hewani lainnya,I,Produk Hewani
05,Bahrain,8742.339999999998,2025,-26.051746538727034,Produk hewani lainnya,I,Produk Hewani
05,Bangladesh,8380764.43,2025,-10.376013221313748,Produk hewani lainnya,I,Produk Hewani
05,Belgium,103348.99,2025,1046.8566831271155,Produk hewani lainnya,I,Produk Hewani
05,Brazil,431407.41000000003,2025,29.37126107283819,Produk hewani lainnya,I,Produk Hewani
05,Brunei Darussalam,27.45,2025,,Produk hewani lainnya,I,Produk Hewani
05,Bulgaria,4009.73,2025,-11.33839394495535,Produk hewani lainnya,I,Produk Hewani
05,Cambodia,90.0,2025,,Produk hewani lainnya,I,Produk Hewani
05,Canada,197830.16,2025,-2.321182189733864,Produk hewani lainnya,I,Produk Hewani
05,China,11009121.68,2025,31.973483234756618,Produk hewani lainnya,I,Produk Hewani
05,Cote Divoire,0.92,2025,,Produk hewani lainnya,I,Produk Hewani
05,Cyprus,3148.77,2025,-49.29100457525497,Produk hewani lainnya,I,Produk Hewani
05,Czech Republic,41922.92,2025,-17.264666737186793,Produk hewani lainnya,I,Produk Hewani
05,Denmark,14959.67,2025,82.79166666666666,Produk hewani lainnya,I,Produk Hewani
05,Dominican Republic,5188.75,2025,,Produk hewani lainnya,I,Produk Hewani
05,France,285592.94,2025,43.08462813259624,Produk hewani lainnya,I,Produk Hewani
05,Germany Fed. Rep. Of,1117764.52,2025,35.39803027284987,Produk hewani lainnya,I,Produk Hewani
05,Greece,6553.29,2025,-32.792076933411415,Produk hewani lainnya,I,Produk Hewani
05,Hong Kong,675169.4,2025,-56.44792306909709,Produk hewani lainnya,I,Produk Hewani
05,Hungary,1563.7,2025,-5.702362717547318,Produk hewani lainnya,I,Produk Hewani
05,India,926644.1,2025,-21.149197203262958,Produk hewani lainnya,I,Produk Hewani
05,Iran (Islamic Republic Of),4949.35,2025,-87.82576504822369,Produk hewani lainnya,I,Produk Hewani
05,Iraq,4122.68,2025,-37.050439902399994,Produk hewani lainnya,I,Produk Hewani
05,Ireland,802.4,2025,-84.09987119785991,Produk hewani lainnya,I,Produk Hewani
05,Israel,14443.8,2025,16.008028470711253,Produk hewani lainnya,I,Produk Hewani
05,Italy,678121.64,2025,49.53774113128473,Produk hewani lainnya,I,Produk Hewani
05,Japan,3195593.72,2025,-16.57891123836439,Produk hewani lainnya,I,Produk Hewani
05,Jordan,20440.57,2025,-7.488012020791985,Produk hewani lainnya,I,Produk Hewani
05,Korea Republic Of,403996.82,2025,-10.741944645651019,Produk hewani lainnya,I,Produk Hewani
05,Kuwait,21585.4,2025,56.85980982417639,Produk hewani lainnya,I,Produk Hewani
05,Lebanon,10885.84,2025,120.28220657780511,Produk hewani lainnya,I,Produk Hewani
05,Libyan Arab Jamahiriya,15600.0,2025,,Produk hewani lainnya,I,Produk Hewani
05,Madagascar,96797.08,2025,31.8743341371371,Produk hewani lainnya,I,Produk Hewani
05,Malaysia,206212.74,2025,-24.08725627100103,Produk hewani lainnya,I,Produk Hewani
05,Malta,1160.56,2025,18.771107517858233,Produk hewani lainnya,I,Produk Hewani
05,Mexico,87630.36,2025,773.3064123926684,Produk hewani lainnya,I,Produk Hewani
05,Morocco,6193.0,2025,-0.9040723257860629,Produk hewani lainnya,I,Produk Hewani
05,Netherlands,469693.71,2025,-14.88662627197452,Produk hewani lainnya,I,Produk Hewani
05,New Zealand,83046.0,2025,661.3346229126463,Produk hewani lainnya,I,Produk Hewani
05,Norway,2275.52,2025,-72.59654349771249,Produk hewani lainnya,I,Produk Hewani
05,Oman,1000.0,2025,,Produk hewani lainnya,I,Produk Hewani
05,Pakistan,9215.89,2025,524.7002203016438,Produk hewani lainnya,I,Produk Hewani
05,Peru,13603.0,2025,91.26074901438076,Produk hewani lainnya,I,Produk Hewani
05,Philippines,7690.9,2025,-47.29715376260455,Produk hewani lainnya,I,Produk Hewani
05,Poland,597878.74,2025,334.0173541973961,Produk hewani lainnya,I,Produk Hewani
05,Portugal,102418.44,2025,5.986683059909678,Produk hewani lainnya,I,Produk Hewani
05,Qatar,23892.09,2025,206.34655034465777,Produk hewani lainnya,I,Produk Hewani
05,Russia Federation,171275.7,2025,28.13302768559819,Produk hewani lainnya,I,Produk Hewani
05,San Marino,3924.0,2025,,Produk hewani lainnya,I,Produk Hewani
05,Saudi Arabia,81953.12,2025,-79.39176616854309,Produk hewani lainnya,I,Produk Hewani
05,Singapore,181637.21,2025,-67.41887167258054,Produk hewani lainnya,I,Produk Hewani
05,South Africa,92472.16,2025,33.34285039027865,Produk hewani lainnya,I,Produk Hewani
05,Spain,29814.710000000003,2025,-1.8963813018573834,Produk hewani lainnya,I,Produk Hewani
05,Sri Lanka,4960.0,2025,-58.44155844155844,Produk hewani lainnya,I,Produk Hewani
05,Switzerland,112857.76999999999,2025,-54.79053716721106,Produk hewani lainnya,I,Produk Hewani
05,Taiwan,4861340.49,2025,-30.462694996317545,Produk hewani lainnya,I,Produk Hewani
05,Thailand,293027.92,2025,-18.539157623359245,Produk hewani lainnya,I,Produk Hewani
05,Turkey,105779.76000000001,2025,90.62919671723452,Produk hewani lainnya,I,Produk Hewani
05,United Arab Emirates,230436.01,2025,-44.923530600487084,Produk hewani lainnya,I,Produk Hewani
05,United Kingdom,846334.62,2025,30.470391809082294,Produk hewani lainnya,I,Produk Hewani
05,United States,4605055.72,2025,-3.8371308293912563,Produk hewani lainnya,I,Produk Hewani
05,Uzbekistan,18288.0,2025,483.9080459770115,Produk hewani lainnya,I,Produk Hewani
05,Viet Nam,3521690.16,2025,53.96180276436379,Produk hewani lainnya,I,Produk Hewani
06,Australia,1092408.8,2025,196.5807963037925,Tanaman hidup dan bunga,II,Produk Nabati
06,Austria,1460.0,2025,729.5454545454546,Tanaman hidup dan bunga,II,Produk Nabati
06,Bahrain,3218.52,2025,-53.0081324553591,Tanaman hidup dan bunga,II,Produk Nabati
06,Barbados,35.0,2025,-88.7459807073955,Tanaman hidup dan bunga,II,Produk Nabati
06,Brazil,138.0,2025,,Tanaman hidup dan bunga,II,Produk Nabati
06,Brunei Darussalam,31345.5,2025,1405.1065730021464,Tanaman hidup dan bunga,II,Produk Nabati
06,Cambodia,3.05,2025,-99.99162410062064,Tanaman hidup dan bunga,II,Produk Nabati
06,Canada,543720.94,2025,24.976328505591216,Tanaman hidup dan bunga,II,Produk Nabati
06,Chile,245246.02,2025,19.997013359199286,Tanaman hidup dan bunga,II,Produk Nabati
06,China,615943.24,2025,-41.75430929223906,Tanaman hidup dan bunga,II,Produk Nabati
06,Czech Republic,41295.42,2025,97.92505525022084,Tanaman hidup dan bunga,II,Produk Nabati
06,East Timor,226224.04,2025,117.30891983296078,Tanaman hidup dan bunga,II,Produk Nabati
06,Ethiopia,16707.58,2025,,Tanaman hidup dan bunga,II,Produk Nabati
06,France,84721.79,2025,886.8606566351931,Tanaman hidup dan bunga,II,Produk Nabati
06,Germany Fed. Rep. Of,174463.25,2025,-3.7897188827219876,Tanaman hidup dan bunga,II,Produk Nabati
06,Greece,9646.39,2025,46.728777208219874,Tanaman hidup dan bunga,II,Produk Nabati
06,Guinea,855.8,2025,,Tanaman hidup dan bunga,II,Produk Nabati
06,Hong Kong,182707.73,2025,-27.779326835355207,Tanaman hidup dan bunga,II,Produk Nabati
06,Hungary,7795.0,2025,111.05443281997962,Tanaman hidup dan bunga,II,Produk Nabati
06,India,43312.2,2025,-31.696681172959636,Tanaman hidup dan bunga,II,Produk Nabati
06,Iran (Islamic Republic Of),96.0,2025,,Tanaman hidup dan bunga,II,Produk Nabati
06,Iraq,38314.95,2025,112.54638276816019,Tanaman hidup dan bunga,II,Produk Nabati
06,Italy,4134.43,2025,-77.34070953361464,Tanaman hidup dan bunga,II,Produk Nabati
06,Japan,7887975.54,2025,15.039737054981087,Tanaman hidup dan bunga,II,Produk Nabati
06,Jordan,1948.97,2025,60.80477883845843,Tanaman hidup dan bunga,II,Produk Nabati
06,Kenya,1861.79,2025,3347.759259259259,Tanaman hidup dan bunga,II,Produk Nabati
06,Korea Republic Of,878022.97,2025,-19.517833689420936,Tanaman hidup dan bunga,II,Produk Nabati
06,Kuwait,30298.05,2025,134.3746011314137,Tanaman hidup dan bunga,II,Produk Nabati
06,Lebanon,583.71,2025,,Tanaman hidup dan bunga,II,Produk Nabati
06,Malaysia,479654.79,2025,-32.175528685873225,Tanaman hidup dan bunga,II,Produk Nabati
06,Maldives,742.7,2025,575.1818181818182,Tanaman hidup dan bunga,II,Produk Nabati
06,Mauritius,1170.0,2025,,Tanaman hidup dan bunga,II,Produk Nabati
06,Netherlands,3856188.73,2025,4.193375179840967,Tanaman hidup dan bunga,II,Produk Nabati
06,New Zealand,109904.16,2025,903.3244476903415,Tanaman hidup dan bunga,II,Produk Nabati
06,Nigeria,636.0,2025,-77.8397212543554,Tanaman hidup dan bunga,II,Produk Nabati
06,Oman,7259.17,2025,41.59647801882708,Tanaman hidup dan bunga,II,Produk Nabati
06,Pakistan,58.2,2025,,Tanaman hidup dan bunga,II,Produk Nabati
06,Paraguay,90.0,2025,-10.0,Tanaman hidup dan bunga,II,Produk Nabati
06,Peru,256.9,2025,-6.288757569125268,Tanaman hidup dan bunga,II,Produk Nabati
06,Philippines,51240.0,2025,23.316847767228623,Tanaman hidup dan bunga,II,Produk Nabati
06,Poland,100588.81,2025,60.458256591404535,Tanaman hidup dan bunga,II,Produk Nabati
06,Puerto Rico,581.75,2025,,Tanaman hidup dan bunga,II,Produk Nabati
06,Qatar,34751.15,2025,-0.852271349365921,Tanaman hidup dan bunga,II,Produk Nabati
06,Romania,2165.0,2025,,Tanaman hidup dan bunga,II,Produk Nabati
06,Russia Federation,315788.39,2025,456.7085047842904,Tanaman hidup dan bunga,II,Produk Nabati
06,Saudi Arabia,178735.73,2025,-61.78380091779654,Tanaman hidup dan bunga,II,Produk Nabati
06,Singapore,714363.01,2025,-46.23409773604252,Tanaman hidup dan bunga,II,Produk Nabati
06,South Africa,81562.73,2025,-36.13156113483432,Tanaman hidup dan bunga,II,Produk Nabati
06,Spain,209008.84999999998,2025,304.5631435354418,Tanaman hidup dan bunga,II,Produk Nabati
06,Sweden,5006.49,2025,,Tanaman hidup dan bunga,II,Produk Nabati
06,Switzerland,270.0,2025,-88.51552530837942,Tanaman hidup dan bunga,II,Produk Nabati
06,Taiwan,166001.19,2025,-2.3770718553704273,Tanaman hidup dan bunga,II,Produk Nabati
06,Thailand,914273.0800000001,2025,-6.63188636920205,Tanaman hidup dan bunga,II,Produk Nabati
06,Turkey,14049.91,2025,110.12698930214961,Tanaman hidup dan bunga,II,Produk Nabati
06,United Arab Emirates,57614.52,2025,-26.832042993628757,Tanaman hidup dan bunga,II,Produk Nabati
06,United Kingdom,297225.02,2025,46.31641766827791,Tanaman hidup dan bunga,II,Produk Nabati
06,United States,2577226.54,2025,6.413479130905637,Tanaman hidup dan bunga,II,Produk Nabati
06,Viet Nam,61785.6,2025,82.85146071106729,Tanaman hidup dan bunga,II,Produk Nabati
06,Yemen,1667.5,2025,-84.75428571428571,Tanaman hidup dan bunga,II,Produk Nabati
06,Zambia,743.0,2025,-71.45601229350748,Tanaman hidup dan bunga,II,Produk Nabati
07,Andorra,207.4,2025,,Sayuran,II,Produk Nabati
07,Argentina,1372.5,2025,592.3426150121065,Sayuran,II,Produk Nabati
07,Australia,728899.9,2025,0.7848233770270923,Sayuran,II,Produk Nabati
07,Austria,5.0,2025,,Sayuran,II,Produk Nabati
07,Bahrain,10598.5,2025,-53.93768973512596,Sayuran,II,Produk Nabati
07,Belgium,55146.9,2025,-18.10453389281798,Sayuran,II,Produk Nabati
07,Brunei Darussalam,6686.75,2025,-39.60770181870072,Sayuran,II,Produk Nabati
07,Cambodia,572.8,2025,257.99999999999994,Sayuran,II,Produk Nabati
07,Canada,1976.4,2025,-93.79723511849559,Sayuran,II,Produk Nabati
07,Chile,2381.4,2025,,Sayuran,II,Produk Nabati
07,China,13608407.38,2025,-70.5101281981636,Sayuran,II,Produk Nabati
07,Colombia,312.0,2025,,Sayuran,II,Produk Nabati
07,Dominican Republic,296.0,2025,,Sayuran,II,Produk Nabati
07,East Timor,377148.43,2025,61.92579538676791,Sayuran,II,Produk Nabati
07,Finland,1500.0,2025,,Sayuran,II,Produk Nabati
07,France,33299.5,2025,-13.492962429923056,Sayuran,II,Produk Nabati
07,Germany Fed. Rep. Of,26502.440000000002,2025,201.10763322786065,Sayuran,II,Produk Nabati
07,Greece,230045.54,2025,,Sayuran,II,Produk Nabati
07,Hong Kong,356592.43,2025,-44.42784950068936,Sayuran,II,Produk Nabati
07,Hungary,954.95,2025,-28.915438439779667,Sayuran,II,Produk Nabati
07,India,800284.53,2025,144.5671996743523,Sayuran,II,Produk Nabati
07,Israel,1087.63,2025,,Sayuran,II,Produk Nabati
07,Italy,13.9,2025,-99.96067892503535,Sayuran,II,Produk Nabati
07,Japan,26636767.320000004,2025,2.8727303512366267,Sayuran,II,Produk Nabati
07,Jordan,31631.0,2025,-42.26233936915888,Sayuran,II,Produk Nabati
07,Korea Republic Of,544718.63,2025,4.631558149760883,Sayuran,II,Produk Nabati
07,Kuwait,58397.35,2025,-29.096258018769706,Sayuran,II,Produk Nabati
07,Malaysia,12241917.91,2025,-5.839158097052157,Sayuran,II,Produk Nabati
07,Maldives,40720.0,2025,26.187110197418367,Sayuran,II,Produk Nabati
07,Netherlands,1653463.7,2025,1.9490276596096319,Sayuran,II,Produk Nabati
07,New Zealand,1266.35,2025,-51.1148599090509,Sayuran,II,Produk Nabati
07,Nigeria,330158.65,2025,121.32801373451325,Sayuran,II,Produk Nabati
07,Oman,1610.9499999999998,2025,-54.08920820663064,Sayuran,II,Produk Nabati
07,Papua New Guinea,54691.28,2025,925.0873431197613,Sayuran,II,Produk Nabati
07,Philippines,13729056.190000001,2025,34.932887384832306,Sayuran,II,Produk Nabati
07,Poland,65208.06,2025,4115.129928894635,Sayuran,II,Produk Nabati
07,Puerto Rico,179910.96,2025,152.9434838613892,Sayuran,II,Produk Nabati
07,Qatar,27330.38,2025,-22.458098022609697,Sayuran,II,Produk Nabati
07,Russia Federation,1.31,2025,,Sayuran,II,Produk Nabati
07,Saudi Arabia,1369761.6600000001,2025,-22.410090700033383,Sayuran,II,Produk Nabati
07,Singapore,13753613.54,2025,-6.2004971089139485,Sayuran,II,Produk Nabati
07,South Africa,550.0,2025,,Sayuran,II,Produk Nabati
07,Taiwan,13206762.21,2025,-33.51471420095148,Sayuran,II,Produk Nabati
07,Thailand,3937721.77,2025,-76.52705456721827,Sayuran,II,Produk Nabati
07,United Arab Emirates,495898.45,2025,48.32345813260452,Sayuran,II,Produk Nabati
07,United Kingdom,169015.99,2025,58.11547736720913,Sayuran,II,Produk Nabati
07,United States,4890368.06,2025,150.123500563651,Sayuran,II,Produk Nabati
07,Viet Nam,583031.5700000001,2025,-34.15389513395398,Sayuran,II,Produk Nabati
08,Afghanistan,1149455.8,2025,222.7820405647182,Buah dan kacang-kacangan,II,Produk Nabati
08,Algeria,66000.0,2025,-36.529917488892735,Buah dan kacang-kacangan,II,Produk Nabati
08,American Samoa,20.0,2025,,Buah dan kacang-kacangan,II,Produk Nabati
08,Andorra,73.2,2025,,Buah dan kacang-kacangan,II,Produk Nabati
08,Angola,78000.0,2025,28.373930217248187,Buah dan kacang-kacangan,II,Produk Nabati
08,Argentina,4460934.720000001,2025,58.07898388673195,Buah dan kacang-kacangan,II,Produk Nabati
08,Australia,7786961.390000001,2025,174.49200511721622,Buah dan kacang-kacangan,II,Produk Nabati
08,Austria,5297.7,2025,-93.76741176470588,Buah dan kacang-kacangan,II,Produk Nabati
08,Azerbaijan,667.0,2025,-98.91013071895425,Buah dan kacang-kacangan,II,Produk Nabati
08,Bahrain,385965.06,2025,14.179093814574518,Buah dan kacang-kacangan,II,Produk Nabati
08,Bangladesh,93829648.35,2025,493.1441926653699,Buah dan kacang-kacangan,II,Produk Nabati
08,Belarus,13639.98,2025,-90.97390455366521,Buah dan kacang-kacangan,II,Produk Nabati
08,Belgium,484238.19,2025,216.6056367312033,Buah dan kacang-kacangan,II,Produk Nabati
08,Benin,183846.0,2025,,Buah dan kacang-kacangan,II,Produk Nabati
08,Bhutan,105990.0,2025,-33.19508874546188,Buah dan kacang-kacangan,II,Produk Nabati
08,Bolivia,134100.0,2025,,Buah dan kacang-kacangan,II,Produk Nabati
08,Brazil,10872170.440000001,2025,28.87549688951679,Buah dan kacang-kacangan,II,Produk Nabati
08,Brunei Darussalam,3051.44,2025,-94.08412323101821,Buah dan kacang-kacangan,II,Produk Nabati
08,Bulgaria,77740.0,2025,-40.06399136502063,Buah dan kacang-kacangan,II,Produk Nabati
08,Cambodia,3498772.2,2025,228.6015603701641,Buah dan kacang-kacangan,II,Produk Nabati
08,Canada,2955578.22,2025,195.06478055428505,Buah dan kacang-kacangan,II,Produk Nabati
08,Cape Verde,84500.0,2025,282.3529411764706,Buah dan kacang-kacangan,II,Produk Nabati
08,Chile,1641067.9,2025,189.20631694216996,Buah dan kacang-kacangan,II,Produk Nabati
08,China,318034224.99,2025,25.009949486273086,Buah dan kacang-kacangan,II,Produk Nabati
08,Christmas Islands,1418.25,2025,26.03081790068601,Buah dan kacang-kacangan,II,Produk Nabati
08,Colombia,550989.5,2025,2799.944736842105,Buah dan kacang-kacangan,II,Produk Nabati
08,Costa Rica,917150.0,2025,260.692163995674,Buah dan kacang-kacangan,II,Produk Nabati
08,Croatia,729150.5,2025,297.8600203745224,Buah dan kacang-kacangan,II,Produk Nabati
08,Cyprus,125990.0,2025,143.14822430775897,Buah dan kacang-kacangan,II,Produk Nabati
08,Czech Republic,867187.61,2025,75.74244390423496,Buah dan kacang-kacangan,II,Produk Nabati
08,Democratic Rep. Of The Congo,18000.0,2025,,Buah dan kacang-kacangan,II,Produk Nabati
08,Denmark,1394906.31,2025,983.4385336076467,Buah dan kacang-kacangan,II,Produk Nabati
08,Dominican Republic,882550.94,2025,41.85284092177582,Buah dan kacang-kacangan,II,Produk Nabati
08,East Timor,279566.29000000004,2025,47.406671652171966,Buah dan kacang-kacangan,II,Produk Nabati
08,Ecuador,117346.5,2025,,Buah dan kacang-kacangan,II,Produk Nabati
08,Egypt,17312162.169999998,2025,147.04832665091612,Buah dan kacang-kacangan,II,Produk Nabati
08,Estonia,283980.0,2025,,Buah dan kacang-kacangan,II,Produk Nabati
08,Fiji,37180.0,2025,,Buah dan kacang-kacangan,II,Produk Nabati
08,Finland,89050.0,2025,16959.386973180077,Buah dan kacang-kacangan,II,Produk Nabati
08,France,5341570.57,2025,74.10176223889478,Buah dan kacang-kacangan,II,Produk Nabati
08,Georgia,831277.04,2025,214.58512633138503,Buah dan kacang-kacangan,II,Produk Nabati
08,Germany Fed. Rep. Of,36958383.199999996,2025,88.63143722476389,Buah dan kacang-kacangan,II,Produk Nabati
08,Ghana,3525.0,2025,502.56410256410254,Buah dan kacang-kacangan,II,Produk Nabati
08,Greece,2382974.51,2025,79.18920820961243,Buah dan kacang-kacangan,II,Produk Nabati
08,Guadeloupe,47450.0,2025,,Buah dan kacang-kacangan,II,Produk Nabati
08,Hong Kong,8932767.77,2025,-37.44032290356028,Buah dan kacang-kacangan,II,Produk Nabati
08,Hungary,1045779.91,2025,196.67515177304966,Buah dan kacang-kacangan,II,Produk Nabati
08,India,42422590.06,2025,17.781342296467855,Buah dan kacang-kacangan,II,Produk Nabati
08,Iran (Islamic Republic Of),86763696.71,2025,50.21129263903885,Buah dan kacang-kacangan,II,Produk Nabati
08,Iraq,12666972.66,2025,143.76644413117666,Buah dan kacang-kacangan,II,Produk Nabati
08,Ireland,268800.0,2025,352.71578947368425,Buah dan kacang-kacangan,II,Produk Nabati
08,Israel,388327.5,2025,161.0780556676079,Buah dan kacang-kacangan,II,Produk Nabati
08,Italy,3551888.65,2025,93.5980750820745,Buah dan kacang-kacangan,II,Produk Nabati
08,Japan,4635976.5,2025,24.792795062760693,Buah dan kacang-kacangan,II,Produk Nabati
08,Jordan,3467312.98,2025,209.29441629106373,Buah dan kacang-kacangan,II,Produk Nabati
08,Kazakhstan,334.2,2025,-99.4032142857143,Buah dan kacang-kacangan,II,Produk Nabati
08,Kenya,54600.0,2025,21.44295584147289,Buah dan kacang-kacangan,II,Produk Nabati
08,Korea Republic Of,4757577.890000001,2025,0.10082275953515678,Buah dan kacang-kacangan,II,Produk Nabati
08,Kuwait,316401.33999999997,2025,-31.425234847528117,Buah dan kacang-kacangan,II,Produk Nabati
08,Latvia,1135430.0,2025,125.6418918918919,Buah dan kacang-kacangan,II,Produk Nabati
08,Lebanon,1445874.0,2025,66.46878450376286,Buah dan kacang-kacangan,II,Produk Nabati
08,Libyan Arab Jamahiriya,482785.5,2025,159.52651652596015,Buah dan kacang-kacangan,II,Produk Nabati
08,Lithuania,630771.17,2025,144.86078244126645,Buah dan kacang-kacangan,II,Produk Nabati
08,Malaysia,142183490.16,2025,30.376969204621023,Buah dan kacang-kacangan,II,Produk Nabati
08,Maldives,1012492.99,2025,6.918395672293537,Buah dan kacang-kacangan,II,Produk Nabati
08,Malta,181610.0,2025,926.2771247739602,Buah dan kacang-kacangan,II,Produk Nabati
08,Martinique,189412.0,2025,64.09394519574803,Buah dan kacang-kacangan,II,Produk Nabati
08,Mauritius,447671.88,2025,44.780216004176594,Buah dan kacang-kacangan,II,Produk Nabati
08,Mexico,90150.0,2025,213.02278972576914,Buah dan kacang-kacangan,II,Produk Nabati
08,Moldova Republic Of,89180.0,2025,31.43699336772292,Buah dan kacang-kacangan,II,Produk Nabati
08,Morocco,3734668.98,2025,69.73113958789044,Buah dan kacang-kacangan,II,Produk Nabati
08,Mozambique,81181.25,2025,85.55714285714285,Buah dan kacang-kacangan,II,Produk Nabati
08,Nepal,3115839.96,2025,22.520497186661412,Buah dan kacang-kacangan,II,Produk Nabati
08,Netherlands,16930056.56,2025,11.709634803856177,Buah dan kacang-kacangan,II,Produk Nabati
08,New Zealand,3034687.94,2025,81.29312412253468,Buah dan kacang-kacangan,II,Produk Nabati
08,Nigeria,450930.0,2025,89.04540309395045,Buah dan kacang-kacangan,II,Produk Nabati
08,Norway,274384.24,2025,458.42692032861976,Buah dan kacang-kacangan,II,Produk Nabati
08,Oman,2555931.92,2025,30.563536992181728,Buah dan kacang-kacangan,II,Produk Nabati
08,Pakistan,34964152.0,2025,69.95743637113314,Buah dan kacang-kacangan,II,Produk Nabati
08,Papua New Guinea,667.95,2025,-91.17411549560786,Buah dan kacang-kacangan,II,Produk Nabati
08,Paraguay,664205.63,2025,19.97941653322938,Buah dan kacang-kacangan,II,Produk Nabati
08,Peru,852220.0,2025,42.41360462181961,Buah dan kacang-kacangan,II,Produk Nabati
08,Philippines,5223316.28,2025,48.265473229979186,Buah dan kacang-kacangan,II,Produk Nabati
08,Poland,13201075.87,2025,155.80444128137455,Buah dan kacang-kacangan,II,Produk Nabati
08,Portugal,3260357.13,2025,273.8011146697691,Buah dan kacang-kacangan,II,Produk Nabati
08,Puerto Rico,65.0,2025,,Buah dan kacang-kacangan,II,Produk Nabati
08,Qatar,898187.55,2025,-45.33259082333527,Buah dan kacang-kacangan,II,Produk Nabati
08,Rep. Of Macedonia,65833.31,2025,101.29611300635291,Buah dan kacang-kacangan,II,Produk Nabati
08,Romania,2036951.25,2025,253.54775525648012,Buah dan kacang-kacangan,II,Produk Nabati
08,Russia Federation,22780100.93,2025,12.739608553481565,Buah dan kacang-kacangan,II,Produk Nabati
08,Saudi Arabia,8480529.18,2025,86.61399213937611,Buah dan kacang-kacangan,II,Produk Nabati
08,Senegal,183.0,2025,,Buah dan kacang-kacangan,II,Produk Nabati
08,Singapore,41948491.400000006,2025,32.024117810799076,Buah dan kacang-kacangan,II,Produk Nabati
08,Slovakia,226128.75,2025,820.3449328449329,Buah dan kacang-kacangan,II,Produk Nabati
08,Slovenia,606008.86,2025,6.694093807667442,Buah dan kacang-kacangan,II,Produk Nabati
08,Solomon Islands,159.8,2025,-50.0,Buah dan kacang-kacangan,II,Produk Nabati
08,South Africa,2978896.99,2025,149.86911321060992,Buah dan kacang-kacangan,II,Produk Nabati
08,Spain,6966154.91,2025,318.36631921654066,Buah dan kacang-kacangan,II,Produk Nabati
08,Sri Lanka,511265.55,2025,118.68599485520754,Buah dan kacang-kacangan,II,Produk Nabati
08,Sudan,39390.0,2025,-23.882145831682724,Buah dan kacang-kacangan,II,Produk Nabati
08,Sweden,211414.35,2025,450.55820312500003,Buah dan kacang-kacangan,II,Produk Nabati
08,Switzerland,89913.76999999999,2025,17.14360088056608,Buah dan kacang-kacangan,II,Produk Nabati
08,Syria Arab Republic,1508098.08,2025,48.11558549975938,Buah dan kacang-kacangan,II,Produk Nabati
08,Taiwan,1770111.38,2025,24.39045082973925,Buah dan kacang-kacangan,II,Produk Nabati
08,Tanzania United Rep. Of,10958.0,2025,,Buah dan kacang-kacangan,II,Produk Nabati
08,Thailand,205734468.20000002,2025,45.351189842246015,Buah dan kacang-kacangan,II,Produk Nabati
08,Togo,36.6,2025,-85.61320754716981,Buah dan kacang-kacangan,II,Produk Nabati
08,Turkey,14818626.67,2025,162.09727168791457,Buah dan kacang-kacangan,II,Produk Nabati
08,Uganda,24750.0,2025,9800.0,Buah dan kacang-kacangan,II,Produk Nabati
08,Ukraine,2475104.9,2025,30.817034349400707,Buah dan kacang-kacangan,II,Produk Nabati
08,United Arab Emirates,24107890.770000003,2025,42.95884031604866,Buah dan kacang-kacangan,II,Produk Nabati
08,United Kingdom,14215378.34,2025,98.44764160734076,Buah dan kacang-kacangan,II,Produk Nabati
08,United States,10207851.8,2025,23.19377419444756,Buah dan kacang-kacangan,II,Produk Nabati
08,Uruguay,4261318.92,2025,28.315250196613885,Buah dan kacang-kacangan,II,Produk Nabati
08,Uzbekistan,30695.0,2025,-72.1713508612874,Buah dan kacang-kacangan,II,Produk Nabati
08,Viet Nam,150312091.60000002,2025,46.72346665115569,Buah dan kacang-kacangan,II,Produk Nabati
08,Yemen,42926.0,2025,-57.608221196481935,Buah dan kacang-kacangan,II,Produk Nabati
09,Afghanistan,233916.03,2025,16.679646533283222,"Kopi, teh, rempah-rempah",II,Produk Nabati
09,Albania,578285.3,2025,437.35851700518583,"Kopi, teh, rempah-rempah",II,Produk Nabati
09,Algeria,172296167.32999998,2025,388.3292414206873,"Kopi, teh, rempah-rempah",II,Produk Nabati
09,American Samoa,11220.0,2025,,"Kopi, teh, rempah-rempah",II,Produk Nabati
09,Angola,97466.0,2025,4678.658665136963,"Kopi, teh, rempah-rempah",II,Produk Nabati
09,Argentina,2209562.01,2025,31.32719569030652,"Kopi, teh, rempah-rempah",II,Produk Nabati
09,Armenia,20341514.46,2025,190.13274200714463,"Kopi, teh, rempah-rempah",II,Produk Nabati
09,Australia,19407641.939999998,2025,-32.35986495376979,"Kopi, teh, rempah-rempah",II,Produk Nabati
09,Austria,276.9,2025,-98.66172017047239,"Kopi, teh, rempah-rempah",II,Produk Nabati
09,Bahrain,152544.2,2025,-46.350535331581945,"Kopi, teh, rempah-rempah",II,Produk Nabati
09,Bangladesh,15191580.42,2025,-32.113887675571355,"Kopi, teh, rempah-rempah",II,Produk Nabati
09,Belgium,299752928.75,2025,153.56904826652988,"Kopi, teh, rempah-rempah",II,Produk Nabati
09,Benin,645361.0,2025,713.3093887838689,"Kopi, teh, rempah-rempah",II,Produk Nabati
09,Brazil,3079278.5300000003,2025,12.135123091760956,"Kopi, teh, rempah-rempah",II,Produk Nabati
09,Brunei Darussalam,378079.0,2025,23.130472889290164,"Kopi, teh, rempah-rempah",II,Produk Nabati
09,Bulgaria,1876470.3,2025,-11.012130331709725,"Kopi, teh, rempah-rempah",II,Produk Nabati
09,Cambodia,302506.27999999997,2025,22.9484865477436,"Kopi, teh, rempah-rempah",II,Produk Nabati
09,Cameroon,9000.0,2025,,"Kopi, teh, rempah-rempah",II,Produk Nabati
09,Canada,39783057.24,2025,16.238645422066153,"Kopi, teh, rempah-rempah",II,Produk Nabati
09,Cape Verde,73670.4,2025,-17.50161255643948,"Kopi, teh, rempah-rempah",II,Produk Nabati
09,Chile,1400473.75,2025,-18.066553098130775,"Kopi, teh, rempah-rempah",II,Produk Nabati
09,China,264315537.53,2025,19.717135675480097,"Kopi, teh, rempah-rempah",II,Produk Nabati
09,Colombia,440900.92,2025,-67.42136167473389,"Kopi, teh, rempah-rempah",II,Produk Nabati
09,Costa Rica,83850.0,2025,3.7747524752475248,"Kopi, teh, rempah-rempah",II,Produk Nabati
09,Croatia,49272.0,2025,-63.49749041542422,"Kopi, teh, rempah-rempah",II,Produk Nabati
09,Cyprus,84566.37,2025,-18.04008638870109,"Kopi, teh, rempah-rempah",II,Produk Nabati
09,Czech Republic,428891.98,2025,79.58258181355922,"Kopi, teh, rempah-rempah",II,Produk Nabati
09,Democratic Rep. Of The Congo,189926.21,2025,-36.095131023409806,"Kopi, teh, rempah-rempah",II,Produk Nabati
09,Denmark,1588139.25,2025,8.622217277654451,"Kopi, teh, rempah-rempah",II,Produk Nabati
09,Djibouti,1607007.17,2025,64.58011723336628,"Kopi, teh, rempah-rempah",II,Produk Nabati
09,Dominican Republic,3091899.93,2025,7.918253800451053,"Kopi, teh, rempah-rempah",II,Produk Nabati
09,East Timor,4831572.5200000005,2025,48.63865402977019,"Kopi, teh, rempah-rempah",II,Produk Nabati
09,Ecuador,5445193.550000001,2025,491.9375031443864,"Kopi, teh, rempah-rempah",II,Produk Nabati
09,Egypt,195389251.6,2025,31.748217728802192,"Kopi, teh, rempah-rempah",II,Produk Nabati
09,Estonia,984497.5,2025,-9.934885272487596,"Kopi, teh, rempah-rempah",II,Produk Nabati
09,Ethiopia,390692.0,2025,-6.72892823208667,"Kopi, teh, rempah-rempah",II,Produk Nabati
09,Fiji,44000.0,2025,-11.329598562894622,"Kopi, teh, rempah-rempah",II,Produk Nabati
09,Finland,287710.0,2025,-28.293177745488258,"Kopi, teh, rempah-rempah",II,Produk Nabati
09,France,45912134.370000005,2025,37.093302376837386,"Kopi, teh, rempah-rempah",II,Produk Nabati
09,Georgia,52664125.09,2025,34.877260348083524,"Kopi, teh, rempah-rempah",II,Produk Nabati
09,Germany Fed. Rep. Of,262691423.70999998,2025,120.92348048286605,"Kopi, teh, rempah-rempah",II,Produk Nabati
09,Ghana,4964.65,2025,-91.21515608308836,"Kopi, teh, rempah-rempah",II,Produk Nabati
09,Greece,3226961.77,2025,-59.04405818403286,"Kopi, teh, rempah-rempah",II,Produk Nabati
09,Guadeloupe,9200.0,2025,-79.69982215278974,"Kopi, teh, rempah-rempah",II,Produk Nabati
09,Guinea,85260.0,2025,,"Kopi, teh, rempah-rempah",II,Produk Nabati
09,Haiti,1929345.53,2025,-21.81230329934324,"Kopi, teh, rempah-rempah",II,Produk Nabati
09,Hong Kong,11575612.649999999,2025,88.78480053409487,"Kopi, teh, rempah-rempah",II,Produk Nabati
09,Hungary,31012.25,2025,-77.79837894823352,"Kopi, teh, rempah-rempah",II,Produk Nabati
09,India,242719359.95,2025,19.564925651503902,"Kopi, teh, rempah-rempah",II,Produk Nabati
09,Iran (Islamic Republic Of),19154783.669999998,2025,79.41140962281672,"Kopi, teh, rempah-rempah",II,Produk Nabati
09,Iraq,2473746.66,2025,1.6069152780290807,"Kopi, teh, rempah-rempah",II,Produk Nabati
09,Ireland,991054.55,2025,1.1359617031134128,"Kopi, teh, rempah-rempah",II,Produk Nabati
09,Israel,4111321.71,2025,110.21881222278829,"Kopi, teh, rempah-rempah",II,Produk Nabati
09,Italy,62425402.79,2025,74.98209461194541,"Kopi, teh, rempah-rempah",II,Produk Nabati
09,Jamaica,62698.8,2025,-79.24856524415672,"Kopi, teh, rempah-rempah",II,Produk Nabati
09,Japan,90656954.7,2025,-21.363782854079304,"Kopi, teh, rempah-rempah",II,Produk Nabati
09,Jordan,2881140.24,2025,259.46644550928613,"Kopi, teh, rempah-rempah",II,Produk Nabati
09,Kazakhstan,236358.78,2025,-37.95543247145295,"Kopi, teh, rempah-rempah",II,Produk Nabati
09,Korea Republic Of,28452876.85,2025,67.31490461734283,"Kopi, teh, rempah-rempah",II,Produk Nabati
09,Kuwait,1261096.46,2025,2.5360152361580015,"Kopi, teh, rempah-rempah",II,Produk Nabati
09,Latvia,827472.79,2025,-18.54546875986069,"Kopi, teh, rempah-rempah",II,Produk Nabati
09,Lebanon,3585557.4299999997,2025,430.3674750946868,"Kopi, teh, rempah-rempah",II,Produk Nabati
09,Libyan Arab Jamahiriya,1454204.8599999999,2025,8.64280509973987,"Kopi, teh, rempah-rempah",II,Produk Nabati
09,Lithuania,4800.0,2025,-89.65728999450545,"Kopi, teh, rempah-rempah",II,Produk Nabati
09,Luxembourg,1180.0,2025,-98.18740399385561,"Kopi, teh, rempah-rempah",II,Produk Nabati
09,Macau,2872114.0600000005,2025,267.8300400703665,"Kopi, teh, rempah-rempah",II,Produk Nabati
09,Malaysia,145890656.84,2025,-6.826388141199229,"Kopi, teh, rempah-rempah",II,Produk Nabati
09,Maldives,30671.81,2025,1.1428433872246342,"Kopi, teh, rempah-rempah",II,Produk Nabati
09,Mauritania,32719.0,2025,-64.3129042461525,"Kopi, teh, rempah-rempah",II,Produk Nabati
09,Mauritius,91375.2,2025,-29.065344512274176,"Kopi, teh, rempah-rempah",II,Produk Nabati
09,Mexico,5518635.49,2025,-15.643503508546425,"Kopi, teh, rempah-rempah",II,Produk Nabati
09,Micronesia Fed. States Of,196.0,2025,,"Kopi, teh, rempah-rempah",II,Produk Nabati
09,Morocco,45536340.3,2025,23.573459502875423,"Kopi, teh, rempah-rempah",II,Produk Nabati
09,Mozambique,745.7,2025,,"Kopi, teh, rempah-rempah",II,Produk Nabati
09,Myanmar,865170.0,2025,32.88616581242003,"Kopi, teh, rempah-rempah",II,Produk Nabati
09,Nepal,4197607.3100000005,2025,-7.961088429626714,"Kopi, teh, rempah-rempah",II,Produk Nabati
09,Netherlands,104976365.97999999,2025,81.14934423358416,"Kopi, teh, rempah-rempah",II,Produk Nabati
09,New Caledonia,776.31,2025,45.395463824845926,"Kopi, teh, rempah-rempah",II,Produk Nabati
09,New Zealand,2800459.88,2025,19.896614714147688,"Kopi, teh, rempah-rempah",II,Produk Nabati
09,Nigeria,8834057.58,2025,80.77937372277563,"Kopi, teh, rempah-rempah",II,Produk Nabati
09,Norway,1057051.0,2025,44.19353554684787,"Kopi, teh, rempah-rempah",II,Produk Nabati
09,Oman,965440.01,2025,4700.92458972046,"Kopi, teh, rempah-rempah",II,Produk Nabati
09,Pakistan,21283885.57,2025,12.59494211934469,"Kopi, teh, rempah-rempah",II,Produk Nabati
09,Panama,103944.25,2025,22.98613120074588,"Kopi, teh, rempah-rempah",II,Produk Nabati
09,Papua New Guinea,41463.73,2025,-3.721303588229879,"Kopi, teh, rempah-rempah",II,Produk Nabati
09,Paraguay,44350.0,2025,-49.12625635778409,"Kopi, teh, rempah-rempah",II,Produk Nabati
09,Peru,4117823.18,2025,-47.69969023309787,"Kopi, teh, rempah-rempah",II,Produk Nabati
09,Philippines,34847644.480000004,2025,-29.34677652057951,"Kopi, teh, rempah-rempah",II,Produk Nabati
09,Poland,7689274.04,2025,25.54682461401899,"Kopi, teh, rempah-rempah",II,Produk Nabati
09,Portugal,10289785.38,2025,112.85805299427518,"Kopi, teh, rempah-rempah",II,Produk Nabati
09,Qatar,429578.08,2025,-21.73369156450563,"Kopi, teh, rempah-rempah",II,Produk Nabati
09,Romania,1865990.45,2025,-15.384084308718899,"Kopi, teh, rempah-rempah",II,Produk Nabati
09,Russia Federation,111406866.93,2025,-3.921274726923882,"Kopi, teh, rempah-rempah",II,Produk Nabati
09,Samoa,3313.5,2025,-91.43029168819761,"Kopi, teh, rempah-rempah",II,Produk Nabati
09,Saudi Arabia,23529446.66,2025,-24.32400770697542,"Kopi, teh, rempah-rempah",II,Produk Nabati
09,Senegal,2598607.66,2025,133.76528958212845,"Kopi, teh, rempah-rempah",II,Produk Nabati
09,Serbia,65262.4,2025,89.39145070953887,"Kopi, teh, rempah-rempah",II,Produk Nabati
09,Seychelles,217.6,2025,,"Kopi, teh, rempah-rempah",II,Produk Nabati
09,Singapore,43459364.03,2025,-14.201969063261249,"Kopi, teh, rempah-rempah",II,Produk Nabati
09,Slovakia,44456.0,2025,571.5651322706562,"Kopi, teh, rempah-rempah",II,Produk Nabati
09,Slovenia,840221.2,2025,-27.06023169294469,"Kopi, teh, rempah-rempah",II,Produk Nabati
09,Solomon Islands,400.65,2025,,"Kopi, teh, rempah-rempah",II,Produk Nabati
09,South Africa,2689870.38,2025,41.15734554726821,"Kopi, teh, rempah-rempah",II,Produk Nabati
09,Spain,35073487.5,2025,-13.821675886154766,"Kopi, teh, rempah-rempah",II,Produk Nabati
09,Sri Lanka,10375.65,2025,-52.44188189091149,"Kopi, teh, rempah-rempah",II,Produk Nabati
09,Sudan,658875.98,2025,113.27816837580278,"Kopi, teh, rempah-rempah",II,Produk Nabati
09,Suriname,45963.07,2025,29.821027850625413,"Kopi, teh, rempah-rempah",II,Produk Nabati
09,Sweden,1900831.23,2025,-45.239736813154906,"Kopi, teh, rempah-rempah",II,Produk Nabati
09,Switzerland,26406.03,2025,-31.653630330575943,"Kopi, teh, rempah-rempah",II,Produk Nabati
09,Syria Arab Republic,3163474.01,2025,322.9102208033272,"Kopi, teh, rempah-rempah",II,Produk Nabati
09,Taiwan,38421012.33,2025,15.612045824651123,"Kopi, teh, rempah-rempah",II,Produk Nabati
09,Tanzania United Rep. Of,50.0,2025,-99.78494623655914,"Kopi, teh, rempah-rempah",II,Produk Nabati
09,Thailand,55871879.43,2025,-3.067037818399259,"Kopi, teh, rempah-rempah",II,Produk Nabati
09,Togo,1020300.0,2025,153.51713719195544,"Kopi, teh, rempah-rempah",II,Produk Nabati
09,Tonga,189.9,2025,,"Kopi, teh, rempah-rempah",II,Produk Nabati
09,Tunisia,10647209.370000001,2025,45.95171422243045,"Kopi, teh, rempah-rempah",II,Produk Nabati
09,Turkey,11813862.759999998,2025,80.62100752549944,"Kopi, teh, rempah-rempah",II,Produk Nabati
09,Ukraine,413510.5,2025,236.83093715635565,"Kopi, teh, rempah-rempah",II,Produk Nabati
09,United Arab Emirates,52359784.86,2025,1.765199801274303,"Kopi, teh, rempah-rempah",II,Produk Nabati
09,United Kingdom,72493715.4,2025,138.09683538257778,"Kopi, teh, rempah-rempah",II,Produk Nabati
09,United States,459530175.24,2025,0.8231956229669055,"Kopi, teh, rempah-rempah",II,Produk Nabati
09,Uruguay,68748.12,2025,-43.91228506293948,"Kopi, teh, rempah-rempah",II,Produk Nabati
09,Uzbekistan,1300.0,2025,,"Kopi, teh, rempah-rempah",II,Produk Nabati
09,Vanuatu,18117.8,2025,219.96340813003536,"Kopi, teh, rempah-rempah",II,Produk Nabati
09,Viet Nam,191704667.58,2025,-5.055528695841876,"Kopi, teh, rempah-rempah",II,Produk Nabati
09,Yemen,116323.0,2025,-70.6680955683036,"Kopi, teh, rempah-rempah",II,Produk Nabati
10,Australia,25627.84,2025,103.97835084368037,Serealia,II,Produk Nabati
10,Brunei Darussalam,355985.4,2025,-25.545537254901955,Serealia,II,Produk Nabati
10,Cambodia,3694.36,2025,-98.48436512820513,Serealia,II,Produk Nabati
10,East Timor,18085.59,2025,-32.32426117604884,Serealia,II,Produk Nabati
10,Hong Kong,1083.18,2025,196.01552251858328,Serealia,II,Produk Nabati
10,India,299.4,2025,-0.3627408566008958,Serealia,II,Produk Nabati
10,Korea Republic Of,4168.5,2025,,Serealia,II,Produk Nabati
10,Malaysia,241463.32,2025,4.109594947412582,Serealia,II,Produk Nabati
10,Mexico,687300.0,2025,,Serealia,II,Produk Nabati
10,Netherlands,46784.12,2025,2226.9661580088737,Serealia,II,Produk Nabati
10,New Zealand,648.0,2025,-80.0,Serealia,II,Produk Nabati
10,Papua New Guinea,5766.12,2025,216.67710152568625,Serealia,II,Produk Nabati
10,Philippines,1676288.21,2025,-88.93220823430708,Serealia,II,Produk Nabati
10,Qatar,5543.67,2025,,Serealia,II,Produk Nabati
10,Samoa,550.0,2025,,Serealia,II,Produk Nabati
10,Saudi Arabia,55360.200000000004,2025,146.8180383386924,Serealia,II,Produk Nabati
10,Singapore,724793.12,2025,29.211460502161362,Serealia,II,Produk Nabati
10,Taiwan,104940.47,2025,800.7734737391459,Serealia,II,Produk Nabati
10,Thailand,1151823.16,2025,1449.2926366364425,Serealia,II,Produk Nabati
10,Tonga,796.0,2025,,Serealia,II,Produk Nabati
10,United Arab Emirates,11347.86,2025,,Serealia,II,Produk Nabati
10,United States,172.64,2025,-99.55869120654397,Serealia,II,Produk Nabati
10,Vanuatu,36737.25,2025,-0.2730345408510809,Serealia,II,Produk Nabati
10,Viet Nam,413912.09,2025,-3.455472394039812,Serealia,II,Produk Nabati
11,Argentina,32844.0,2025,-8.686513717596561,Produk penggilingan,II,Produk Nabati
11,Australia,396051.32,2025,181.35103171409804,Produk penggilingan,II,Produk Nabati
11,Bahrain,95.77,2025,-92.6751665430182,Produk penggilingan,II,Produk Nabati
11,Bangladesh,52000.0,2025,,Produk penggilingan,II,Produk Nabati
11,Brazil,450909.95,2025,12.224231959805252,Produk penggilingan,II,Produk Nabati
11,Brunei Darussalam,258147.86000000002,2025,50.08138414379795,Produk penggilingan,II,Produk Nabati
11,Cambodia,9325.74,2025,-12.785272401651577,Produk penggilingan,II,Produk Nabati
11,China,5874738.18,2025,80.34498515573364,Produk penggilingan,II,Produk Nabati
11,Colombia,23016.5,2025,,Produk penggilingan,II,Produk Nabati
11,East Timor,9649044.0,2025,5.6140904215054706,Produk penggilingan,II,Produk Nabati
11,Ecuador,11400.0,2025,,Produk penggilingan,II,Produk Nabati
11,Germany Fed. Rep. Of,4954.0,2025,-5.437081491322509,Produk penggilingan,II,Produk Nabati
11,Hong Kong,518893.01,2025,-45.62483502013187,Produk penggilingan,II,Produk Nabati
11,Hungary,2175.0,2025,,Produk penggilingan,II,Produk Nabati
11,India,225587.75,2025,611.5996088513162,Produk penggilingan,II,Produk Nabati
11,Italy,68.6,2025,-99.79296822303661,Produk penggilingan,II,Produk Nabati
11,Japan,1825069.0699999998,2025,25.926540700180812,Produk penggilingan,II,Produk Nabati
11,Kazakhstan,4.34,2025,,Produk penggilingan,II,Produk Nabati
11,Kiribati,9779.38,2025,,Produk penggilingan,II,Produk Nabati
11,Korea Republic Of,717509.76,2025,-16.538105885123443,Produk penggilingan,II,Produk Nabati
11,Kuwait,3490.2200000000003,2025,399.3161659513591,Produk penggilingan,II,Produk Nabati
11,Lebanon,13232.5,2025,,Produk penggilingan,II,Produk Nabati
11,Macau,989.66,2025,,Produk penggilingan,II,Produk Nabati
11,Malaysia,11326613.02,2025,7.271060837689474,Produk penggilingan,II,Produk Nabati
11,Maldives,4928.45,2025,-40.294285468534405,Produk penggilingan,II,Produk Nabati
11,Mauritius,342.0,2025,,Produk penggilingan,II,Produk Nabati
11,Mexico,74775.25,2025,306.24967741900434,Produk penggilingan,II,Produk Nabati
11,Myanmar,1069635.84,2025,501.92622317737863,Produk penggilingan,II,Produk Nabati
11,Netherlands,100663.27,2025,126.15125356424907,Produk penggilingan,II,Produk Nabati
11,New Zealand,46466.64000000001,2025,27.5689696447907,Produk penggilingan,II,Produk Nabati
11,Nigeria,739.51,2025,,Produk penggilingan,II,Produk Nabati
11,Papua New Guinea,6757491.3100000005,2025,13.96748617700793,Produk penggilingan,II,Produk Nabati
11,Peru,5625.0,2025,,Produk penggilingan,II,Produk Nabati
11,Philippines,28807899.1,2025,-25.72629248406364,Produk penggilingan,II,Produk Nabati
11,Qatar,19764.85,2025,6017.065395685679,Produk penggilingan,II,Produk Nabati
11,Russia Federation,51416.06,2025,8361.45972187937,Produk penggilingan,II,Produk Nabati
11,Samoa,40416.880000000005,2025,-22.989811272364825,Produk penggilingan,II,Produk Nabati
11,Saudi Arabia,51727.869999999995,2025,57.23746144514258,Produk penggilingan,II,Produk Nabati
11,Seychelles,6.23,2025,,Produk penggilingan,II,Produk Nabati
11,Singapore,11172108.28,2025,1.6668926303386493,Produk penggilingan,II,Produk Nabati
11,Solomon Islands,647030.97,2025,4.694322098363413,Produk penggilingan,II,Produk Nabati
11,South Africa,1471.6,2025,,Produk penggilingan,II,Produk Nabati
11,Sri Lanka,292589.56,2025,12.741126656190016,Produk penggilingan,II,Produk Nabati
11,Suriname,26956.0,2025,308.42424242424244,Produk penggilingan,II,Produk Nabati
11,Sweden,2526.36,2025,635.5830543019364,Produk penggilingan,II,Produk Nabati
11,Switzerland,1216.85,2025,201.72328291594343,Produk penggilingan,II,Produk Nabati
11,Taiwan,10291547.419999998,2025,71.80920278536664,Produk penggilingan,II,Produk Nabati
11,Thailand,1348644.68,2025,11.873782549175601,Produk penggilingan,II,Produk Nabati
11,Togo,66.17,2025,48.36322869955157,Produk penggilingan,II,Produk Nabati
11,Tonga,37777.130000000005,2025,1098.0113023733716,Produk penggilingan,II,Produk Nabati
11,Trinidad And Tobago,66524.85,2025,-5.02423975319523,Produk penggilingan,II,Produk Nabati
11,United Arab Emirates,111311.36,2025,14.178320539588801,Produk penggilingan,II,Produk Nabati
11,United Kingdom,20622.0,2025,-55.328827657915255,Produk penggilingan,II,Produk Nabati
11,United States,2124383.85,2025,96.70123029110496,Produk penggilingan,II,Produk Nabati
11,Viet Nam,1516943.87,2025,156.95422195388682,Produk penggilingan,II,Produk Nabati
11,Yemen,1458.0,2025,,Produk penggilingan,II,Produk Nabati
12,Argentina,1543250.0,2025,781.8521037022646,Biji dan buah mengandung minyak,II,Produk Nabati
12,Australia,614289.62,2025,15.337005479304425,Biji dan buah mengandung minyak,II,Produk Nabati
12,Austria,53090.0,2025,59.04180681558099,Biji dan buah mengandung minyak,II,Produk Nabati
12,Bahrain,47454.8,2025,-53.880811693360286,Biji dan buah mengandung minyak,II,Produk Nabati
12,Bangladesh,39745872.63999999,2025,125.40693725912315,Biji dan buah mengandung minyak,II,Produk Nabati
12,Benin,296750.0,2025,312.15277777777777,Biji dan buah mengandung minyak,II,Produk Nabati
12,Brazil,1735.88,2025,-8.514148084514314,Biji dan buah mengandung minyak,II,Produk Nabati
12,Brunei Darussalam,23337.019999999997,2025,97.55923089360827,Biji dan buah mengandung minyak,II,Produk Nabati
12,Cambodia,39445.88,2025,-40.99531922099104,Biji dan buah mengandung minyak,II,Produk Nabati
12,Cameroon,330524.75,2025,232.18901697504498,Biji dan buah mengandung minyak,II,Produk Nabati
12,Canada,577857.58,2025,795.695895508218,Biji dan buah mengandung minyak,II,Produk Nabati
12,Chad,10800.0,2025,35.0,Biji dan buah mengandung minyak,II,Produk Nabati
12,Chile,319225.0,2025,-81.62319401431867,Biji dan buah mengandung minyak,II,Produk Nabati
12,China,355391231.12,2025,23.394789378353916,Biji dan buah mengandung minyak,II,Produk Nabati
12,Czech Republic,3598106.21,2025,164.8722021251811,Biji dan buah mengandung minyak,II,Produk Nabati
12,Denmark,72958.61,2025,457607.7164366374,Biji dan buah mengandung minyak,II,Produk Nabati
12,East Timor,1156641.06,2025,-8.360286767451933,Biji dan buah mengandung minyak,II,Produk Nabati
12,Egypt,20346.2,2025,2.878038692400936,Biji dan buah mengandung minyak,II,Produk Nabati
12,France,2549457.27,2025,83.60509779834173,Biji dan buah mengandung minyak,II,Produk Nabati
12,Germany Fed. Rep. Of,575471.33,2025,-14.628685858322784,Biji dan buah mengandung minyak,II,Produk Nabati
12,Ghana,11135.0,2025,,Biji dan buah mengandung minyak,II,Produk Nabati
12,Greece,2016.5,2025,-70.3110967153016,Biji dan buah mengandung minyak,II,Produk Nabati
12,Hong Kong,986365.6,2025,-26.079170829979393,Biji dan buah mengandung minyak,II,Produk Nabati
12,Hungary,9800.0,2025,-45.880273912083055,Biji dan buah mengandung minyak,II,Produk Nabati
12,India,28672255.349999998,2025,17.174296621011273,Biji dan buah mengandung minyak,II,Produk Nabati
12,Iran (Islamic Republic Of),30250.0,2025,,Biji dan buah mengandung minyak,II,Produk Nabati
12,Iraq,47036.0,2025,,Biji dan buah mengandung minyak,II,Produk Nabati
12,Israel,1100.0,2025,-25.423728813559322,Biji dan buah mengandung minyak,II,Produk Nabati
12,Italy,656280.02,2025,419.8670183566253,Biji dan buah mengandung minyak,II,Produk Nabati
12,Japan,3574130.9200000004,2025,-27.943878716305235,Biji dan buah mengandung minyak,II,Produk Nabati
12,Jordan,68180.56,2025,8522469.999999998,Biji dan buah mengandung minyak,II,Produk Nabati
12,Kazakhstan,100.0,2025,-91.30434782608695,Biji dan buah mengandung minyak,II,Produk Nabati
12,Korea Republic Of,7852420.15,2025,2.3440765946817668,Biji dan buah mengandung minyak,II,Produk Nabati
12,Kuwait,158963.0,2025,-10.143944468468163,Biji dan buah mengandung minyak,II,Produk Nabati
12,Lebanon,1377.0,2025,,Biji dan buah mengandung minyak,II,Produk Nabati
12,Libyan Arab Jamahiriya,21966.0,2025,-80.17727289955438,Biji dan buah mengandung minyak,II,Produk Nabati
12,Malaysia,10250661.52,2025,11.709473782487857,Biji dan buah mengandung minyak,II,Produk Nabati
12,Maldives,145.0,2025,-97.31680236861584,Biji dan buah mengandung minyak,II,Produk Nabati
12,Mexico,81000.0,2025,158.5959199310411,Biji dan buah mengandung minyak,II,Produk Nabati
12,Morocco,38006.9,2025,-30.780760544911484,Biji dan buah mengandung minyak,II,Produk Nabati
12,Myanmar,169351.31,2025,,Biji dan buah mengandung minyak,II,Produk Nabati
12,Nepal,11920.0,2025,,Biji dan buah mengandung minyak,II,Produk Nabati
12,Netherlands,2718781.26,2025,-14.822548342453167,Biji dan buah mengandung minyak,II,Produk Nabati
12,New Zealand,5.0,2025,,Biji dan buah mengandung minyak,II,Produk Nabati
12,Nigeria,624774.2,2025,-43.99926141942817,Biji dan buah mengandung minyak,II,Produk Nabati
12,Oman,49158.26,2025,359.65066808793136,Biji dan buah mengandung minyak,II,Produk Nabati
12,Pakistan,1383094.2,2025,10.546893224033688,Biji dan buah mengandung minyak,II,Produk Nabati
12,Papua New Guinea,11144.38,2025,68.59674920727132,Biji dan buah mengandung minyak,II,Produk Nabati
12,Peru,936288.64,2025,84.67836225012495,Biji dan buah mengandung minyak,II,Produk Nabati
12,Philippines,1899559.3,2025,-57.781609968257285,Biji dan buah mengandung minyak,II,Produk Nabati
12,Qatar,36126.04,2025,-79.90455145329716,Biji dan buah mengandung minyak,II,Produk Nabati
12,Reunion,296.46,2025,,Biji dan buah mengandung minyak,II,Produk Nabati
12,Russia Federation,6243.69,2025,19.840269020596875,Biji dan buah mengandung minyak,II,Produk Nabati
12,Saudi Arabia,13558882.0,2025,41.034719570791545,Biji dan buah mengandung minyak,II,Produk Nabati
12,Singapore,1754680.93,2025,6.86041646551838,Biji dan buah mengandung minyak,II,Produk Nabati
12,South Africa,11150.0,2025,904.5045045045046,Biji dan buah mengandung minyak,II,Produk Nabati
12,Spain,1135738.8900000001,2025,-16.203982698577917,Biji dan buah mengandung minyak,II,Produk Nabati
12,Sri Lanka,50.0,2025,-99.84133330794667,Biji dan buah mengandung minyak,II,Produk Nabati
12,Sudan,63398.75,2025,181.7722222222222,Biji dan buah mengandung minyak,II,Produk Nabati
12,Suriname,6000.0,2025,198.50746268656715,Biji dan buah mengandung minyak,II,Produk Nabati
12,Switzerland,5897.75,2025,,Biji dan buah mengandung minyak,II,Produk Nabati
12,Taiwan,2627213.94,2025,33.70662519937562,Biji dan buah mengandung minyak,II,Produk Nabati
12,Thailand,4005056.38,2025,156.44158457871535,Biji dan buah mengandung minyak,II,Produk Nabati
12,Trinidad And Tobago,1583.0,2025,,Biji dan buah mengandung minyak,II,Produk Nabati
12,Turkey,40000.0,2025,,Biji dan buah mengandung minyak,II,Produk Nabati
12,United Arab Emirates,1829027.74,2025,-5.918044357873668,Biji dan buah mengandung minyak,II,Produk Nabati
12,United Kingdom,157790.21000000002,2025,-76.70403985870138,Biji dan buah mengandung minyak,II,Produk Nabati
12,United States,30176786.11,2025,122.94824880618742,Biji dan buah mengandung minyak,II,Produk Nabati
12,Venezuela,27000.0,2025,,Biji dan buah mengandung minyak,II,Produk Nabati
12,Viet Nam,4971254.819999999,2025,-30.054267536499168,Biji dan buah mengandung minyak,II,Produk Nabati
13,Algeria,67477.5,2025,47.39386287581585,Getah dan damar,II,Produk Nabati
13,Argentina,116405.0,2025,-79.95934124707938,Getah dan damar,II,Produk Nabati
13,Australia,2678450.8000000003,2025,-26.494947073523612,Getah dan damar,II,Produk Nabati
13,Austria,230415.5,2025,91.96057541643646,Getah dan damar,II,Produk Nabati
13,Bangladesh,2417065.67,2025,13.481483759430951,Getah dan damar,II,Produk Nabati
13,Belgium,698350.19,2025,-12.889346998091131,Getah dan damar,II,Produk Nabati
13,Brazil,302881.2,2025,-68.08283121616144,Getah dan damar,II,Produk Nabati
13,Brunei Darussalam,8608.25,2025,-7.87009289781241,Getah dan damar,II,Produk Nabati
13,Cambodia,4371.86,2025,,Getah dan damar,II,Produk Nabati
13,Cameroon,6720.0,2025,,Getah dan damar,II,Produk Nabati
13,Canada,1130594.14,2025,-61.26729981929968,Getah dan damar,II,Produk Nabati
13,Chile,4133803.74,2025,20.976310426160836,Getah dan damar,II,Produk Nabati
13,China,61110107.71,2025,-12.799912514222797,Getah dan damar,II,Produk Nabati
13,Congo,32.6,2025,,Getah dan damar,II,Produk Nabati
13,Czech Republic,44180.0,2025,514.5961721982177,Getah dan damar,II,Produk Nabati
13,Denmark,2.6,2025,-99.99964675688858,Getah dan damar,II,Produk Nabati
13,Djibouti,454886.87,2025,64.92283679817851,Getah dan damar,II,Produk Nabati
13,East Timor,90908.31,2025,140.80580720714374,Getah dan damar,II,Produk Nabati
13,Egypt,1111981.57,2025,64.56332457285491,Getah dan damar,II,Produk Nabati
13,Ethiopia,126966.0,2025,-65.50286919097509,Getah dan damar,II,Produk Nabati
13,France,618971.92,2025,-32.78203413137818,Getah dan damar,II,Produk Nabati
13,Germany Fed. Rep. Of,6758618.92,2025,-31.73626014226186,Getah dan damar,II,Produk Nabati
13,Ghana,441.24,2025,,Getah dan damar,II,Produk Nabati
13,Greece,423.5,2025,-52.06564799094511,Getah dan damar,II,Produk Nabati
13,Hong Kong,413.26,2025,-97.33060834819523,Getah dan damar,II,Produk Nabati
13,Hungary,1539670.22,2025,229.12146894859396,Getah dan damar,II,Produk Nabati
13,India,31754244.97,2025,12.172786132374702,Getah dan damar,II,Produk Nabati
13,Iraq,6562.08,2025,0.1080091533180767,Getah dan damar,II,Produk Nabati
13,Ireland,2.0,2025,0.0,Getah dan damar,II,Produk Nabati
13,Italy,5097968.49,2025,-9.041288956634094,Getah dan damar,II,Produk Nabati
13,Japan,6121921.73,2025,-29.341988963400727,Getah dan damar,II,Produk Nabati
13,Jordan,14588.42,2025,,Getah dan damar,II,Produk Nabati
13,Kazakhstan,154876.85,2025,-19.6205470833986,Getah dan damar,II,Produk Nabati
13,Kenya,1200.0,2025,,Getah dan damar,II,Produk Nabati
13,Korea Republic Of,1464537.62,2025,-13.673163072222277,Getah dan damar,II,Produk Nabati
13,Lao Peoples Dem. Rep.,148800.0,2025,-0.4085125020781598,Getah dan damar,II,Produk Nabati
13,Libyan Arab Jamahiriya,410.0,2025,-99.19765166340508,Getah dan damar,II,Produk Nabati
13,Lithuania,1520.0,2025,75900.0,Getah dan damar,II,Produk Nabati
13,Malaysia,3995310.4699999997,2025,5.348183363631867,Getah dan damar,II,Produk Nabati
13,Maldives,1378.75,2025,,Getah dan damar,II,Produk Nabati
13,Malta,177309.12,2025,-1.592122047020559,Getah dan damar,II,Produk Nabati
13,Mauritania,21732.0,2025,-30.584214392947263,Getah dan damar,II,Produk Nabati
13,Mauritius,5250.0,2025,,Getah dan damar,II,Produk Nabati
13,Mexico,3359449.2,2025,7.084675630847298,Getah dan damar,II,Produk Nabati
13,Morocco,319393.2,2025,243.0546390051762,Getah dan damar,II,Produk Nabati
13,Myanmar,4704.0,2025,-83.60975609756098,Getah dan damar,II,Produk Nabati
13,Nepal,80296.61,2025,162.6826097425013,Getah dan damar,II,Produk Nabati
13,Netherlands,7367985.08,2025,12.386733833312531,Getah dan damar,II,Produk Nabati
13,New Zealand,43774.66,2025,-54.20081927549998,Getah dan damar,II,Produk Nabati
13,Nigeria,7000.0,2025,0.0,Getah dan damar,II,Produk Nabati
13,Oman,1419.0,2025,301.3009049773756,Getah dan damar,II,Produk Nabati
13,Pakistan,1095824.29,2025,-18.109069426530624,Getah dan damar,II,Produk Nabati
13,Paraguay,225.0,2025,-72.22222222222221,Getah dan damar,II,Produk Nabati
13,Philippines,2053769.6199999999,2025,-32.06223752126139,Getah dan damar,II,Produk Nabati
13,Poland,1061100.38,2025,-20.695377894199144,Getah dan damar,II,Produk Nabati
13,Rep. Of Macedonia,4.0,2025,,Getah dan damar,II,Produk Nabati
13,Romania,47752.369999999995,2025,3632.5201663331663,Getah dan damar,II,Produk Nabati
13,Russia Federation,4042973.13,2025,19.82611855024109,Getah dan damar,II,Produk Nabati
13,Saudi Arabia,1973516.65,2025,1.1946487695667771,Getah dan damar,II,Produk Nabati
13,Senegal,74650.0,2025,,Getah dan damar,II,Produk Nabati
13,Serbia,49602.3,2025,,Getah dan damar,II,Produk Nabati
13,Singapore,1354688.2300000002,2025,-38.22930284521303,Getah dan damar,II,Produk Nabati
13,Slovenia,6400.96,2025,123.5752706950751,Getah dan damar,II,Produk Nabati
13,Spain,8794659.76,2025,16.85032590318445,Getah dan damar,II,Produk Nabati
13,Sri Lanka,670097.09,2025,38.522839850860215,Getah dan damar,II,Produk Nabati
13,Sudan,66219.0,2025,-44.586610878661084,Getah dan damar,II,Produk Nabati
13,Switzerland,16145.45,2025,35.6016404443612,Getah dan damar,II,Produk Nabati
13,Syria Arab Republic,16900.0,2025,-55.77652754154128,Getah dan damar,II,Produk Nabati
13,Taiwan,1429878.84,2025,23.062095320546867,Getah dan damar,II,Produk Nabati
13,Tanzania United Rep. Of,5616.0,2025,,Getah dan damar,II,Produk Nabati
13,Thailand,3488560.74,2025,6.765774225410287,Getah dan damar,II,Produk Nabati
13,Tunisia,155587.5,2025,61.055328399151186,Getah dan damar,II,Produk Nabati
13,Turkey,608559.3,2025,95.06640666757593,Getah dan damar,II,Produk Nabati
13,Ukraine,18.0,2025,,Getah dan damar,II,Produk Nabati
13,United Arab Emirates,1586321.86,2025,36.27399156552676,Getah dan damar,II,Produk Nabati
13,United Kingdom,6482520.609999999,2025,-33.28441617167232,Getah dan damar,II,Produk Nabati
13,United States,8731959.35,2025,4.990021482835482,Getah dan damar,II,Produk Nabati
13,Uruguay,37200.0,2025,-64.6891314665401,Getah dan damar,II,Produk Nabati
13,Uzbekistan,5.0,2025,,Getah dan damar,II,Produk Nabati
13,Viet Nam,6752556.0,2025,-11.678632993243536,Getah dan damar,II,Produk Nabati
13,Yemen,177064.99,2025,30.03421508724516,Getah dan damar,II,Produk Nabati
14,Australia,50619.83,2025,-62.99660791353312,Bahan anyaman nabati,II,Produk Nabati
14,Bahrain,1.29,2025,-99.97393939393939,Bahan anyaman nabati,II,Produk Nabati
14,Bangladesh,66149.32,2025,-58.546683807146785,Bahan anyaman nabati,II,Produk Nabati
14,Belgium,34740.520000000004,2025,4284.713054233824,Bahan anyaman nabati,II,Produk Nabati
14,Brunei Darussalam,2298.13,2025,-67.64318278455633,Bahan anyaman nabati,II,Produk Nabati
14,Bulgaria,32.5,2025,-96.69009064059476,Bahan anyaman nabati,II,Produk Nabati
14,Cambodia,9003.5,2025,-97.11154100338139,Bahan anyaman nabati,II,Produk Nabati
14,Canada,7366.0,2025,77.26204027020066,Bahan anyaman nabati,II,Produk Nabati
14,China,3875897.98,2025,15.766460478067243,Bahan anyaman nabati,II,Produk Nabati
14,Croatia,2400.0,2025,,Bahan anyaman nabati,II,Produk Nabati
14,Curacao,14622.4,2025,,Bahan anyaman nabati,II,Produk Nabati
14,Cyprus,880.0,2025,,Bahan anyaman nabati,II,Produk Nabati
14,Czech Republic,120.0,2025,-72.85067873303167,Bahan anyaman nabati,II,Produk Nabati
14,Denmark,2470.0,2025,-68.07370708207901,Bahan anyaman nabati,II,Produk Nabati
14,East Timor,5.44,2025,-62.66300617707618,Bahan anyaman nabati,II,Produk Nabati
14,France,141073.73,2025,-36.06688549368478,Bahan anyaman nabati,II,Produk Nabati
14,Germany Fed. Rep. Of,266279.44,2025,-33.2612994298952,Bahan anyaman nabati,II,Produk Nabati
14,Hong Kong,10.0,2025,-99.70479617652008,Bahan anyaman nabati,II,Produk Nabati
14,India,4178721.7199999997,2025,-53.64088210420057,Bahan anyaman nabati,II,Produk Nabati
14,Ireland,2360.0,2025,,Bahan anyaman nabati,II,Produk Nabati
14,Israel,1678.0,2025,,Bahan anyaman nabati,II,Produk Nabati
14,Italy,44061.3,2025,-54.235277535741076,Bahan anyaman nabati,II,Produk Nabati
14,Japan,575099934.48,2025,14.295104634258143,Bahan anyaman nabati,II,Produk Nabati
14,Jordan,2040.0,2025,,Bahan anyaman nabati,II,Produk Nabati
14,Korea Republic Of,7134357.470000001,2025,307.6210617888058,Bahan anyaman nabati,II,Produk Nabati
14,Kuwait,2222.2,2025,-84.63315123435447,Bahan anyaman nabati,II,Produk Nabati
14,Libyan Arab Jamahiriya,11787.0,2025,,Bahan anyaman nabati,II,Produk Nabati
14,Malaysia,993841.25,2025,-5.332197468458652,Bahan anyaman nabati,II,Produk Nabati
14,Maldives,109731.11,2025,609.5219035918658,Bahan anyaman nabati,II,Produk Nabati
14,Mauritius,640.0,2025,72.04301075268818,Bahan anyaman nabati,II,Produk Nabati
14,Mexico,3846.51,2025,137.4388888888889,Bahan anyaman nabati,II,Produk Nabati
14,Nepal,4013.85,2025,,Bahan anyaman nabati,II,Produk Nabati
14,Netherlands,378622.47,2025,-16.51542802994189,Bahan anyaman nabati,II,Produk Nabati
14,New Caledonia,293.73,2025,,Bahan anyaman nabati,II,Produk Nabati
14,New Zealand,20621.83,2025,122.04021995320558,Bahan anyaman nabati,II,Produk Nabati
14,Oman,3500.0,2025,9.717868338557993,Bahan anyaman nabati,II,Produk Nabati
14,Pakistan,63095.0,2025,-76.69061480179764,Bahan anyaman nabati,II,Produk Nabati
14,Peru,168.57,2025,,Bahan anyaman nabati,II,Produk Nabati
14,Poland,14796934.29,2025,739846614.5,Bahan anyaman nabati,II,Produk Nabati
14,Portugal,1720580.1500000001,2025,48.71936335830348,Bahan anyaman nabati,II,Produk Nabati
14,Qatar,14621.75,2025,108.88214285714287,Bahan anyaman nabati,II,Produk Nabati
14,Saint Vincent And The Grenadines,156.25,2025,,Bahan anyaman nabati,II,Produk Nabati
14,Saudi Arabia,46034.43,2025,-24.875402758339767,Bahan anyaman nabati,II,Produk Nabati
14,Singapore,6274323.22,2025,-46.268251195913216,Bahan anyaman nabati,II,Produk Nabati
14,South Africa,23106.87,2025,,Bahan anyaman nabati,II,Produk Nabati
14,Spain,14159.310000000001,2025,128.092691334955,Bahan anyaman nabati,II,Produk Nabati
14,Sri Lanka,224823.24,2025,36.366205372357996,Bahan anyaman nabati,II,Produk Nabati
14,Sweden,871.6,2025,-53.12088207610596,Bahan anyaman nabati,II,Produk Nabati
14,Taiwan,113798.0,2025,29.635017471416564,Bahan anyaman nabati,II,Produk Nabati
14,Thailand,17271054.77,2025,-14.447143077879662,Bahan anyaman nabati,II,Produk Nabati
14,Turkey,38223.3,2025,-35.3637924751484,Bahan anyaman nabati,II,Produk Nabati
14,United Arab Emirates,88456.16,2025,427.9514879495781,Bahan anyaman nabati,II,Produk Nabati
14,United Kingdom,72471.46,2025,115.78173225739413,Bahan anyaman nabati,II,Produk Nabati
14,United States,561551.9,2025,265.940279895307,Bahan anyaman nabati,II,Produk Nabati
14,Viet Nam,53834.12,2025,-64.25784434795311,Bahan anyaman nabati,II,Produk Nabati
14,Zimbabwe,3000.0,2025,200.0,Bahan anyaman nabati,II,Produk Nabati
15,Afghanistan,2636299.92,2025,895.8788000768809,Lemak dan minyak hewani/nabati,III,Lemak dan Minyak
15,Albania,6834613.59,2025,27.543454556957087,Lemak dan minyak hewani/nabati,III,Lemak dan Minyak
15,Algeria,260401806.69,2025,26.120088107451828,Lemak dan minyak hewani/nabati,III,Lemak dan Minyak
15,American Samoa,56482.0,2025,-28.22252060670155,Lemak dan minyak hewani/nabati,III,Lemak dan Minyak
15,Angola,55570705.71,2025,-41.670038160199276,Lemak dan minyak hewani/nabati,III,Lemak dan Minyak
15,Antigua And Barbuda,433889.76,2025,76.77203789032446,Lemak dan minyak hewani/nabati,III,Lemak dan Minyak
15,Argentina,5103889.53,2025,70.14907351674195,Lemak dan minyak hewani/nabati,III,Lemak dan Minyak
15,Armenia,520411.3,2025,1279.6694061505832,Lemak dan minyak hewani/nabati,III,Lemak dan Minyak
15,Australia,12027200.32,2025,64.08346454891861,Lemak dan minyak hewani/nabati,III,Lemak dan Minyak
15,Azerbaijan,2196096.2800000003,2025,437.5763809673014,Lemak dan minyak hewani/nabati,III,Lemak dan Minyak
15,Bahrain,6489064.31,2025,38.383992995335696,Lemak dan minyak hewani/nabati,III,Lemak dan Minyak
15,Bangladesh,1603143714.23,2025,65.67461279746331,Lemak dan minyak hewani/nabati,III,Lemak dan Minyak
15,Barbados,103550.96,2025,173.58137286113794,Lemak dan minyak hewani/nabati,III,Lemak dan Minyak
15,Belarus,1489114.6099999999,2025,-4.929297037736792,Lemak dan minyak hewani/nabati,III,Lemak dan Minyak
15,Belgium,14206213.47,2025,1069.7031053075884,Lemak dan minyak hewani/nabati,III,Lemak dan Minyak
15,Benin,122077059.29,2025,387.3497220154176,Lemak dan minyak hewani/nabati,III,Lemak dan Minyak
15,Bolivia,585855.0,2025,-40.96360956807618,Lemak dan minyak hewani/nabati,III,Lemak dan Minyak
15,Bosnia And Herzegovina,1460202.82,2025,92.0793834329471,Lemak dan minyak hewani/nabati,III,Lemak dan Minyak
15,Brazil,719193475.03,2025,50.92969948529612,Lemak dan minyak hewani/nabati,III,Lemak dan Minyak
15,Brunei Darussalam,4081243.4200000004,2025,37.71408868502648,Lemak dan minyak hewani/nabati,III,Lemak dan Minyak
15,Bulgaria,9867465.61,2025,81.07449519328529,Lemak dan minyak hewani/nabati,III,Lemak dan Minyak
15,Burkina Faso,3057183.36,2025,-62.835828490334166,Lemak dan minyak hewani/nabati,III,Lemak dan Minyak
15,Cambodia,3201352.9,2025,39.66477561221867,Lemak dan minyak hewani/nabati,III,Lemak dan Minyak
15,Cameroon,33417465.95,2025,12.694863515788718,Lemak dan minyak hewani/nabati,III,Lemak dan Minyak
15,Canada,28325899.04,2025,32.75380904143946,Lemak dan minyak hewani/nabati,III,Lemak dan Minyak
15,Cape Verde,23618.7,2025,-45.72597230999023,Lemak dan minyak hewani/nabati,III,Lemak dan Minyak
15,Chad,9965039.03,2025,,Lemak dan minyak hewani/nabati,III,Lemak dan Minyak
15,Chile,20960778.53,2025,30.284096813676477,Lemak dan minyak hewani/nabati,III,Lemak dan Minyak
15,China,7194260487.62,2025,41.13508202805005,Lemak dan minyak hewani/nabati,III,Lemak dan Minyak
15,Colombia,4949687.36,2025,55.749631084484854,Lemak dan minyak hewani/nabati,III,Lemak dan Minyak
15,Comoros,3691848.21,2025,167.61147331479168,Lemak dan minyak hewani/nabati,III,Lemak dan Minyak
15,Congo,118847540.41,2025,45.11412233768775,Lemak dan minyak hewani/nabati,III,Lemak dan Minyak
15,Costa Rica,498452.08,2025,35.098098237603935,Lemak dan minyak hewani/nabati,III,Lemak dan Minyak
15,Cote Divoire,127889753.39,2025,47.64359881081976,Lemak dan minyak hewani/nabati,III,Lemak dan Minyak
15,Croatia,33987825.5,2025,-10.786272412717185,Lemak dan minyak hewani/nabati,III,Lemak dan Minyak
15,Curacao,26661.26,2025,-39.8991092143431,Lemak dan minyak hewani/nabati,III,Lemak dan Minyak
15,Cyprus,597977.73,2025,53.719892593607696,Lemak dan minyak hewani/nabati,III,Lemak dan Minyak
15,Czech Republic,325103.02,2025,67.13189323974996,Lemak dan minyak hewani/nabati,III,Lemak dan Minyak
15,Democratic Rep. Of The Congo,8576189.28,2025,51.193153149155876,Lemak dan minyak hewani/nabati,III,Lemak dan Minyak
15,Denmark,69275852.86,2025,38.06984208159111,Lemak dan minyak hewani/nabati,III,Lemak dan Minyak
15,Djibouti,267655110.07999998,2025,3.211452151815582,Lemak dan minyak hewani/nabati,III,Lemak dan Minyak
15,Dominica,448334.36,2025,3.3044903248461805,Lemak dan minyak hewani/nabati,III,Lemak dan Minyak
15,Dominican Republic,15936242.52,2025,-2.8101117382385934,Lemak dan minyak hewani/nabati,III,Lemak dan Minyak
15,East Timor,27548770.46,2025,43.86062540319852,Lemak dan minyak hewani/nabati,III,Lemak dan Minyak
15,Ecuador,2187172.4699999997,2025,29.459711925904543,Lemak dan minyak hewani/nabati,III,Lemak dan Minyak
15,Egypt,1211344179.89,2025,48.41602794464085,Lemak dan minyak hewani/nabati,III,Lemak dan Minyak
15,El Salvador,288323.0,2025,348.16206038000735,Lemak dan minyak hewani/nabati,III,Lemak dan Minyak
15,Equatorial Guinea,15131635.36,2025,103.64864559048435,Lemak dan minyak hewani/nabati,III,Lemak dan Minyak
15,Estonia,148510063.71,2025,-46.29005466839287,Lemak dan minyak hewani/nabati,III,Lemak dan Minyak
15,Ethiopia,750813.85,2025,-43.78443074587505,Lemak dan minyak hewani/nabati,III,Lemak dan Minyak
15,Fiji,3013384.94,2025,11.831351481919764,Lemak dan minyak hewani/nabati,III,Lemak dan Minyak
15,France,17753715.9,2025,146.97420457967775,Lemak dan minyak hewani/nabati,III,Lemak dan Minyak
15,French Polynesia,133912.0,2025,-12.512413108242304,Lemak dan minyak hewani/nabati,III,Lemak dan Minyak
15,Gabon,2449431.18,2025,230.65042203019016,Lemak dan minyak hewani/nabati,III,Lemak dan Minyak
15,Gambia,43639077.05,2025,-14.647800360894497,Lemak dan minyak hewani/nabati,III,Lemak dan Minyak
15,Georgia,56443630.19,2025,131.3034969447357,Lemak dan minyak hewani/nabati,III,Lemak dan Minyak
15,Germany Fed. Rep. Of,78641663.22,2025,-2.3435872366747517,Lemak dan minyak hewani/nabati,III,Lemak dan Minyak
15,Ghana,154752037.14000002,2025,111.28326906970045,Lemak dan minyak hewani/nabati,III,Lemak dan Minyak
15,Greece,129023547.96,2025,9.580683195433727,Lemak dan minyak hewani/nabati,III,Lemak dan Minyak
15,Grenada,248124.5,2025,-50.13530967989488,Lemak dan minyak hewani/nabati,III,Lemak dan Minyak
15,Guadeloupe,36188.0,2025,,Lemak dan minyak hewani/nabati,III,Lemak dan Minyak
15,Guam,23148.9,2025,,Lemak dan minyak hewani/nabati,III,Lemak dan Minyak
15,Guatemala,161147.54,2025,-97.68491170470425,Lemak dan minyak hewani/nabati,III,Lemak dan Minyak
15,Guinea,11907123.11,2025,-87.21875625771442,Lemak dan minyak hewani/nabati,III,Lemak dan Minyak
15,Guyana,3581336.54,2025,154.87469043926131,Lemak dan minyak hewani/nabati,III,Lemak dan Minyak
15,Haiti,98679078.77000001,2025,-0.9801546312073594,Lemak dan minyak hewani/nabati,III,Lemak dan Minyak
15,Honduras,43740131.01,2025,12.391330377666007,Lemak dan minyak hewani/nabati,III,Lemak dan Minyak
15,Hong Kong,5712287.36,2025,149.03472552639968,Lemak dan minyak hewani/nabati,III,Lemak dan Minyak
15,Hungary,3712827.8100000005,2025,13.345726821937948,Lemak dan minyak hewani/nabati,III,Lemak dan Minyak
15,India,3541547237.88,2025,-10.860780699251357,Lemak dan minyak hewani/nabati,III,Lemak dan Minyak
15,Iran (Islamic Republic Of),21692348.22,2025,18.32945116739167,Lemak dan minyak hewani/nabati,III,Lemak dan Minyak
15,Iraq,146295552.4,2025,26.547965073465825,Lemak dan minyak hewani/nabati,III,Lemak dan Minyak
15,Israel,55952941.9,2025,40.02656986463571,Lemak dan minyak hewani/nabati,III,Lemak dan Minyak
15,Italy,525317348.08,2025,2.5492420035771266,Lemak dan minyak hewani/nabati,III,Lemak dan Minyak
15,Jamaica,4524817.140000001,2025,-34.04365526753771,Lemak dan minyak hewani/nabati,III,Lemak dan Minyak
15,Japan,133102167.35,2025,18.90359476513655,Lemak dan minyak hewani/nabati,III,Lemak dan Minyak
15,Jordan,36467943.59,2025,29.021581058741052,Lemak dan minyak hewani/nabati,III,Lemak dan Minyak
15,Kazakhstan,7253998.220000001,2025,-34.61005834531204,Lemak dan minyak hewani/nabati,III,Lemak dan Minyak
15,Kenya,343480416.18,2025,58.464811568051026,Lemak dan minyak hewani/nabati,III,Lemak dan Minyak
15,Kiribati,1030826.0900000001,2025,100.88260805595264,Lemak dan minyak hewani/nabati,III,Lemak dan Minyak
15,Korea Republic Of,345915335.37,2025,27.79418814744328,Lemak dan minyak hewani/nabati,III,Lemak dan Minyak
15,Kuwait,783353.14,2025,95.65211711925811,Lemak dan minyak hewani/nabati,III,Lemak dan Minyak
15,Kyrgyzstan,2773490.12,2025,10.346725087710757,Lemak dan minyak hewani/nabati,III,Lemak dan Minyak
15,Latvia,79991379.13,2025,26.880400614898036,Lemak dan minyak hewani/nabati,III,Lemak dan Minyak
15,Lebanon,36600949.39,2025,116.9897617720411,Lemak dan minyak hewani/nabati,III,Lemak dan Minyak
15,Liberia,34355803.379999995,2025,15.585806677460127,Lemak dan minyak hewani/nabati,III,Lemak dan Minyak
15,Libyan Arab Jamahiriya,4113966.29,2025,-14.525262687378504,Lemak dan minyak hewani/nabati,III,Lemak dan Minyak
15,Lithuania,17390576.46,2025,87.91094652353078,Lemak dan minyak hewani/nabati,III,Lemak dan Minyak
15,Macau,2400.0,2025,,Lemak dan minyak hewani/nabati,III,Lemak dan Minyak
15,Madagascar,5424690.3,2025,97.26438353277165,Lemak dan minyak hewani/nabati,III,Lemak dan Minyak
15,Malawi,460735.32,2025,6.649563921905913,Lemak dan minyak hewani/nabati,III,Lemak dan Minyak
15,Malaysia,1468214869.88,2025,76.16761331075963,Lemak dan minyak hewani/nabati,III,Lemak dan Minyak
15,Maldives,943594.95,2025,-18.98118744437977,Lemak dan minyak hewani/nabati,III,Lemak dan Minyak
15,Mali,339066.07,2025,,Lemak dan minyak hewani/nabati,III,Lemak dan Minyak
15,Marshall Islands,247732.1,2025,55.33601623712555,Lemak dan minyak hewani/nabati,III,Lemak dan Minyak
15,Mauritania,149490453.0,2025,118.46671451056166,Lemak dan minyak hewani/nabati,III,Lemak dan Minyak
15,Mauritius,977714.4,2025,25.55011637195632,Lemak dan minyak hewani/nabati,III,Lemak dan Minyak
15,Mayotte,333940.33,2025,15.205321008163212,Lemak dan minyak hewani/nabati,III,Lemak dan Minyak
15,Mexico,232510862.67000002,2025,72.08506484735946,Lemak dan minyak hewani/nabati,III,Lemak dan Minyak
15,Micronesia Fed. States Of,508326.85,2025,42.95153023597006,Lemak dan minyak hewani/nabati,III,Lemak dan Minyak
15,Moldova Republic Of,95631.36,2025,-76.59233269422312,Lemak dan minyak hewani/nabati,III,Lemak dan Minyak
15,Mongolia,290748.35,2025,102.9041736247084,Lemak dan minyak hewani/nabati,III,Lemak dan Minyak
15,Montenegro,734771.33,2025,7.961346214147559,Lemak dan minyak hewani/nabati,III,Lemak dan Minyak
15,Morocco,29719348.669999998,2025,1.920405761682146,Lemak dan minyak hewani/nabati,III,Lemak dan Minyak
15,Mozambique,51787851.83,2025,120.27671653906351,Lemak dan minyak hewani/nabati,III,Lemak dan Minyak
15,Myanmar,646859685.62,2025,24.89539186852078,Lemak dan minyak hewani/nabati,III,Lemak dan Minyak
15,Namibia,84564.0,2025,,Lemak dan minyak hewani/nabati,III,Lemak dan Minyak
15,Nauru,23758.0,2025,13.661045329506042,Lemak dan minyak hewani/nabati,III,Lemak dan Minyak
15,Nepal,4769814.2,2025,19.847444592142015,Lemak dan minyak hewani/nabati,III,Lemak dan Minyak
15,Netherlands,990119495.73,2025,47.46723304018818,Lemak dan minyak hewani/nabati,III,Lemak dan Minyak
15,New Caledonia,35081.6,2025,45.61514195583596,Lemak dan minyak hewani/nabati,III,Lemak dan Minyak
15,New Zealand,11610890.91,2025,29.100152629814264,Lemak dan minyak hewani/nabati,III,Lemak dan Minyak
15,Nigeria,290533522.45000005,2025,86.65610137583926,Lemak dan minyak hewani/nabati,III,Lemak dan Minyak
15,Northern Mariana Islands,78447.0,2025,73.797549682079,Lemak dan minyak hewani/nabati,III,Lemak dan Minyak
15,Norway,134674.02000000002,2025,1325.0766642328817,Lemak dan minyak hewani/nabati,III,Lemak dan Minyak
15,Oman,227687990.72,2025,24.569033390693125,Lemak dan minyak hewani/nabati,III,Lemak dan Minyak
15,Pakistan,3338623975.1400003,2025,18.40968890768105,Lemak dan minyak hewani/nabati,III,Lemak dan Minyak
15,Palau,25366.0,2025,-48.14534675729545,Lemak dan minyak hewani/nabati,III,Lemak dan Minyak
15,Palestina,49735.62,2025,,Lemak dan minyak hewani/nabati,III,Lemak dan Minyak
15,Panama,3820336.34,2025,-16.167839591847937,Lemak dan minyak hewani/nabati,III,Lemak dan Minyak
15,Papua New Guinea,23280124.54,2025,53.53855057390705,Lemak dan minyak hewani/nabati,III,Lemak dan Minyak
15,Paraguay,311640.0,2025,10518.781518331743,Lemak dan minyak hewani/nabati,III,Lemak dan Minyak
15,Peru,18747591.8,2025,-43.851596831547546,Lemak dan minyak hewani/nabati,III,Lemak dan Minyak
15,Philippines,1033380676.68,2025,91.20469173480834,Lemak dan minyak hewani/nabati,III,Lemak dan Minyak
15,Poland,24038520.11,2025,141.60248623459466,Lemak dan minyak hewani/nabati,III,Lemak dan Minyak
15,Portugal,116408.0,2025,143.8578850343556,Lemak dan minyak hewani/nabati,III,Lemak dan Minyak
15,Puerto Rico,1541641.0,2025,-15.436848391900773,Lemak dan minyak hewani/nabati,III,Lemak dan Minyak
15,Qatar,1887046.8299999998,2025,298.6829191172716,Lemak dan minyak hewani/nabati,III,Lemak dan Minyak
15,Rep. Of Macedonia,2261192.1799999997,2025,21.737277717323156,Lemak dan minyak hewani/nabati,III,Lemak dan Minyak
15,Reunion,75468.0,2025,66.72263263935527,Lemak dan minyak hewani/nabati,III,Lemak dan Minyak
15,Romania,15270555.07,2025,-40.204922061989144,Lemak dan minyak hewani/nabati,III,Lemak dan Minyak
15,Russia Federation,972824029.93,2025,32.55472851417206,Lemak dan minyak hewani/nabati,III,Lemak dan Minyak
15,Rwanda,275399.92,2025,-19.37135165507184,Lemak dan minyak hewani/nabati,III,Lemak dan Minyak
15,Saint Lucia,601705.2,2025,10.038275139980753,Lemak dan minyak hewani/nabati,III,Lemak dan Minyak
15,Saint Vincent And The Grenadines,143928.40000000002,2025,79.70141740085414,Lemak dan minyak hewani/nabati,III,Lemak dan Minyak
15,Samoa,3908623.6799999997,2025,46.56690278096921,Lemak dan minyak hewani/nabati,III,Lemak dan Minyak
15,Sao Tome And Principe,186647.2,2025,47.77522311107734,Lemak dan minyak hewani/nabati,III,Lemak dan Minyak
15,Saudi Arabia,640967618.99,2025,39.227727493423636,Lemak dan minyak hewani/nabati,III,Lemak dan Minyak
15,Senegal,172732006.94,2025,138.86618114055162,Lemak dan minyak hewani/nabati,III,Lemak dan Minyak
15,Serbia,7954134.45,2025,88.51000931888244,Lemak dan minyak hewani/nabati,III,Lemak dan Minyak
15,Seychelles,112984.48,2025,-11.682818033406466,Lemak dan minyak hewani/nabati,III,Lemak dan Minyak
15,Sierra Leone,834864.67,2025,172.60011302820507,Lemak dan minyak hewani/nabati,III,Lemak dan Minyak
15,Singapore,134586954.95,2025,80.99107893009834,Lemak dan minyak hewani/nabati,III,Lemak dan Minyak
15,Slovakia,4.0,2025,,Lemak dan minyak hewani/nabati,III,Lemak dan Minyak
15,Slovenia,4422907.33,2025,175.06312638225148,Lemak dan minyak hewani/nabati,III,Lemak dan Minyak
15,Solomon Islands,4950465.82,2025,69.2251808288058,Lemak dan minyak hewani/nabati,III,Lemak dan Minyak
15,Somalia,98228734.66,2025,135.5240484199717,Lemak dan minyak hewani/nabati,III,Lemak dan Minyak
15,South Africa,396769111.59000003,2025,25.27752481094311,Lemak dan minyak hewani/nabati,III,Lemak dan Minyak
15,South Sudan,127664.46,2025,90.84747460326835,Lemak dan minyak hewani/nabati,III,Lemak dan Minyak
15,Spain,455953857.53000003,2025,-9.295003759972072,Lemak dan minyak hewani/nabati,III,Lemak dan Minyak
15,Sri Lanka,125366685.41000001,2025,-11.304464019938873,Lemak dan minyak hewani/nabati,III,Lemak dan Minyak
15,Sudan,1509830.2000000002,2025,164.45765160977894,Lemak dan minyak hewani/nabati,III,Lemak dan Minyak
15,Sweden,32105654.91,2025,-44.25708302168128,Lemak dan minyak hewani/nabati,III,Lemak dan Minyak
15,Switzerland,953704.54,2025,786.222671562535,Lemak dan minyak hewani/nabati,III,Lemak dan Minyak
15,Syria Arab Republic,7298230.43,2025,60.73429100519223,Lemak dan minyak hewani/nabati,III,Lemak dan Minyak
15,Taiwan,20919217.87,2025,11.731511852594528,Lemak dan minyak hewani/nabati,III,Lemak dan Minyak
15,Tajikistan,1601215.1,2025,50.00156445322453,Lemak dan minyak hewani/nabati,III,Lemak dan Minyak
15,Tanzania United Rep. Of,215566106.0,2025,15.71439726794281,Lemak dan minyak hewani/nabati,III,Lemak dan Minyak
15,Thailand,107185112.12,2025,20.106056819319942,Lemak dan minyak hewani/nabati,III,Lemak dan Minyak
15,Togo,235651660.87,2025,96.58255097519944,Lemak dan minyak hewani/nabati,III,Lemak dan Minyak
15,Tonga,573474.9,2025,26.850239273026734,Lemak dan minyak hewani/nabati,III,Lemak dan Minyak
15,Trinidad And Tobago,5378152.390000001,2025,34.196191308602025,Lemak dan minyak hewani/nabati,III,Lemak dan Minyak
15,Tunisia,79148791.99,2025,44.0793470533939,Lemak dan minyak hewani/nabati,III,Lemak dan Minyak
15,Turkey,200679827.02,2025,31.264435176540278,Lemak dan minyak hewani/nabati,III,Lemak dan Minyak
15,Turkmenistan,4341235.22,2025,217.79010006807846,Lemak dan minyak hewani/nabati,III,Lemak dan Minyak
15,Tuvalu,21796.6,2025,3.3602048558421784,Lemak dan minyak hewani/nabati,III,Lemak dan Minyak
15,Uganda,8121882.17,2025,4179.866078613038,Lemak dan minyak hewani/nabati,III,Lemak dan Minyak
15,Ukraine,46511277.36,2025,224.01671572699544,Lemak dan minyak hewani/nabati,III,Lemak dan Minyak
15,United Arab Emirates,510988514.63,2025,18.93509797500083,Lemak dan minyak hewani/nabati,III,Lemak dan Minyak
15,United Kingdom,13630067.879999999,2025,-66.14697134352987,Lemak dan minyak hewani/nabati,III,Lemak dan Minyak
15,United States,2064345699.28,2025,15.708833012948952,Lemak dan minyak hewani/nabati,III,Lemak dan Minyak
15,Uruguay,33231895.860000003,2025,225.95572492986867,Lemak dan minyak hewani/nabati,III,Lemak dan Minyak
15,Uzbekistan,67710899.83,2025,230.0727930309547,Lemak dan minyak hewani/nabati,III,Lemak dan Minyak
15,Vanuatu,2186526.46,2025,19.129407486156104,Lemak dan minyak hewani/nabati,III,Lemak dan Minyak
15,Venezuela,388924.6,2025,958.298231292517,Lemak dan minyak hewani/nabati,III,Lemak dan Minyak
15,Viet Nam,856423601.38,2025,29.464161853008637,Lemak dan minyak hewani/nabati,III,Lemak dan Minyak
15,Yemen,62743591.04,2025,-12.915900246633752,Lemak dan minyak hewani/nabati,III,Lemak dan Minyak
15,Zambia,22934.1,2025,-84.17011495839617,Lemak dan minyak hewani/nabati,III,Lemak dan Minyak
15,Zimbabwe,2459784.29,2025,522.1042214079979,Lemak dan minyak hewani/nabati,III,Lemak dan Minyak
16,Albania,1957077.64,2025,-15.19251186087721,Olahan daging dan ikan,IV,"Makanan Olahan, Minuman, Tembakau"
16,Algeria,94500.0,2025,-91.28990513831077,Olahan daging dan ikan,IV,"Makanan Olahan, Minuman, Tembakau"
16,American Samoa,327776.25,2025,,Olahan daging dan ikan,IV,"Makanan Olahan, Minuman, Tembakau"
16,Angola,1794986.6,2025,-17.11664047548344,Olahan daging dan ikan,IV,"Makanan Olahan, Minuman, Tembakau"
16,Australia,37454485.12,2025,-5.573985684512885,Olahan daging dan ikan,IV,"Makanan Olahan, Minuman, Tembakau"
16,Bahamas,55495.0,2025,-10.837082262210798,Olahan daging dan ikan,IV,"Makanan Olahan, Minuman, Tembakau"
16,Bahrain,301434.14,2025,147.98372739687713,Olahan daging dan ikan,IV,"Makanan Olahan, Minuman, Tembakau"
16,Belgium,5426116.08,2025,9.968445588316087,Olahan daging dan ikan,IV,"Makanan Olahan, Minuman, Tembakau"
16,Benin,2474767.99,2025,264.6891768525185,Olahan daging dan ikan,IV,"Makanan Olahan, Minuman, Tembakau"
16,Bosnia And Herzegovina,36967.5,2025,,Olahan daging dan ikan,IV,"Makanan Olahan, Minuman, Tembakau"
16,Brunei Darussalam,99910.31999999999,2025,5.969553075292114,Olahan daging dan ikan,IV,"Makanan Olahan, Minuman, Tembakau"
16,Bulgaria,910168.26,2025,5.495212631381588,Olahan daging dan ikan,IV,"Makanan Olahan, Minuman, Tembakau"
16,Burkina Faso,1.0,2025,,Olahan daging dan ikan,IV,"Makanan Olahan, Minuman, Tembakau"
16,Cambodia,180004.19,2025,305.2012903109623,Olahan daging dan ikan,IV,"Makanan Olahan, Minuman, Tembakau"
16,Cameroon,11995928.76,2025,148.4395740969041,Olahan daging dan ikan,IV,"Makanan Olahan, Minuman, Tembakau"
16,Canada,16789373.6,2025,-17.198306170607598,Olahan daging dan ikan,IV,"Makanan Olahan, Minuman, Tembakau"
16,Chile,1630581.0299999998,2025,1.9251761989630523,Olahan daging dan ikan,IV,"Makanan Olahan, Minuman, Tembakau"
16,China,13809536.61,2025,-15.952633387543132,Olahan daging dan ikan,IV,"Makanan Olahan, Minuman, Tembakau"
16,Colombia,217800.0,2025,,Olahan daging dan ikan,IV,"Makanan Olahan, Minuman, Tembakau"
16,Comoros,1824878.5,2025,172.75758718267866,Olahan daging dan ikan,IV,"Makanan Olahan, Minuman, Tembakau"
16,Congo,4790500.15,2025,-3.9848843250789883,Olahan daging dan ikan,IV,"Makanan Olahan, Minuman, Tembakau"
16,Cote Divoire,5866244.0,2025,103.15377401485253,Olahan daging dan ikan,IV,"Makanan Olahan, Minuman, Tembakau"
16,Croatia,2498558.95,2025,118.62836404434466,Olahan daging dan ikan,IV,"Makanan Olahan, Minuman, Tembakau"
16,Cuba,214275.8,2025,,Olahan daging dan ikan,IV,"Makanan Olahan, Minuman, Tembakau"
16,Cyprus,17670.0,2025,360.2761135712425,Olahan daging dan ikan,IV,"Makanan Olahan, Minuman, Tembakau"
16,Democratic Rep. Of The Congo,6613613.6,2025,27.18308217412116,Olahan daging dan ikan,IV,"Makanan Olahan, Minuman, Tembakau"
16,Denmark,1995538.99,2025,65.32343948285354,Olahan daging dan ikan,IV,"Makanan Olahan, Minuman, Tembakau"
16,Dominican Republic,1073230.36,2025,-35.97119381828074,Olahan daging dan ikan,IV,"Makanan Olahan, Minuman, Tembakau"
16,East Timor,2612555.6399999997,2025,-6.490369350271134,Olahan daging dan ikan,IV,"Makanan Olahan, Minuman, Tembakau"
16,Ecuador,477324.5,2025,1491.0816666666667,Olahan daging dan ikan,IV,"Makanan Olahan, Minuman, Tembakau"
16,Egypt,2709945.6,2025,52.212393416678474,Olahan daging dan ikan,IV,"Makanan Olahan, Minuman, Tembakau"
16,Equatorial Guinea,4979481.93,2025,216.71973525072596,Olahan daging dan ikan,IV,"Makanan Olahan, Minuman, Tembakau"
16,Estonia,139800.6,2025,37.88809216171699,Olahan daging dan ikan,IV,"Makanan Olahan, Minuman, Tembakau"
16,Ethiopia,187698.6,2025,,Olahan daging dan ikan,IV,"Makanan Olahan, Minuman, Tembakau"
16,France,5938587.66,2025,43.97778996993441,Olahan daging dan ikan,IV,"Makanan Olahan, Minuman, Tembakau"
16,Gabon,2884584.9,2025,1574.9005439129508,Olahan daging dan ikan,IV,"Makanan Olahan, Minuman, Tembakau"
16,Gambia,2245042.65,2025,-12.467276298476214,Olahan daging dan ikan,IV,"Makanan Olahan, Minuman, Tembakau"
16,Germany Fed. Rep. Of,5188841.23,2025,-39.06631962944208,Olahan daging dan ikan,IV,"Makanan Olahan, Minuman, Tembakau"
16,Ghana,10431997.77,2025,56.471352723796876,Olahan daging dan ikan,IV,"Makanan Olahan, Minuman, Tembakau"
16,Greece,1308724.42,2025,-29.460613426914957,Olahan daging dan ikan,IV,"Makanan Olahan, Minuman, Tembakau"
16,Guinea,1240303.0,2025,1124.9906172839505,Olahan daging dan ikan,IV,"Makanan Olahan, Minuman, Tembakau"
16,Guyana,27128.05,2025,,Olahan daging dan ikan,IV,"Makanan Olahan, Minuman, Tembakau"
16,Hong Kong,4895798.73,2025,1.7703057157453423,Olahan daging dan ikan,IV,"Makanan Olahan, Minuman, Tembakau"
16,Iceland,47400.0,2025,,Olahan daging dan ikan,IV,"Makanan Olahan, Minuman, Tembakau"
16,Iraq,482518.94,2025,-48.30265031247437,Olahan daging dan ikan,IV,"Makanan Olahan, Minuman, Tembakau"
16,Ireland,504644.81999999995,2025,55.998794037962554,Olahan daging dan ikan,IV,"Makanan Olahan, Minuman, Tembakau"
16,Israel,998546.75,2025,4.398155819995263,Olahan daging dan ikan,IV,"Makanan Olahan, Minuman, Tembakau"
16,Italy,32831809.03,2025,385.16965923231317,Olahan daging dan ikan,IV,"Makanan Olahan, Minuman, Tembakau"
16,Japan,174474779.67,2025,24.685443042005133,Olahan daging dan ikan,IV,"Makanan Olahan, Minuman, Tembakau"
16,Jordan,11186492.04,2025,-10.115754903853366,Olahan daging dan ikan,IV,"Makanan Olahan, Minuman, Tembakau"
16,Kenya,1344876.4,2025,438.82647631990557,Olahan daging dan ikan,IV,"Makanan Olahan, Minuman, Tembakau"
16,Kiribati,76099.96,2025,-44.840951954341904,Olahan daging dan ikan,IV,"Makanan Olahan, Minuman, Tembakau"
16,Korea Republic Of,6450198.7700000005,2025,-10.629624832412667,Olahan daging dan ikan,IV,"Makanan Olahan, Minuman, Tembakau"
16,Kuwait,9258991.7,2025,20.487139976614035,Olahan daging dan ikan,IV,"Makanan Olahan, Minuman, Tembakau"
16,Latvia,129087.0,2025,,Olahan daging dan ikan,IV,"Makanan Olahan, Minuman, Tembakau"
16,Lebanon,1787547.0,2025,24.55302317949204,Olahan daging dan ikan,IV,"Makanan Olahan, Minuman, Tembakau"
16,Liberia,498494.5,2025,149.17249825052482,Olahan daging dan ikan,IV,"Makanan Olahan, Minuman, Tembakau"
16,Libyan Arab Jamahiriya,2549766.4,2025,99.29834458806451,Olahan daging dan ikan,IV,"Makanan Olahan, Minuman, Tembakau"
16,Lithuania,324414.8,2025,228.58470418850422,Olahan daging dan ikan,IV,"Makanan Olahan, Minuman, Tembakau"
16,Macau,318.0,2025,,Olahan daging dan ikan,IV,"Makanan Olahan, Minuman, Tembakau"
16,Madagascar,1081698.9,2025,252.17284714308965,Olahan daging dan ikan,IV,"Makanan Olahan, Minuman, Tembakau"
16,Malaysia,4163560.94,2025,-20.58811586304878,Olahan daging dan ikan,IV,"Makanan Olahan, Minuman, Tembakau"
16,Maldives,49951.55,2025,779.4286971830987,Olahan daging dan ikan,IV,"Makanan Olahan, Minuman, Tembakau"
16,Marshall Islands,3078.0,2025,,Olahan daging dan ikan,IV,"Makanan Olahan, Minuman, Tembakau"
16,Mauritania,3192714.83,2025,822.9146617929646,Olahan daging dan ikan,IV,"Makanan Olahan, Minuman, Tembakau"
16,Mauritius,406297.63,2025,-56.760803830604345,Olahan daging dan ikan,IV,"Makanan Olahan, Minuman, Tembakau"
16,Mayotte,164695.0,2025,212.8110161443495,Olahan daging dan ikan,IV,"Makanan Olahan, Minuman, Tembakau"
16,Mexico,1079820.98,2025,465.50525797599346,Olahan daging dan ikan,IV,"Makanan Olahan, Minuman, Tembakau"
16,Micronesia Fed. States Of,4796.9,2025,-90.14332240863838,Olahan daging dan ikan,IV,"Makanan Olahan, Minuman, Tembakau"
16,Montenegro,741137.0,2025,-41.46854417083919,Olahan daging dan ikan,IV,"Makanan Olahan, Minuman, Tembakau"
16,Morocco,99132.75,2025,,Olahan daging dan ikan,IV,"Makanan Olahan, Minuman, Tembakau"
16,Mozambique,421030.7,2025,173.41786372964128,Olahan daging dan ikan,IV,"Makanan Olahan, Minuman, Tembakau"
16,Myanmar,28222.07,2025,,Olahan daging dan ikan,IV,"Makanan Olahan, Minuman, Tembakau"
16,Netherlands,25011352.02,2025,5.349875133891951,Olahan daging dan ikan,IV,"Makanan Olahan, Minuman, Tembakau"
16,New Caledonia,1089.92,2025,,Olahan daging dan ikan,IV,"Makanan Olahan, Minuman, Tembakau"
16,New Zealand,15302.2,2025,-3.4589532417355615,Olahan daging dan ikan,IV,"Makanan Olahan, Minuman, Tembakau"
16,Nigeria,518843.36,2025,-50.41442639933981,Olahan daging dan ikan,IV,"Makanan Olahan, Minuman, Tembakau"
16,Norway,4651.31,2025,40416.63763066203,Olahan daging dan ikan,IV,"Makanan Olahan, Minuman, Tembakau"
16,Oman,868725.25,2025,-57.43939534049147,Olahan daging dan ikan,IV,"Makanan Olahan, Minuman, Tembakau"
16,Papua New Guinea,1290302.21,2025,-41.91424254706154,Olahan daging dan ikan,IV,"Makanan Olahan, Minuman, Tembakau"
16,Peru,1735775.9,2025,365.43887381856837,Olahan daging dan ikan,IV,"Makanan Olahan, Minuman, Tembakau"
16,Philippines,1476410.8,2025,759.2880683975262,Olahan daging dan ikan,IV,"Makanan Olahan, Minuman, Tembakau"
16,Poland,1.0,2025,-99.99876237623762,Olahan daging dan ikan,IV,"Makanan Olahan, Minuman, Tembakau"
16,Portugal,1123517.49,2025,95.11982098230489,Olahan daging dan ikan,IV,"Makanan Olahan, Minuman, Tembakau"
16,Puerto Rico,4822559.9,2025,71.75502061380114,Olahan daging dan ikan,IV,"Makanan Olahan, Minuman, Tembakau"
16,Qatar,547695.1,2025,177.04709766920726,Olahan daging dan ikan,IV,"Makanan Olahan, Minuman, Tembakau"
16,Rep. Of Macedonia,2.6,2025,,Olahan daging dan ikan,IV,"Makanan Olahan, Minuman, Tembakau"
16,Reunion,177138.4,2025,181.59221695863667,Olahan daging dan ikan,IV,"Makanan Olahan, Minuman, Tembakau"
16,Romania,898527.75,2025,57.52880268658522,Olahan daging dan ikan,IV,"Makanan Olahan, Minuman, Tembakau"
16,Russia Federation,9520773.09,2025,166.8016796794831,Olahan daging dan ikan,IV,"Makanan Olahan, Minuman, Tembakau"
16,Rwanda,280627.2,2025,,Olahan daging dan ikan,IV,"Makanan Olahan, Minuman, Tembakau"
16,Samoa,86662.8,2025,101.86343794984556,Olahan daging dan ikan,IV,"Makanan Olahan, Minuman, Tembakau"
16,Saudi Arabia,71941549.09,2025,-17.819699736582557,Olahan daging dan ikan,IV,"Makanan Olahan, Minuman, Tembakau"
16,Senegal,9278041.2,2025,36.547155793066665,Olahan daging dan ikan,IV,"Makanan Olahan, Minuman, Tembakau"
16,Serbia,2097205.0,2025,143.62747575144527,Olahan daging dan ikan,IV,"Makanan Olahan, Minuman, Tembakau"
16,Sierra Leone,5763634.9,2025,85.99050104026068,Olahan daging dan ikan,IV,"Makanan Olahan, Minuman, Tembakau"
16,Singapore,6145128.47,2025,37.68598954989444,Olahan daging dan ikan,IV,"Makanan Olahan, Minuman, Tembakau"
16,Solomon Islands,160892.5,2025,-79.12564282621352,Olahan daging dan ikan,IV,"Makanan Olahan, Minuman, Tembakau"
16,Somalia,1.5,2025,-99.99961675721416,Olahan daging dan ikan,IV,"Makanan Olahan, Minuman, Tembakau"
16,South Africa,348534.0,2025,34.81271177262389,Olahan daging dan ikan,IV,"Makanan Olahan, Minuman, Tembakau"
16,Spain,33978145.47,2025,1049.1207400525032,Olahan daging dan ikan,IV,"Makanan Olahan, Minuman, Tembakau"
16,Suriname,128158.9,2025,-61.19191857161294,Olahan daging dan ikan,IV,"Makanan Olahan, Minuman, Tembakau"
16,Sweden,8272.0,2025,-81.86155843244572,Olahan daging dan ikan,IV,"Makanan Olahan, Minuman, Tembakau"
16,Switzerland,5.0,2025,-99.99858130053089,Olahan daging dan ikan,IV,"Makanan Olahan, Minuman, Tembakau"
16,Syria Arab Republic,891055.55,2025,732.450999626308,Olahan daging dan ikan,IV,"Makanan Olahan, Minuman, Tembakau"
16,Taiwan,4453810.69,2025,-3.052278642667838,Olahan daging dan ikan,IV,"Makanan Olahan, Minuman, Tembakau"
16,Tanzania United Rep. Of,4820305.6,2025,9.637305870598825,Olahan daging dan ikan,IV,"Makanan Olahan, Minuman, Tembakau"
16,Thailand,58292564.98,2025,-19.426716626754523,Olahan daging dan ikan,IV,"Makanan Olahan, Minuman, Tembakau"
16,Togo,3877853.21,2025,143.6704463323049,Olahan daging dan ikan,IV,"Makanan Olahan, Minuman, Tembakau"
16,Trinidad And Tobago,17921.41,2025,-54.03439557164453,Olahan daging dan ikan,IV,"Makanan Olahan, Minuman, Tembakau"
16,Turkey,1500100.1,2025,236.7649865011151,Olahan daging dan ikan,IV,"Makanan Olahan, Minuman, Tembakau"
16,Tuvalu,10554.65,2025,,Olahan daging dan ikan,IV,"Makanan Olahan, Minuman, Tembakau"
16,Ukraine,79960.0,2025,-2.8751199484980625,Olahan daging dan ikan,IV,"Makanan Olahan, Minuman, Tembakau"
16,United Arab Emirates,6019495.0600000005,2025,32.52411883150606,Olahan daging dan ikan,IV,"Makanan Olahan, Minuman, Tembakau"
16,United Kingdom,23002211.240000002,2025,-11.180565710888429,Olahan daging dan ikan,IV,"Makanan Olahan, Minuman, Tembakau"
16,United States,814666948.75,2025,3.3475503718122415,Olahan daging dan ikan,IV,"Makanan Olahan, Minuman, Tembakau"
16,Uzbekistan,165682.5,2025,-32.9061062094729,Olahan daging dan ikan,IV,"Makanan Olahan, Minuman, Tembakau"
16,Vanuatu,330.66,2025,,Olahan daging dan ikan,IV,"Makanan Olahan, Minuman, Tembakau"
16,Venezuela,123250.0,2025,,Olahan daging dan ikan,IV,"Makanan Olahan, Minuman, Tembakau"
16,Viet Nam,2257737.85,2025,-4.015353459756564,Olahan daging dan ikan,IV,"Makanan Olahan, Minuman, Tembakau"
16,Yemen,798981.22,2025,-35.977064602495204,Olahan daging dan ikan,IV,"Makanan Olahan, Minuman, Tembakau"
17,Algeria,65793.5,2025,,Gula dan kembang gula,IV,"Makanan Olahan, Minuman, Tembakau"
17,American Samoa,19262.97,2025,-39.18382501281015,Gula dan kembang gula,IV,"Makanan Olahan, Minuman, Tembakau"
17,Argentina,354144.56,2025,-0.753806247379744,Gula dan kembang gula,IV,"Makanan Olahan, Minuman, Tembakau"
17,Australia,4548464.26,2025,-1.2375667411630198,Gula dan kembang gula,IV,"Makanan Olahan, Minuman, Tembakau"
17,Austria,585.22,2025,521.516567544605,Gula dan kembang gula,IV,"Makanan Olahan, Minuman, Tembakau"
17,Bahrain,404698.81,2025,-14.154642836870087,Gula dan kembang gula,IV,"Makanan Olahan, Minuman, Tembakau"
17,Bangladesh,596374.75,2025,-30.776760807216146,Gula dan kembang gula,IV,"Makanan Olahan, Minuman, Tembakau"
17,Barbados,9135.5,2025,185.2169840774274,Gula dan kembang gula,IV,"Makanan Olahan, Minuman, Tembakau"
17,Belgium,856385.1799999999,2025,65.54795116366911,Gula dan kembang gula,IV,"Makanan Olahan, Minuman, Tembakau"
17,Benin,1881720.0,2025,989.4248694464064,Gula dan kembang gula,IV,"Makanan Olahan, Minuman, Tembakau"
17,Bermuda,61503.0,2025,,Gula dan kembang gula,IV,"Makanan Olahan, Minuman, Tembakau"
17,Brazil,1278470.8900000001,2025,-11.966813246235516,Gula dan kembang gula,IV,"Makanan Olahan, Minuman, Tembakau"
17,Brunei Darussalam,659738.9400000001,2025,-8.369405860184088,Gula dan kembang gula,IV,"Makanan Olahan, Minuman, Tembakau"
17,Bulgaria,40120.0,2025,-26.61423083958295,Gula dan kembang gula,IV,"Makanan Olahan, Minuman, Tembakau"
17,Burkina Faso,11937.0,2025,,Gula dan kembang gula,IV,"Makanan Olahan, Minuman, Tembakau"
17,Cambodia,2936461.52,2025,-49.22772630716592,Gula dan kembang gula,IV,"Makanan Olahan, Minuman, Tembakau"
17,Cameroon,42430.0,2025,,Gula dan kembang gula,IV,"Makanan Olahan, Minuman, Tembakau"
17,Canada,3267902.64,2025,-0.33480786197217755,Gula dan kembang gula,IV,"Makanan Olahan, Minuman, Tembakau"
17,Cape Verde,5093.7,2025,-92.64205399033905,Gula dan kembang gula,IV,"Makanan Olahan, Minuman, Tembakau"
17,Chile,527580.0499999999,2025,795.3294651918173,Gula dan kembang gula,IV,"Makanan Olahan, Minuman, Tembakau"
17,China,26917039.03,2025,49.5571554429634,Gula dan kembang gula,IV,"Makanan Olahan, Minuman, Tembakau"
17,Colombia,64045.850000000006,2025,-11.78709575762784,Gula dan kembang gula,IV,"Makanan Olahan, Minuman, Tembakau"
17,Comoros,527.0,2025,,Gula dan kembang gula,IV,"Makanan Olahan, Minuman, Tembakau"
17,Congo,409.92,2025,-81.22027872712779,Gula dan kembang gula,IV,"Makanan Olahan, Minuman, Tembakau"
17,Costa Rica,90019.5,2025,-54.82910735758746,Gula dan kembang gula,IV,"Makanan Olahan, Minuman, Tembakau"
17,Cote Divoire,461576.52,2025,40369.99842180021,Gula dan kembang gula,IV,"Makanan Olahan, Minuman, Tembakau"
17,Croatia,30400.0,2025,37.868480725623584,Gula dan kembang gula,IV,"Makanan Olahan, Minuman, Tembakau"
17,Cyprus,425.0,2025,-50.0,Gula dan kembang gula,IV,"Makanan Olahan, Minuman, Tembakau"
17,Czech Republic,186019.5,2025,-30.89692517980239,Gula dan kembang gula,IV,"Makanan Olahan, Minuman, Tembakau"
17,Democratic Rep. Of The Congo,434786.36,2025,22.234074913733433,Gula dan kembang gula,IV,"Makanan Olahan, Minuman, Tembakau"
17,Denmark,45696.0,2025,,Gula dan kembang gula,IV,"Makanan Olahan, Minuman, Tembakau"
17,Djibouti,98918.4,2025,,Gula dan kembang gula,IV,"Makanan Olahan, Minuman, Tembakau"
17,Dominican Republic,996454.61,2025,-39.7123480670623,Gula dan kembang gula,IV,"Makanan Olahan, Minuman, Tembakau"
17,East Timor,4778031.75,2025,21.802773950775183,Gula dan kembang gula,IV,"Makanan Olahan, Minuman, Tembakau"
17,Ecuador,246310.6,2025,246.0842734439875,Gula dan kembang gula,IV,"Makanan Olahan, Minuman, Tembakau"
17,Egypt,1955511.8900000001,2025,233.51751699927004,Gula dan kembang gula,IV,"Makanan Olahan, Minuman, Tembakau"
17,Equatorial Guinea,12550.0,2025,,Gula dan kembang gula,IV,"Makanan Olahan, Minuman, Tembakau"
17,Estonia,13200.0,2025,-31.606217616580313,Gula dan kembang gula,IV,"Makanan Olahan, Minuman, Tembakau"
17,Fiji,4254778.67,2025,-16.458857261392176,Gula dan kembang gula,IV,"Makanan Olahan, Minuman, Tembakau"
17,Finland,177142.7,2025,-27.591160926048904,Gula dan kembang gula,IV,"Makanan Olahan, Minuman, Tembakau"
17,France,444192.2,2025,33.24849916568236,Gula dan kembang gula,IV,"Makanan Olahan, Minuman, Tembakau"
17,French Polynesia,8521.47,2025,272.1490959909162,Gula dan kembang gula,IV,"Makanan Olahan, Minuman, Tembakau"
17,Gabon,50360.0,2025,-70.69738592287523,Gula dan kembang gula,IV,"Makanan Olahan, Minuman, Tembakau"
17,Gambia,6838551.66,2025,101838.00230750655,Gula dan kembang gula,IV,"Makanan Olahan, Minuman, Tembakau"
17,Georgia,207631.81,2025,1926.0636180186648,Gula dan kembang gula,IV,"Makanan Olahan, Minuman, Tembakau"
17,Germany Fed. Rep. Of,5141856.840000001,2025,31.462012462096954,Gula dan kembang gula,IV,"Makanan Olahan, Minuman, Tembakau"
17,Ghana,393627.95,2025,5.18131077924464,Gula dan kembang gula,IV,"Makanan Olahan, Minuman, Tembakau"
17,Greece,1483883.83,2025,81.47357438840514,Gula dan kembang gula,IV,"Makanan Olahan, Minuman, Tembakau"
17,Guam,17832.27,2025,15.261587227306597,Gula dan kembang gula,IV,"Makanan Olahan, Minuman, Tembakau"
17,Guatemala,26880.0,2025,-77.11074211265807,Gula dan kembang gula,IV,"Makanan Olahan, Minuman, Tembakau"
17,Guinea,1313490.0,2025,68.04885288352789,Gula dan kembang gula,IV,"Makanan Olahan, Minuman, Tembakau"
17,Guyana,750.0,2025,-86.15853095875242,Gula dan kembang gula,IV,"Makanan Olahan, Minuman, Tembakau"
17,Hong Kong,2197828.72,2025,3.2936559846969184,Gula dan kembang gula,IV,"Makanan Olahan, Minuman, Tembakau"
17,Hungary,37014.25,2025,-76.30915909731682,Gula dan kembang gula,IV,"Makanan Olahan, Minuman, Tembakau"
17,India,2213646.19,2025,-5.449994051025454,Gula dan kembang gula,IV,"Makanan Olahan, Minuman, Tembakau"
17,Iran (Islamic Republic Of),98492.05,2025,,Gula dan kembang gula,IV,"Makanan Olahan, Minuman, Tembakau"
17,Iraq,713218.77,2025,32.99579235659059,Gula dan kembang gula,IV,"Makanan Olahan, Minuman, Tembakau"
17,Ireland,1044164.25,2025,,Gula dan kembang gula,IV,"Makanan Olahan, Minuman, Tembakau"
17,Israel,1560888.95,2025,24.54369262478851,Gula dan kembang gula,IV,"Makanan Olahan, Minuman, Tembakau"
17,Italy,3432813.27,2025,672.3127381141229,Gula dan kembang gula,IV,"Makanan Olahan, Minuman, Tembakau"
17,Jamaica,42909.97,2025,,Gula dan kembang gula,IV,"Makanan Olahan, Minuman, Tembakau"
17,Japan,8630510.129999999,2025,11.929088395896716,Gula dan kembang gula,IV,"Makanan Olahan, Minuman, Tembakau"
17,Jordan,573792.58,2025,25.086901422660628,Gula dan kembang gula,IV,"Makanan Olahan, Minuman, Tembakau"
17,Kazakhstan,45360.19,2025,,Gula dan kembang gula,IV,"Makanan Olahan, Minuman, Tembakau"
17,Kenya,501171.21,2025,-13.281998587550442,Gula dan kembang gula,IV,"Makanan Olahan, Minuman, Tembakau"
17,Kiribati,162837.09,2025,137.5579845724602,Gula dan kembang gula,IV,"Makanan Olahan, Minuman, Tembakau"
17,Korea Republic Of,28814225.98,2025,55.898954483120754,Gula dan kembang gula,IV,"Makanan Olahan, Minuman, Tembakau"
17,Kuwait,1062729.65,2025,-55.41724809589513,Gula dan kembang gula,IV,"Makanan Olahan, Minuman, Tembakau"
17,Lebanon,997109.8400000001,2025,53.47369606711489,Gula dan kembang gula,IV,"Makanan Olahan, Minuman, Tembakau"
17,Liberia,52615.05,2025,,Gula dan kembang gula,IV,"Makanan Olahan, Minuman, Tembakau"
17,Libyan Arab Jamahiriya,727956.4,2025,141.13276382622308,Gula dan kembang gula,IV,"Makanan Olahan, Minuman, Tembakau"
17,Lithuania,334445.51,2025,127.79266522971575,Gula dan kembang gula,IV,"Makanan Olahan, Minuman, Tembakau"
17,Macau,22157.15,2025,-51.91672102772566,Gula dan kembang gula,IV,"Makanan Olahan, Minuman, Tembakau"
17,Madagascar,235930.36,2025,7.542926167766338,Gula dan kembang gula,IV,"Makanan Olahan, Minuman, Tembakau"
17,Malaysia,22924067.31,2025,-6.150002069696722,Gula dan kembang gula,IV,"Makanan Olahan, Minuman, Tembakau"
17,Maldives,112668.84999999999,2025,36.03938191342361,Gula dan kembang gula,IV,"Makanan Olahan, Minuman, Tembakau"
17,Mali,1657.6,2025,-97.14259610726987,Gula dan kembang gula,IV,"Makanan Olahan, Minuman, Tembakau"
17,Marshall Islands,12963.71,2025,105.80257497102758,Gula dan kembang gula,IV,"Makanan Olahan, Minuman, Tembakau"
17,Mauritania,2198.4,2025,-32.942898975109806,Gula dan kembang gula,IV,"Makanan Olahan, Minuman, Tembakau"
17,Mauritius,799446.4800000001,2025,37.41340678444152,Gula dan kembang gula,IV,"Makanan Olahan, Minuman, Tembakau"
17,Mexico,700325.03,2025,-53.644960184244326,Gula dan kembang gula,IV,"Makanan Olahan, Minuman, Tembakau"
17,Micronesia Fed. States Of,2579.53,2025,-59.362761315122,Gula dan kembang gula,IV,"Makanan Olahan, Minuman, Tembakau"
17,Mongolia,9525.6,2025,-92.12373677656635,Gula dan kembang gula,IV,"Makanan Olahan, Minuman, Tembakau"
17,Morocco,310965.1,2025,9.203740932350616,Gula dan kembang gula,IV,"Makanan Olahan, Minuman, Tembakau"
17,Mozambique,96575.34,2025,-18.71019222878066,Gula dan kembang gula,IV,"Makanan Olahan, Minuman, Tembakau"
17,Myanmar,178379.2,2025,-52.43714084554173,Gula dan kembang gula,IV,"Makanan Olahan, Minuman, Tembakau"
17,Namibia,66.0,2025,,Gula dan kembang gula,IV,"Makanan Olahan, Minuman, Tembakau"
17,Nepal,28017.5,2025,42.9300207884299,Gula dan kembang gula,IV,"Makanan Olahan, Minuman, Tembakau"
17,Netherlands,20406951.94,2025,241.45373203776091,Gula dan kembang gula,IV,"Makanan Olahan, Minuman, Tembakau"
17,New Caledonia,9475.8,2025,,Gula dan kembang gula,IV,"Makanan Olahan, Minuman, Tembakau"
17,New Zealand,1832349.24,2025,90.73648505202954,Gula dan kembang gula,IV,"Makanan Olahan, Minuman, Tembakau"
17,Nigeria,1208325.31,2025,-7.655803990095132,Gula dan kembang gula,IV,"Makanan Olahan, Minuman, Tembakau"
17,Northern Mariana Islands,10676.05,2025,-61.76220399962035,Gula dan kembang gula,IV,"Makanan Olahan, Minuman, Tembakau"
17,Norway,121397.0,2025,64.38766114180478,Gula dan kembang gula,IV,"Makanan Olahan, Minuman, Tembakau"
17,Oman,842118.56,2025,-31.651559391590702,Gula dan kembang gula,IV,"Makanan Olahan, Minuman, Tembakau"
17,Pakistan,1285426.89,2025,14.044096506719805,Gula dan kembang gula,IV,"Makanan Olahan, Minuman, Tembakau"
17,Palestina,58449.2,2025,429.7670624490165,Gula dan kembang gula,IV,"Makanan Olahan, Minuman, Tembakau"
17,Panama,55342.44,2025,-56.28365177032345,Gula dan kembang gula,IV,"Makanan Olahan, Minuman, Tembakau"
17,Papua New Guinea,14622351.99,2025,-14.022178901531666,Gula dan kembang gula,IV,"Makanan Olahan, Minuman, Tembakau"
17,Paraguay,15810.0,2025,652.8571428571429,Gula dan kembang gula,IV,"Makanan Olahan, Minuman, Tembakau"
17,Peru,901178.3699999999,2025,445.1412005250709,Gula dan kembang gula,IV,"Makanan Olahan, Minuman, Tembakau"
17,Philippines,66439081.35,2025,-42.345470406186905,Gula dan kembang gula,IV,"Makanan Olahan, Minuman, Tembakau"
17,Poland,1053026.06,2025,23.609117544419746,Gula dan kembang gula,IV,"Makanan Olahan, Minuman, Tembakau"
17,Portugal,115960.0,2025,47.23434079747278,Gula dan kembang gula,IV,"Makanan Olahan, Minuman, Tembakau"
17,Puerto Rico,1882443.62,2025,-32.302505100983694,Gula dan kembang gula,IV,"Makanan Olahan, Minuman, Tembakau"
17,Qatar,719342.47,2025,-22.79778331425358,Gula dan kembang gula,IV,"Makanan Olahan, Minuman, Tembakau"
17,Reunion,37606.1,2025,-9.50936041195438,Gula dan kembang gula,IV,"Makanan Olahan, Minuman, Tembakau"
17,Romania,16750.32,2025,10.762028195836754,Gula dan kembang gula,IV,"Makanan Olahan, Minuman, Tembakau"
17,Russia Federation,1966420.04,2025,20.18189525381817,Gula dan kembang gula,IV,"Makanan Olahan, Minuman, Tembakau"
17,Samoa,228569.23,2025,-54.22241145460585,Gula dan kembang gula,IV,"Makanan Olahan, Minuman, Tembakau"
17,Saudi Arabia,6484824.99,2025,16.02007120890497,Gula dan kembang gula,IV,"Makanan Olahan, Minuman, Tembakau"
17,Senegal,2975364.66,2025,257055.35984373788,Gula dan kembang gula,IV,"Makanan Olahan, Minuman, Tembakau"
17,Serbia,34865.6,2025,-6.476394849785412,Gula dan kembang gula,IV,"Makanan Olahan, Minuman, Tembakau"
17,Seychelles,32850.1,2025,-20.68844633364446,Gula dan kembang gula,IV,"Makanan Olahan, Minuman, Tembakau"
17,Sierra Leone,849636.0,2025,-0.029327488622728774,Gula dan kembang gula,IV,"Makanan Olahan, Minuman, Tembakau"
17,Singapore,7705327.08,2025,-21.3751235924469,Gula dan kembang gula,IV,"Makanan Olahan, Minuman, Tembakau"
17,Slovakia,34035.0,2025,-66.82771816805963,Gula dan kembang gula,IV,"Makanan Olahan, Minuman, Tembakau"
17,Slovenia,208531.0,2025,161.17336452753437,Gula dan kembang gula,IV,"Makanan Olahan, Minuman, Tembakau"
17,Solomon Islands,767141.27,2025,38.73671311615878,Gula dan kembang gula,IV,"Makanan Olahan, Minuman, Tembakau"
17,Somalia,1247140.8,2025,-2.367529142898865,Gula dan kembang gula,IV,"Makanan Olahan, Minuman, Tembakau"
17,South Africa,450007.35,2025,-5.30575997136156,Gula dan kembang gula,IV,"Makanan Olahan, Minuman, Tembakau"
17,Spain,2464411.93,2025,298.14300082242204,Gula dan kembang gula,IV,"Makanan Olahan, Minuman, Tembakau"
17,Sri Lanka,1886244.7399999998,2025,135.9481864968687,Gula dan kembang gula,IV,"Makanan Olahan, Minuman, Tembakau"
17,Suriname,62723.59,2025,212.20522137328587,Gula dan kembang gula,IV,"Makanan Olahan, Minuman, Tembakau"
17,Sweden,293517.80000000005,2025,-15.155320952003029,Gula dan kembang gula,IV,"Makanan Olahan, Minuman, Tembakau"
17,Switzerland,26976.84,2025,75.62589515898024,Gula dan kembang gula,IV,"Makanan Olahan, Minuman, Tembakau"
17,Syria Arab Republic,160344.0,2025,,Gula dan kembang gula,IV,"Makanan Olahan, Minuman, Tembakau"
17,Taiwan,5665366.470000001,2025,-10.92474767175456,Gula dan kembang gula,IV,"Makanan Olahan, Minuman, Tembakau"
17,Tanzania United Rep. Of,22661.7,2025,-17.026217162641302,Gula dan kembang gula,IV,"Makanan Olahan, Minuman, Tembakau"
17,Thailand,32117085.68,2025,-43.74000238690509,Gula dan kembang gula,IV,"Makanan Olahan, Minuman, Tembakau"
17,Togo,4098932.49,2025,59.57658841381775,Gula dan kembang gula,IV,"Makanan Olahan, Minuman, Tembakau"
17,Tonga,148980.24,2025,-22.452092330062065,Gula dan kembang gula,IV,"Makanan Olahan, Minuman, Tembakau"
17,Trinidad And Tobago,99052.97,2025,-5.417924699456682,Gula dan kembang gula,IV,"Makanan Olahan, Minuman, Tembakau"
17,Tunisia,77392.0,2025,15.76603151315561,Gula dan kembang gula,IV,"Makanan Olahan, Minuman, Tembakau"
17,Turkey,3219107.8899999997,2025,124.85608505413602,Gula dan kembang gula,IV,"Makanan Olahan, Minuman, Tembakau"
17,Tuvalu,2952.4,2025,14.505119453924914,Gula dan kembang gula,IV,"Makanan Olahan, Minuman, Tembakau"
17,Ukraine,22515.0,2025,86.69154228855722,Gula dan kembang gula,IV,"Makanan Olahan, Minuman, Tembakau"
17,United Arab Emirates,6889443.1899999995,2025,-21.021268702355325,Gula dan kembang gula,IV,"Makanan Olahan, Minuman, Tembakau"
17,United Kingdom,9753280.34,2025,52.69667931404397,Gula dan kembang gula,IV,"Makanan Olahan, Minuman, Tembakau"
17,United States,94642947.07,2025,31.919419715158597,Gula dan kembang gula,IV,"Makanan Olahan, Minuman, Tembakau"
17,Uzbekistan,52310.1,2025,524.3000358037951,Gula dan kembang gula,IV,"Makanan Olahan, Minuman, Tembakau"
17,Vanuatu,346145.6,2025,21.11777857338203,Gula dan kembang gula,IV,"Makanan Olahan, Minuman, Tembakau"
17,Viet Nam,18915037.27,2025,-76.04119749759748,Gula dan kembang gula,IV,"Makanan Olahan, Minuman, Tembakau"
17,Yemen,177459.9,2025,-45.78559605633218,Gula dan kembang gula,IV,"Makanan Olahan, Minuman, Tembakau"
18,Albania,34850.0,2025,-53.31547220361688,Kakao dan olahannya,IV,"Makanan Olahan, Minuman, Tembakau"
18,Algeria,3124087.66,2025,-3.2098763060645843,Kakao dan olahannya,IV,"Makanan Olahan, Minuman, Tembakau"
18,American Samoa,6369.0,2025,298.0625,Kakao dan olahannya,IV,"Makanan Olahan, Minuman, Tembakau"
18,Angola,564347.5,2025,50.642103633471066,Kakao dan olahannya,IV,"Makanan Olahan, Minuman, Tembakau"
18,Argentina,14462.5,2025,-65.234375,Kakao dan olahannya,IV,"Makanan Olahan, Minuman, Tembakau"
18,Armenia,175000.0,2025,260.2314373769552,Kakao dan olahannya,IV,"Makanan Olahan, Minuman, Tembakau"
18,Australia,150084021.49,2025,-0.46862177869583177,Kakao dan olahannya,IV,"Makanan Olahan, Minuman, Tembakau"
18,Austria,114722.27,2025,590.1745917059163,Kakao dan olahannya,IV,"Makanan Olahan, Minuman, Tembakau"
18,Bahrain,646452.05,2025,46.064329513755894,Kakao dan olahannya,IV,"Makanan Olahan, Minuman, Tembakau"
18,Bangladesh,5444759.9799999995,2025,301.8359998756578,Kakao dan olahannya,IV,"Makanan Olahan, Minuman, Tembakau"
18,Belarus,64352.6,2025,-25.970338945517412,Kakao dan olahannya,IV,"Makanan Olahan, Minuman, Tembakau"
18,Belgium,169888.18,2025,-95.50929107469904,Kakao dan olahannya,IV,"Makanan Olahan, Minuman, Tembakau"
18,Benin,55105.6,2025,,Kakao dan olahannya,IV,"Makanan Olahan, Minuman, Tembakau"
18,Brazil,26322311.140000004,2025,1685.3939476525322,Kakao dan olahannya,IV,"Makanan Olahan, Minuman, Tembakau"
18,Brunei Darussalam,498744.72,2025,0.7933505877208744,Kakao dan olahannya,IV,"Makanan Olahan, Minuman, Tembakau"
18,Bulgaria,1120105.0,2025,-52.20889024081436,Kakao dan olahannya,IV,"Makanan Olahan, Minuman, Tembakau"
18,Burkina Faso,2340.0,2025,,Kakao dan olahannya,IV,"Makanan Olahan, Minuman, Tembakau"
18,Cambodia,722328.61,2025,-2.2104371866454704,Kakao dan olahannya,IV,"Makanan Olahan, Minuman, Tembakau"
18,Cameroon,67150.0,2025,-3.7690158300327283,Kakao dan olahannya,IV,"Makanan Olahan, Minuman, Tembakau"
18,Canada,69132298.17,2025,18.76195060594755,Kakao dan olahannya,IV,"Makanan Olahan, Minuman, Tembakau"
18,Chile,2421587.0,2025,0.8339162877462983,Kakao dan olahannya,IV,"Makanan Olahan, Minuman, Tembakau"
18,China,446364299.78000003,2025,104.63538050473629,Kakao dan olahannya,IV,"Makanan Olahan, Minuman, Tembakau"
18,Colombia,117711.0,2025,-57.80665280665281,Kakao dan olahannya,IV,"Makanan Olahan, Minuman, Tembakau"
18,Cote Divoire,10.68,2025,,Kakao dan olahannya,IV,"Makanan Olahan, Minuman, Tembakau"
18,Croatia,84850.0,2025,-67.29746396361675,Kakao dan olahannya,IV,"Makanan Olahan, Minuman, Tembakau"
18,Cyprus,785.38,2025,,Kakao dan olahannya,IV,"Makanan Olahan, Minuman, Tembakau"
18,Denmark,613207.75,2025,47.143079959447384,Kakao dan olahannya,IV,"Makanan Olahan, Minuman, Tembakau"
18,Djibouti,328613.0,2025,948.2407732304061,Kakao dan olahannya,IV,"Makanan Olahan, Minuman, Tembakau"
18,Dominica,875.0,2025,,Kakao dan olahannya,IV,"Makanan Olahan, Minuman, Tembakau"
18,East Timor,1027281.46,2025,48.056966223277065,Kakao dan olahannya,IV,"Makanan Olahan, Minuman, Tembakau"
18,Egypt,43809830.55,2025,169.59156859686212,Kakao dan olahannya,IV,"Makanan Olahan, Minuman, Tembakau"
18,Estonia,262826578.95999998,2025,26.093414857706254,Kakao dan olahannya,IV,"Makanan Olahan, Minuman, Tembakau"
18,Ethiopia,30867.2,2025,37.16707193947926,Kakao dan olahannya,IV,"Makanan Olahan, Minuman, Tembakau"
18,Fiji,641352.74,2025,-4.054118422158877,Kakao dan olahannya,IV,"Makanan Olahan, Minuman, Tembakau"
18,France,110925329.67,2025,144.93368011673422,Kakao dan olahannya,IV,"Makanan Olahan, Minuman, Tembakau"
18,Georgia,496690.0,2025,174.66421803037957,Kakao dan olahannya,IV,"Makanan Olahan, Minuman, Tembakau"
18,Germany Fed. Rep. Of,16883206.67,2025,-63.130447661903474,Kakao dan olahannya,IV,"Makanan Olahan, Minuman, Tembakau"
18,Ghana,22269.49,2025,-95.01226033300453,Kakao dan olahannya,IV,"Makanan Olahan, Minuman, Tembakau"
18,Greece,1314865.0,2025,1797.3520923520923,Kakao dan olahannya,IV,"Makanan Olahan, Minuman, Tembakau"
18,Guatemala,290000.0,2025,10947.619047619048,Kakao dan olahannya,IV,"Makanan Olahan, Minuman, Tembakau"
18,Guyana,23915.0,2025,-0.3664132950324886,Kakao dan olahannya,IV,"Makanan Olahan, Minuman, Tembakau"
18,Hong Kong,735233.71,2025,31.066942419915705,Kakao dan olahannya,IV,"Makanan Olahan, Minuman, Tembakau"
18,Hungary,208104.65,2025,192.7600138991077,Kakao dan olahannya,IV,"Makanan Olahan, Minuman, Tembakau"
18,Iceland,4471.3,2025,,Kakao dan olahannya,IV,"Makanan Olahan, Minuman, Tembakau"
18,India,618288088.9300001,2025,30.241940617912057,Kakao dan olahannya,IV,"Makanan Olahan, Minuman, Tembakau"
18,Iran (Islamic Republic Of),2184621.98,2025,-54.798570523623816,Kakao dan olahannya,IV,"Makanan Olahan, Minuman, Tembakau"
18,Iraq,2183218.75,2025,84.39075013671673,Kakao dan olahannya,IV,"Makanan Olahan, Minuman, Tembakau"
18,Ireland,35174.0,2025,-29.928474212148544,Kakao dan olahannya,IV,"Makanan Olahan, Minuman, Tembakau"
18,Israel,19296650.33,2025,44.558452640997544,Kakao dan olahannya,IV,"Makanan Olahan, Minuman, Tembakau"
18,Italy,333524.35,2025,,Kakao dan olahannya,IV,"Makanan Olahan, Minuman, Tembakau"
18,Jamaica,5160.0,2025,,Kakao dan olahannya,IV,"Makanan Olahan, Minuman, Tembakau"
18,Japan,43157832.75,2025,-27.94626391848362,Kakao dan olahannya,IV,"Makanan Olahan, Minuman, Tembakau"
18,Jordan,762260.0,2025,196.2754515153382,Kakao dan olahannya,IV,"Makanan Olahan, Minuman, Tembakau"
18,Kazakhstan,8.7,2025,,Kakao dan olahannya,IV,"Makanan Olahan, Minuman, Tembakau"
18,Kenya,2036271.3,2025,145.98184627663483,Kakao dan olahannya,IV,"Makanan Olahan, Minuman, Tembakau"
18,Kiribati,8418.5,2025,1458.9814814814815,Kakao dan olahannya,IV,"Makanan Olahan, Minuman, Tembakau"
18,Korea Republic Of,8968020.03,2025,5.994675892702513,Kakao dan olahannya,IV,"Makanan Olahan, Minuman, Tembakau"
18,Kuwait,779085.3,2025,-34.30591476991617,Kakao dan olahannya,IV,"Makanan Olahan, Minuman, Tembakau"
18,Lebanon,906019.25,2025,159.6006504204811,Kakao dan olahannya,IV,"Makanan Olahan, Minuman, Tembakau"
18,Libyan Arab Jamahiriya,396673.4,2025,86.96487907081227,Kakao dan olahannya,IV,"Makanan Olahan, Minuman, Tembakau"
18,Lithuania,2753996.59,2025,7.8197683616646865,Kakao dan olahannya,IV,"Makanan Olahan, Minuman, Tembakau"
18,Macau,10836.2,2025,-66.23257399576013,Kakao dan olahannya,IV,"Makanan Olahan, Minuman, Tembakau"
18,Madagascar,133352.86,2025,-16.96260389726275,Kakao dan olahannya,IV,"Makanan Olahan, Minuman, Tembakau"
18,Malaysia,238041065.43,2025,-7.3210583455815605,Kakao dan olahannya,IV,"Makanan Olahan, Minuman, Tembakau"
18,Maldives,313152.19,2025,14.409772641623352,Kakao dan olahannya,IV,"Makanan Olahan, Minuman, Tembakau"
18,Mali,308.7,2025,,Kakao dan olahannya,IV,"Makanan Olahan, Minuman, Tembakau"
18,Marshall Islands,31500.0,2025,186.36363636363635,Kakao dan olahannya,IV,"Makanan Olahan, Minuman, Tembakau"
18,Mauritania,40800.0,2025,,Kakao dan olahannya,IV,"Makanan Olahan, Minuman, Tembakau"
18,Mauritius,41620.25,2025,4.022278928991846,Kakao dan olahannya,IV,"Makanan Olahan, Minuman, Tembakau"
18,Mexico,57178056.85,2025,47.389664867255746,Kakao dan olahannya,IV,"Makanan Olahan, Minuman, Tembakau"
18,Micronesia Fed. States Of,1656.0,2025,,Kakao dan olahannya,IV,"Makanan Olahan, Minuman, Tembakau"
18,Morocco,3423275.1100000003,2025,414.77047112073507,Kakao dan olahannya,IV,"Makanan Olahan, Minuman, Tembakau"
18,Mozambique,44625.0,2025,31.831610044313148,Kakao dan olahannya,IV,"Makanan Olahan, Minuman, Tembakau"
18,Myanmar,156285.0,2025,163.77143960455126,Kakao dan olahannya,IV,"Makanan Olahan, Minuman, Tembakau"
18,Netherlands,198956596.1,2025,4.66655048466766,Kakao dan olahannya,IV,"Makanan Olahan, Minuman, Tembakau"
18,New Zealand,37538753.54,2025,4.415168231365313,Kakao dan olahannya,IV,"Makanan Olahan, Minuman, Tembakau"
18,Nigeria,445511.26,2025,-46.93701323012035,Kakao dan olahannya,IV,"Makanan Olahan, Minuman, Tembakau"
18,Oman,242500.92,2025,128.0897532125262,Kakao dan olahannya,IV,"Makanan Olahan, Minuman, Tembakau"
18,Pakistan,31358350.259999998,2025,116.76528516368943,Kakao dan olahannya,IV,"Makanan Olahan, Minuman, Tembakau"
18,Panama,95500.0,2025,1626.9439421338157,Kakao dan olahannya,IV,"Makanan Olahan, Minuman, Tembakau"
18,Papua New Guinea,106052.03,2025,-62.15299411906972,Kakao dan olahannya,IV,"Makanan Olahan, Minuman, Tembakau"
18,Philippines,91901390.88000001,2025,70.75791562425306,Kakao dan olahannya,IV,"Makanan Olahan, Minuman, Tembakau"
18,Poland,4454706.55,2025,-21.558590359844736,Kakao dan olahannya,IV,"Makanan Olahan, Minuman, Tembakau"
18,Portugal,346832.93,2025,645.8772688172043,Kakao dan olahannya,IV,"Makanan Olahan, Minuman, Tembakau"
18,Qatar,598607.39,2025,-11.321739379053918,Kakao dan olahannya,IV,"Makanan Olahan, Minuman, Tembakau"
18,Romania,559575.0,2025,533.5409000849137,Kakao dan olahannya,IV,"Makanan Olahan, Minuman, Tembakau"
18,Russia Federation,119630385.52000001,2025,-14.560543393661385,Kakao dan olahannya,IV,"Makanan Olahan, Minuman, Tembakau"
18,Samoa,91170.9,2025,-16.387310842717167,Kakao dan olahannya,IV,"Makanan Olahan, Minuman, Tembakau"
18,Saudi Arabia,7192800.04,2025,59.800730392064125,Kakao dan olahannya,IV,"Makanan Olahan, Minuman, Tembakau"
18,Singapore,78285090.9,2025,161.31374582289368,Kakao dan olahannya,IV,"Makanan Olahan, Minuman, Tembakau"
18,Slovenia,3495.0,2025,-86.061814556331,Kakao dan olahannya,IV,"Makanan Olahan, Minuman, Tembakau"
18,Solomon Islands,212991.2,2025,68.60293634540807,Kakao dan olahannya,IV,"Makanan Olahan, Minuman, Tembakau"
18,Somalia,352.8,2025,,Kakao dan olahannya,IV,"Makanan Olahan, Minuman, Tembakau"
18,South Africa,43396881.919999994,2025,89.96163259216907,Kakao dan olahannya,IV,"Makanan Olahan, Minuman, Tembakau"
18,Spain,34851889.65,2025,102.08360974089037,Kakao dan olahannya,IV,"Makanan Olahan, Minuman, Tembakau"
18,Sri Lanka,6839459.53,2025,122.73050463234809,Kakao dan olahannya,IV,"Makanan Olahan, Minuman, Tembakau"
18,Sweden,3038.5,2025,,Kakao dan olahannya,IV,"Makanan Olahan, Minuman, Tembakau"
18,Switzerland,6374.01,2025,-66.70751179520607,Kakao dan olahannya,IV,"Makanan Olahan, Minuman, Tembakau"
18,Syria Arab Republic,460900.0,2025,12.78600269179004,Kakao dan olahannya,IV,"Makanan Olahan, Minuman, Tembakau"
18,Taiwan,2060894.1800000002,2025,45.91747227430984,Kakao dan olahannya,IV,"Makanan Olahan, Minuman, Tembakau"
18,Tanzania United Rep. Of,310474.65,2025,-18.6334945508818,Kakao dan olahannya,IV,"Makanan Olahan, Minuman, Tembakau"
18,Thailand,46381756.96,2025,86.23044129806875,Kakao dan olahannya,IV,"Makanan Olahan, Minuman, Tembakau"
18,Togo,1200.0,2025,,Kakao dan olahannya,IV,"Makanan Olahan, Minuman, Tembakau"
18,Tonga,38850.8,2025,10.750723356946374,Kakao dan olahannya,IV,"Makanan Olahan, Minuman, Tembakau"
18,Tunisia,327520.0,2025,282.90310512532733,Kakao dan olahannya,IV,"Makanan Olahan, Minuman, Tembakau"
18,Turkey,89733613.11000001,2025,410.4179948407289,Kakao dan olahannya,IV,"Makanan Olahan, Minuman, Tembakau"
18,Uganda,900.0,2025,-39.02439024390244,Kakao dan olahannya,IV,"Makanan Olahan, Minuman, Tembakau"
18,United Arab Emirates,9597811.5,2025,-65.07994630511705,Kakao dan olahannya,IV,"Makanan Olahan, Minuman, Tembakau"
18,United Kingdom,147680.09,2025,-83.14929510057382,Kakao dan olahannya,IV,"Makanan Olahan, Minuman, Tembakau"
18,United States,619096876.4100001,2025,50.423594656593785,Kakao dan olahannya,IV,"Makanan Olahan, Minuman, Tembakau"
18,Uruguay,2453487.6,2025,104.76339739003511,Kakao dan olahannya,IV,"Makanan Olahan, Minuman, Tembakau"
18,Uzbekistan,78300.0,2025,-69.80331662167374,Kakao dan olahannya,IV,"Makanan Olahan, Minuman, Tembakau"
18,Vanuatu,50652.490000000005,2025,-36.19984928034069,Kakao dan olahannya,IV,"Makanan Olahan, Minuman, Tembakau"
18,Viet Nam,20806700.33,2025,94.87521318442012,Kakao dan olahannya,IV,"Makanan Olahan, Minuman, Tembakau"
18,Yemen,102441.5,2025,23.808344009088493,Kakao dan olahannya,IV,"Makanan Olahan, Minuman, Tembakau"
18,Zambia,33915.0,2025,,Kakao dan olahannya,IV,"Makanan Olahan, Minuman, Tembakau"
19,American Samoa,605230.16,2025,21.291637863342235,"Olahan serealia, tepung, pati",IV,"Makanan Olahan, Minuman, Tembakau"
19,Angola,148366.4,2025,45.464784843764456,"Olahan serealia, tepung, pati",IV,"Makanan Olahan, Minuman, Tembakau"
19,Argentina,571292.33,2025,9.389194170896504,"Olahan serealia, tepung, pati",IV,"Makanan Olahan, Minuman, Tembakau"
19,Aruba,25.93,2025,,"Olahan serealia, tepung, pati",IV,"Makanan Olahan, Minuman, Tembakau"
19,Australia,83850642.2,2025,-7.944468471882499,"Olahan serealia, tepung, pati",IV,"Makanan Olahan, Minuman, Tembakau"
19,Austria,7227.29,2025,-13.77226148135865,"Olahan serealia, tepung, pati",IV,"Makanan Olahan, Minuman, Tembakau"
19,Bahrain,2397688.23,2025,-12.839567879452396,"Olahan serealia, tepung, pati",IV,"Makanan Olahan, Minuman, Tembakau"
19,Bangladesh,730494.65,2025,32.75580349743682,"Olahan serealia, tepung, pati",IV,"Makanan Olahan, Minuman, Tembakau"
19,Barbados,1200.0,2025,-98.17407459818229,"Olahan serealia, tepung, pati",IV,"Makanan Olahan, Minuman, Tembakau"
19,Belgium,342327.68,2025,100.4078552590368,"Olahan serealia, tepung, pati",IV,"Makanan Olahan, Minuman, Tembakau"
19,Benin,41623.5,2025,,"Olahan serealia, tepung, pati",IV,"Makanan Olahan, Minuman, Tembakau"
19,Bhutan,39560.85,2025,533.4560401201555,"Olahan serealia, tepung, pati",IV,"Makanan Olahan, Minuman, Tembakau"
19,Bosnia And Herzegovina,1000.0,2025,,"Olahan serealia, tepung, pati",IV,"Makanan Olahan, Minuman, Tembakau"
19,Botswana,18900.02,2025,,"Olahan serealia, tepung, pati",IV,"Makanan Olahan, Minuman, Tembakau"
19,Brazil,905193.87,2025,47.56307275934135,"Olahan serealia, tepung, pati",IV,"Makanan Olahan, Minuman, Tembakau"
19,Brunei Darussalam,9248062.99,2025,7.039268849920301,"Olahan serealia, tepung, pati",IV,"Makanan Olahan, Minuman, Tembakau"
19,Bulgaria,300.0,2025,,"Olahan serealia, tepung, pati",IV,"Makanan Olahan, Minuman, Tembakau"
19,Cambodia,72323469.6,2025,27.44796820695235,"Olahan serealia, tepung, pati",IV,"Makanan Olahan, Minuman, Tembakau"
19,Cameroon,183208.41,2025,,"Olahan serealia, tepung, pati",IV,"Makanan Olahan, Minuman, Tembakau"
19,Canada,8793390.94,2025,-6.063461731437092,"Olahan serealia, tepung, pati",IV,"Makanan Olahan, Minuman, Tembakau"
19,Cape Verde,36316.53,2025,-35.2105225881231,"Olahan serealia, tepung, pati",IV,"Makanan Olahan, Minuman, Tembakau"
19,Central African Republic,31.9,2025,,"Olahan serealia, tepung, pati",IV,"Makanan Olahan, Minuman, Tembakau"
19,Chile,975119.79,2025,2.328094781995378,"Olahan serealia, tepung, pati",IV,"Makanan Olahan, Minuman, Tembakau"
19,China,250805485.42,2025,-8.063747383801076,"Olahan serealia, tepung, pati",IV,"Makanan Olahan, Minuman, Tembakau"
19,Christmas Islands,2479.04,2025,36.80783197024382,"Olahan serealia, tepung, pati",IV,"Makanan Olahan, Minuman, Tembakau"
19,Colombia,2086111.43,2025,23.701619973568526,"Olahan serealia, tepung, pati",IV,"Makanan Olahan, Minuman, Tembakau"
19,Comoros,4827.0,2025,133.0173013053217,"Olahan serealia, tepung, pati",IV,"Makanan Olahan, Minuman, Tembakau"
19,Congo,55171.89,2025,6.1509858985833965,"Olahan serealia, tepung, pati",IV,"Makanan Olahan, Minuman, Tembakau"
19,Cook Islands,167791.31,2025,24.11780440062569,"Olahan serealia, tepung, pati",IV,"Makanan Olahan, Minuman, Tembakau"
19,Costa Rica,113273.3,2025,,"Olahan serealia, tepung, pati",IV,"Makanan Olahan, Minuman, Tembakau"
19,Cote Divoire,2960908.24,2025,198.0505120779226,"Olahan serealia, tepung, pati",IV,"Makanan Olahan, Minuman, Tembakau"
19,Cuba,60480.0,2025,0.0029762790559290956,"Olahan serealia, tepung, pati",IV,"Makanan Olahan, Minuman, Tembakau"
19,Cyprus,19570.73,2025,-37.23842032719467,"Olahan serealia, tepung, pati",IV,"Makanan Olahan, Minuman, Tembakau"
19,Czech Republic,19254.43,2025,106.31588534690597,"Olahan serealia, tepung, pati",IV,"Makanan Olahan, Minuman, Tembakau"
19,Democratic Rep. Of The Congo,37935.95,2025,-48.48168385372071,"Olahan serealia, tepung, pati",IV,"Makanan Olahan, Minuman, Tembakau"
19,Denmark,516307.5,2025,200.17253129266268,"Olahan serealia, tepung, pati",IV,"Makanan Olahan, Minuman, Tembakau"
19,Dominican Republic,22187.0,2025,3.798830409356725,"Olahan serealia, tepung, pati",IV,"Makanan Olahan, Minuman, Tembakau"
19,East Timor,40666168.36,2025,17.334053262357955,"Olahan serealia, tepung, pati",IV,"Makanan Olahan, Minuman, Tembakau"
19,Ecuador,18.0,2025,-99.85725614591594,"Olahan serealia, tepung, pati",IV,"Makanan Olahan, Minuman, Tembakau"
19,Egypt,253288.1,2025,-62.48897089869304,"Olahan serealia, tepung, pati",IV,"Makanan Olahan, Minuman, Tembakau"
19,Equatorial Guinea,149961.41999999998,2025,31.873841300181432,"Olahan serealia, tepung, pati",IV,"Makanan Olahan, Minuman, Tembakau"
19,Estonia,20506.61,2025,,"Olahan serealia, tepung, pati",IV,"Makanan Olahan, Minuman, Tembakau"
19,Fiji,1527380.5799999998,2025,-2.3385246176321552,"Olahan serealia, tepung, pati",IV,"Makanan Olahan, Minuman, Tembakau"
19,France,1246450.34,2025,8.087228246804134,"Olahan serealia, tepung, pati",IV,"Makanan Olahan, Minuman, Tembakau"
19,French Polynesia,218611.4,2025,-13.250112280881652,"Olahan serealia, tepung, pati",IV,"Makanan Olahan, Minuman, Tembakau"
19,Gabon,1359609.82,2025,24.659065739862505,"Olahan serealia, tepung, pati",IV,"Makanan Olahan, Minuman, Tembakau"
19,Gambia,19785.68,2025,-61.475039565342,"Olahan serealia, tepung, pati",IV,"Makanan Olahan, Minuman, Tembakau"
19,Georgia,297149.0,2025,35.049458764123536,"Olahan serealia, tepung, pati",IV,"Makanan Olahan, Minuman, Tembakau"
19,Germany Fed. Rep. Of,4925135.529999999,2025,231.54450060358283,"Olahan serealia, tepung, pati",IV,"Makanan Olahan, Minuman, Tembakau"
19,Ghana,631374.99,2025,676.0626327265326,"Olahan serealia, tepung, pati",IV,"Makanan Olahan, Minuman, Tembakau"
19,Greece,110.0,2025,,"Olahan serealia, tepung, pati",IV,"Makanan Olahan, Minuman, Tembakau"
19,Guam,64986.729999999996,2025,-15.108107733872018,"Olahan serealia, tepung, pati",IV,"Makanan Olahan, Minuman, Tembakau"
19,Guatemala,109432.49,2025,-6.523962993112674,"Olahan serealia, tepung, pati",IV,"Makanan Olahan, Minuman, Tembakau"
19,Guinea,53374.73,2025,9.211703379717768,"Olahan serealia, tepung, pati",IV,"Makanan Olahan, Minuman, Tembakau"
19,Guyana,218932.84000000003,2025,37.58810853966572,"Olahan serealia, tepung, pati",IV,"Makanan Olahan, Minuman, Tembakau"
19,Haiti,104085.3,2025,,"Olahan serealia, tepung, pati",IV,"Makanan Olahan, Minuman, Tembakau"
19,Honduras,243015.0,2025,0.6877835553437882,"Olahan serealia, tepung, pati",IV,"Makanan Olahan, Minuman, Tembakau"
19,Hong Kong,20453096.45,2025,-3.924217837853864,"Olahan serealia, tepung, pati",IV,"Makanan Olahan, Minuman, Tembakau"
19,India,50044739.57,2025,35.00927487520748,"Olahan serealia, tepung, pati",IV,"Makanan Olahan, Minuman, Tembakau"
19,Iran (Islamic Republic Of),198650.0,2025,109.58797736259933,"Olahan serealia, tepung, pati",IV,"Makanan Olahan, Minuman, Tembakau"
19,Iraq,14556529.52,2025,-2.2560269114420493,"Olahan serealia, tepung, pati",IV,"Makanan Olahan, Minuman, Tembakau"
19,Israel,3758589.05,2025,90.43227340013419,"Olahan serealia, tepung, pati",IV,"Makanan Olahan, Minuman, Tembakau"
19,Italy,486386.2600000001,2025,103.6214068744429,"Olahan serealia, tepung, pati",IV,"Makanan Olahan, Minuman, Tembakau"
19,Jamaica,43562.75,2025,13.348344882980934,"Olahan serealia, tepung, pati",IV,"Makanan Olahan, Minuman, Tembakau"
19,Japan,20812740.1,2025,-7.388305544412739,"Olahan serealia, tepung, pati",IV,"Makanan Olahan, Minuman, Tembakau"
19,Jordan,11482982.2,2025,-11.26924927198579,"Olahan serealia, tepung, pati",IV,"Makanan Olahan, Minuman, Tembakau"
19,Kazakhstan,8.38,2025,-99.98078963318746,"Olahan serealia, tepung, pati",IV,"Makanan Olahan, Minuman, Tembakau"
19,Kenya,546592.68,2025,-34.34849740002874,"Olahan serealia, tepung, pati",IV,"Makanan Olahan, Minuman, Tembakau"
19,Kiribati,871217.51,2025,16.55828003572723,"Olahan serealia, tepung, pati",IV,"Makanan Olahan, Minuman, Tembakau"
19,Korea Republic Of,42589596.81,2025,-2.81763859745133,"Olahan serealia, tepung, pati",IV,"Makanan Olahan, Minuman, Tembakau"
19,Kuwait,2212892.69,2025,-20.661830376949876,"Olahan serealia, tepung, pati",IV,"Makanan Olahan, Minuman, Tembakau"
19,Latvia,27.33,2025,,"Olahan serealia, tepung, pati",IV,"Makanan Olahan, Minuman, Tembakau"
19,Lebanon,813940.4,2025,43.398404507225614,"Olahan serealia, tepung, pati",IV,"Makanan Olahan, Minuman, Tembakau"
19,Liberia,294718.1,2025,2.7279908949620455,"Olahan serealia, tepung, pati",IV,"Makanan Olahan, Minuman, Tembakau"
19,Libyan Arab Jamahiriya,817617.37,2025,-24.604743972334507,"Olahan serealia, tepung, pati",IV,"Makanan Olahan, Minuman, Tembakau"
19,Lithuania,428698.31,2025,-31.464438856206517,"Olahan serealia, tepung, pati",IV,"Makanan Olahan, Minuman, Tembakau"
19,Macau,112971.48,2025,33.16686023957461,"Olahan serealia, tepung, pati",IV,"Makanan Olahan, Minuman, Tembakau"
19,Madagascar,983335.91,2025,-35.41521407380153,"Olahan serealia, tepung, pati",IV,"Makanan Olahan, Minuman, Tembakau"
19,Malaysia,247247646.77999997,2025,-1.4140040992234444,"Olahan serealia, tepung, pati",IV,"Makanan Olahan, Minuman, Tembakau"
19,Maldives,3092113.6,2025,14.983175199284235,"Olahan serealia, tepung, pati",IV,"Makanan Olahan, Minuman, Tembakau"
19,Malta,554492.23,2025,15.175607354725065,"Olahan serealia, tepung, pati",IV,"Makanan Olahan, Minuman, Tembakau"
19,Marshall Islands,264461.42000000004,2025,-0.936750631241061,"Olahan serealia, tepung, pati",IV,"Makanan Olahan, Minuman, Tembakau"
19,Mauritius,4456253.44,2025,14.350153780405863,"Olahan serealia, tepung, pati",IV,"Makanan Olahan, Minuman, Tembakau"
19,Mayotte,311551.4,2025,59.054318477643385,"Olahan serealia, tepung, pati",IV,"Makanan Olahan, Minuman, Tembakau"
19,Mexico,7701274.2,2025,-6.374579013044583,"Olahan serealia, tepung, pati",IV,"Makanan Olahan, Minuman, Tembakau"
19,Micronesia Fed. States Of,321037.14,2025,52.59318514969513,"Olahan serealia, tepung, pati",IV,"Makanan Olahan, Minuman, Tembakau"
19,Mongolia,562113.36,2025,1.9714637255706708,"Olahan serealia, tepung, pati",IV,"Makanan Olahan, Minuman, Tembakau"
19,Morocco,587192.54,2025,753.9945184839369,"Olahan serealia, tepung, pati",IV,"Makanan Olahan, Minuman, Tembakau"
19,Mozambique,190301.47,2025,28.177932766579737,"Olahan serealia, tepung, pati",IV,"Makanan Olahan, Minuman, Tembakau"
19,Myanmar,7113671.63,2025,-40.30348217126137,"Olahan serealia, tepung, pati",IV,"Makanan Olahan, Minuman, Tembakau"
19,Namibia,214605.56,2025,211.16049854565958,"Olahan serealia, tepung, pati",IV,"Makanan Olahan, Minuman, Tembakau"
19,Nauru,238690.6,2025,14.984512368427394,"Olahan serealia, tepung, pati",IV,"Makanan Olahan, Minuman, Tembakau"
19,Nepal,25020.059999999998,2025,-36.075064352736035,"Olahan serealia, tepung, pati",IV,"Makanan Olahan, Minuman, Tembakau"
19,Netherlands,27555579.240000002,2025,15.400121991718654,"Olahan serealia, tepung, pati",IV,"Makanan Olahan, Minuman, Tembakau"
19,Netherlands Antilles,1380.0,2025,,"Olahan serealia, tepung, pati",IV,"Makanan Olahan, Minuman, Tembakau"
19,New Caledonia,753305.41,2025,-6.754580139301441,"Olahan serealia, tepung, pati",IV,"Makanan Olahan, Minuman, Tembakau"
19,New Zealand,24245945.12,2025,-6.624022891851565,"Olahan serealia, tepung, pati",IV,"Makanan Olahan, Minuman, Tembakau"
19,Nigeria,520533.19,2025,21.563950704932545,"Olahan serealia, tepung, pati",IV,"Makanan Olahan, Minuman, Tembakau"
19,Northern Mariana Islands,55242.96,2025,-4.092799307227383,"Olahan serealia, tepung, pati",IV,"Makanan Olahan, Minuman, Tembakau"
19,Norway,388676.08999999997,2025,-15.863635201590863,"Olahan serealia, tepung, pati",IV,"Makanan Olahan, Minuman, Tembakau"
19,Oman,2882772.9299999997,2025,6.341128900845798,"Olahan serealia, tepung, pati",IV,"Makanan Olahan, Minuman, Tembakau"
19,Pakistan,8153769.41,2025,167.22974085398783,"Olahan serealia, tepung, pati",IV,"Makanan Olahan, Minuman, Tembakau"
19,Palau,5282.01,2025,548.0993865030675,"Olahan serealia, tepung, pati",IV,"Makanan Olahan, Minuman, Tembakau"
19,Palestina,566155.21,2025,,"Olahan serealia, tepung, pati",IV,"Makanan Olahan, Minuman, Tembakau"
19,Panama,451817.63999999996,2025,38.15046438208516,"Olahan serealia, tepung, pati",IV,"Makanan Olahan, Minuman, Tembakau"
19,Papua New Guinea,12699315.15,2025,5.6821986497395764,"Olahan serealia, tepung, pati",IV,"Makanan Olahan, Minuman, Tembakau"
19,Paraguay,183524.22,2025,160.84713674545532,"Olahan serealia, tepung, pati",IV,"Makanan Olahan, Minuman, Tembakau"
19,Peru,336515.76,2025,265.8151381890292,"Olahan serealia, tepung, pati",IV,"Makanan Olahan, Minuman, Tembakau"
19,Philippines,217967803.33999997,2025,22.752068429606595,"Olahan serealia, tepung, pati",IV,"Makanan Olahan, Minuman, Tembakau"
19,Poland,126338.14000000001,2025,2.8576094787361206,"Olahan serealia, tepung, pati",IV,"Makanan Olahan, Minuman, Tembakau"
19,Portugal,311505.64999999997,2025,-10.154495124145512,"Olahan serealia, tepung, pati",IV,"Makanan Olahan, Minuman, Tembakau"
19,Qatar,3287791.63,2025,37.59559016352324,"Olahan serealia, tepung, pati",IV,"Makanan Olahan, Minuman, Tembakau"
19,Reunion,178815.15999999997,2025,187.3028374694686,"Olahan serealia, tepung, pati",IV,"Makanan Olahan, Minuman, Tembakau"
19,Russia Federation,1665609.45,2025,40.99318213457896,"Olahan serealia, tepung, pati",IV,"Makanan Olahan, Minuman, Tembakau"
19,Samoa,1253254.7,2025,-15.403206852089765,"Olahan serealia, tepung, pati",IV,"Makanan Olahan, Minuman, Tembakau"
19,Saudi Arabia,14580206.24,2025,-24.33959980643998,"Olahan serealia, tepung, pati",IV,"Makanan Olahan, Minuman, Tembakau"
19,Senegal,145112.24,2025,193.36767999702406,"Olahan serealia, tepung, pati",IV,"Makanan Olahan, Minuman, Tembakau"
19,Seychelles,685262.89,2025,12.172821238828893,"Olahan serealia, tepung, pati",IV,"Makanan Olahan, Minuman, Tembakau"
19,Sierra Leone,205650.24,2025,30.66731238842223,"Olahan serealia, tepung, pati",IV,"Makanan Olahan, Minuman, Tembakau"
19,Singapore,26483457.970000003,2025,-4.933951881032667,"Olahan serealia, tepung, pati",IV,"Makanan Olahan, Minuman, Tembakau"
19,Solomon Islands,4613459.55,2025,-3.508540743405833,"Olahan serealia, tepung, pati",IV,"Makanan Olahan, Minuman, Tembakau"
19,Somalia,387904.61,2025,29.515630320774594,"Olahan serealia, tepung, pati",IV,"Makanan Olahan, Minuman, Tembakau"
19,South Africa,12801544.47,2025,19.421231970318185,"Olahan serealia, tepung, pati",IV,"Makanan Olahan, Minuman, Tembakau"
19,Spain,1974552.4700000002,2025,-2.101242692165986,"Olahan serealia, tepung, pati",IV,"Makanan Olahan, Minuman, Tembakau"
19,Sri Lanka,2348818.38,2025,37.25415625625295,"Olahan serealia, tepung, pati",IV,"Makanan Olahan, Minuman, Tembakau"
19,Suriname,1327309.83,2025,3.797021450281947,"Olahan serealia, tepung, pati",IV,"Makanan Olahan, Minuman, Tembakau"
19,Sweden,56254.06,2025,-41.951264664245066,"Olahan serealia, tepung, pati",IV,"Makanan Olahan, Minuman, Tembakau"
19,Switzerland,11861.36,2025,74.93831402988948,"Olahan serealia, tepung, pati",IV,"Makanan Olahan, Minuman, Tembakau"
19,Taiwan,32932622.770000003,2025,5.642318771210401,"Olahan serealia, tepung, pati",IV,"Makanan Olahan, Minuman, Tembakau"
19,Tanzania United Rep. Of,85943.90000000001,2025,-4.256280292449579,"Olahan serealia, tepung, pati",IV,"Makanan Olahan, Minuman, Tembakau"
19,Thailand,116556001.14,2025,0.6245860785945129,"Olahan serealia, tepung, pati",IV,"Makanan Olahan, Minuman, Tembakau"
19,Togo,146040.72,2025,97.7848852138244,"Olahan serealia, tepung, pati",IV,"Makanan Olahan, Minuman, Tembakau"
19,Tonga,2732048.4,2025,5.038289930655793,"Olahan serealia, tepung, pati",IV,"Makanan Olahan, Minuman, Tembakau"
19,Trinidad And Tobago,92372.42,2025,3.9026182278909394,"Olahan serealia, tepung, pati",IV,"Makanan Olahan, Minuman, Tembakau"
19,Turkey,700346.11,2025,75.68556256266994,"Olahan serealia, tepung, pati",IV,"Makanan Olahan, Minuman, Tembakau"
19,Tuvalu,77058.04,2025,2344.851119183971,"Olahan serealia, tepung, pati",IV,"Makanan Olahan, Minuman, Tembakau"
19,Uganda,545.0,2025,2625.0,"Olahan serealia, tepung, pati",IV,"Makanan Olahan, Minuman, Tembakau"
19,United Arab Emirates,46042203.839999996,2025,52.69151262028514,"Olahan serealia, tepung, pati",IV,"Makanan Olahan, Minuman, Tembakau"
19,United Kingdom,5907319.08,2025,5.283136643647851,"Olahan serealia, tepung, pati",IV,"Makanan Olahan, Minuman, Tembakau"
19,United States,55646243.6,2025,-25.81435891131898,"Olahan serealia, tepung, pati",IV,"Makanan Olahan, Minuman, Tembakau"
19,Uruguay,506.88,2025,,"Olahan serealia, tepung, pati",IV,"Makanan Olahan, Minuman, Tembakau"
19,Uzbekistan,13225.0,2025,-77.58664519955936,"Olahan serealia, tepung, pati",IV,"Makanan Olahan, Minuman, Tembakau"
19,Vanuatu,1073562.15,2025,22.56053580569726,"Olahan serealia, tepung, pati",IV,"Makanan Olahan, Minuman, Tembakau"
19,Viet Nam,127583853.72,2025,12.025173439639044,"Olahan serealia, tepung, pati",IV,"Makanan Olahan, Minuman, Tembakau"
19,Yemen,6463213.77,2025,287.8133066207225,"Olahan serealia, tepung, pati",IV,"Makanan Olahan, Minuman, Tembakau"
20,American Samoa,23583.31,2025,-60.213732602277524,Olahan sayuran dan buah,IV,"Makanan Olahan, Minuman, Tembakau"
20,Argentina,5912874.36,2025,43.889754890165484,Olahan sayuran dan buah,IV,"Makanan Olahan, Minuman, Tembakau"
20,Australia,19139554.07,2025,13.08397799039334,Olahan sayuran dan buah,IV,"Makanan Olahan, Minuman, Tembakau"
20,Austria,1037204.6499999999,2025,46.70924865130149,Olahan sayuran dan buah,IV,"Makanan Olahan, Minuman, Tembakau"
20,Bahrain,410662.07,2025,51.03959004061749,Olahan sayuran dan buah,IV,"Makanan Olahan, Minuman, Tembakau"
20,Bangladesh,13576.9,2025,,Olahan sayuran dan buah,IV,"Makanan Olahan, Minuman, Tembakau"
20,Belgium,2498525.45,2025,28.63514400311848,Olahan sayuran dan buah,IV,"Makanan Olahan, Minuman, Tembakau"
20,Brazil,21623.75,2025,259.75546859922673,Olahan sayuran dan buah,IV,"Makanan Olahan, Minuman, Tembakau"
20,Brunei Darussalam,604710.73,2025,5.824661360092435,Olahan sayuran dan buah,IV,"Makanan Olahan, Minuman, Tembakau"
20,Bulgaria,54405.0,2025,20.334428187518665,Olahan sayuran dan buah,IV,"Makanan Olahan, Minuman, Tembakau"
20,Cambodia,345561.5,2025,-11.848674452772075,Olahan sayuran dan buah,IV,"Makanan Olahan, Minuman, Tembakau"
20,Canada,10709299.5,2025,59.64829228972369,Olahan sayuran dan buah,IV,"Makanan Olahan, Minuman, Tembakau"
20,Chile,238473.5,2025,-73.87619555703564,Olahan sayuran dan buah,IV,"Makanan Olahan, Minuman, Tembakau"
20,China,56563705.69,2025,5.9754243480863245,Olahan sayuran dan buah,IV,"Makanan Olahan, Minuman, Tembakau"
20,Colombia,6.0,2025,,Olahan sayuran dan buah,IV,"Makanan Olahan, Minuman, Tembakau"
20,Croatia,424914.12,2025,21.85545652838486,Olahan sayuran dan buah,IV,"Makanan Olahan, Minuman, Tembakau"
20,Czech Republic,71250.0,2025,-62.41414599664496,Olahan sayuran dan buah,IV,"Makanan Olahan, Minuman, Tembakau"
20,Denmark,1007275.9099999999,2025,12.039521209517405,Olahan sayuran dan buah,IV,"Makanan Olahan, Minuman, Tembakau"
20,East Timor,2056603.05,2025,23.57961098078266,Olahan sayuran dan buah,IV,"Makanan Olahan, Minuman, Tembakau"
20,Fiji,404559.73,2025,65.44109612569213,Olahan sayuran dan buah,IV,"Makanan Olahan, Minuman, Tembakau"
20,Finland,4685476.26,2025,56.61460619919282,Olahan sayuran dan buah,IV,"Makanan Olahan, Minuman, Tembakau"
20,France,5264410.6,2025,-27.878394054758544,Olahan sayuran dan buah,IV,"Makanan Olahan, Minuman, Tembakau"
20,Germany Fed. Rep. Of,16425956.34,2025,52.65643336728322,Olahan sayuran dan buah,IV,"Makanan Olahan, Minuman, Tembakau"
20,Ghana,762.0,2025,,Olahan sayuran dan buah,IV,"Makanan Olahan, Minuman, Tembakau"
20,Greece,892701.6,2025,82.19887337741855,Olahan sayuran dan buah,IV,"Makanan Olahan, Minuman, Tembakau"
20,Guam,552.1,2025,-78.04422174500914,Olahan sayuran dan buah,IV,"Makanan Olahan, Minuman, Tembakau"
20,Guyana,9900.0,2025,,Olahan sayuran dan buah,IV,"Makanan Olahan, Minuman, Tembakau"
20,Hong Kong,2508125.76,2025,-11.974141180586031,Olahan sayuran dan buah,IV,"Makanan Olahan, Minuman, Tembakau"
20,Hungary,92205.0,2025,-63.94292811344926,Olahan sayuran dan buah,IV,"Makanan Olahan, Minuman, Tembakau"
20,India,54303501.92,2025,239.33786426857847,Olahan sayuran dan buah,IV,"Makanan Olahan, Minuman, Tembakau"
20,Iran (Islamic Republic Of),28000.0,2025,,Olahan sayuran dan buah,IV,"Makanan Olahan, Minuman, Tembakau"
20,Iraq,33095.84,2025,157.05107493475825,Olahan sayuran dan buah,IV,"Makanan Olahan, Minuman, Tembakau"
20,Ireland,681275.45,2025,457.97451963771715,Olahan sayuran dan buah,IV,"Makanan Olahan, Minuman, Tembakau"
20,Israel,1894257.31,2025,-0.8096877737181261,Olahan sayuran dan buah,IV,"Makanan Olahan, Minuman, Tembakau"
20,Italy,4509278.63,2025,15.836909530898675,Olahan sayuran dan buah,IV,"Makanan Olahan, Minuman, Tembakau"
20,Japan,27947213.380000003,2025,19.803218694940057,Olahan sayuran dan buah,IV,"Makanan Olahan, Minuman, Tembakau"
20,Jordan,1830427.64,2025,10.43436466676896,Olahan sayuran dan buah,IV,"Makanan Olahan, Minuman, Tembakau"
20,Kazakhstan,564696.0,2025,,Olahan sayuran dan buah,IV,"Makanan Olahan, Minuman, Tembakau"
20,Kenya,35870.25,2025,-93.66889653977691,Olahan sayuran dan buah,IV,"Makanan Olahan, Minuman, Tembakau"
20,Kiribati,4298.6,2025,-97.05877523092713,Olahan sayuran dan buah,IV,"Makanan Olahan, Minuman, Tembakau"
20,Korea Republic Of,14289475.43,2025,-3.9042441533717067,Olahan sayuran dan buah,IV,"Makanan Olahan, Minuman, Tembakau"
20,Kuwait,551701.3,2025,-27.630806484353656,Olahan sayuran dan buah,IV,"Makanan Olahan, Minuman, Tembakau"
20,Lebanon,1221277.52,2025,232.02215381322895,Olahan sayuran dan buah,IV,"Makanan Olahan, Minuman, Tembakau"
20,Macau,5780.95,2025,-50.82574504191458,Olahan sayuran dan buah,IV,"Makanan Olahan, Minuman, Tembakau"
20,Malaysia,6322336.4399999995,2025,-7.458111325246579,Olahan sayuran dan buah,IV,"Makanan Olahan, Minuman, Tembakau"
20,Maldives,83824.65,2025,160.43912410065403,Olahan sayuran dan buah,IV,"Makanan Olahan, Minuman, Tembakau"
20,Mauritius,163250.0,2025,41.68646733239489,Olahan sayuran dan buah,IV,"Makanan Olahan, Minuman, Tembakau"
20,Mexico,7353568.2,2025,-41.158762580453555,Olahan sayuran dan buah,IV,"Makanan Olahan, Minuman, Tembakau"
20,Micronesia Fed. States Of,26177.04,2025,194.34430708822558,Olahan sayuran dan buah,IV,"Makanan Olahan, Minuman, Tembakau"
20,Mongolia,62060.0,2025,-31.759828904759544,Olahan sayuran dan buah,IV,"Makanan Olahan, Minuman, Tembakau"
20,Morocco,76138.0,2025,-11.5440693817565,Olahan sayuran dan buah,IV,"Makanan Olahan, Minuman, Tembakau"
20,Netherlands,36338032.81,2025,25.360460105881454,Olahan sayuran dan buah,IV,"Makanan Olahan, Minuman, Tembakau"
20,New Caledonia,13231.28,2025,-51.049286343221176,Olahan sayuran dan buah,IV,"Makanan Olahan, Minuman, Tembakau"
20,New Zealand,4555372.29,2025,-5.100144143495817,Olahan sayuran dan buah,IV,"Makanan Olahan, Minuman, Tembakau"
20,Nigeria,238.35,2025,-99.87036205075432,Olahan sayuran dan buah,IV,"Makanan Olahan, Minuman, Tembakau"
20,Norway,3206689.3899999997,2025,68.37061810367389,Olahan sayuran dan buah,IV,"Makanan Olahan, Minuman, Tembakau"
20,Oman,168631.29,2025,-40.04250858689027,Olahan sayuran dan buah,IV,"Makanan Olahan, Minuman, Tembakau"
20,Pakistan,578072.69,2025,66.37263186251172,Olahan sayuran dan buah,IV,"Makanan Olahan, Minuman, Tembakau"
20,Panama,58132.02,2025,-39.91559742265165,Olahan sayuran dan buah,IV,"Makanan Olahan, Minuman, Tembakau"
20,Papua New Guinea,64082.0,2025,-95.72244980523604,Olahan sayuran dan buah,IV,"Makanan Olahan, Minuman, Tembakau"
20,Peru,1276410.0,2025,101.95638254144102,Olahan sayuran dan buah,IV,"Makanan Olahan, Minuman, Tembakau"
20,Philippines,993661.13,2025,37.16256492407168,Olahan sayuran dan buah,IV,"Makanan Olahan, Minuman, Tembakau"
20,Poland,755087.01,2025,30.89592809409856,Olahan sayuran dan buah,IV,"Makanan Olahan, Minuman, Tembakau"
20,Portugal,587235.4,2025,137.67050323007203,Olahan sayuran dan buah,IV,"Makanan Olahan, Minuman, Tembakau"
20,Puerto Rico,2062464.95,2025,14.90896091629389,Olahan sayuran dan buah,IV,"Makanan Olahan, Minuman, Tembakau"
20,Qatar,332426.8,2025,-27.315577491090536,Olahan sayuran dan buah,IV,"Makanan Olahan, Minuman, Tembakau"
20,Romania,49547.8,2025,-71.92865766568634,Olahan sayuran dan buah,IV,"Makanan Olahan, Minuman, Tembakau"
20,Russia Federation,1660376.5899999999,2025,-71.44163097046672,Olahan sayuran dan buah,IV,"Makanan Olahan, Minuman, Tembakau"
20,Samoa,57687.4,2025,-55.209211680759054,Olahan sayuran dan buah,IV,"Makanan Olahan, Minuman, Tembakau"
20,Saudi Arabia,3949295.9899999998,2025,-1.9030636203852265,Olahan sayuran dan buah,IV,"Makanan Olahan, Minuman, Tembakau"
20,Serbia,22880.0,2025,,Olahan sayuran dan buah,IV,"Makanan Olahan, Minuman, Tembakau"
20,Seychelles,44010.5,2025,5074.661963550852,Olahan sayuran dan buah,IV,"Makanan Olahan, Minuman, Tembakau"
20,Sierra Leone,57087.5,2025,,Olahan sayuran dan buah,IV,"Makanan Olahan, Minuman, Tembakau"
20,Singapore,37742832.51,2025,22.33724064897563,Olahan sayuran dan buah,IV,"Makanan Olahan, Minuman, Tembakau"
20,Slovakia,328640.0,2025,50.83532219570406,Olahan sayuran dan buah,IV,"Makanan Olahan, Minuman, Tembakau"
20,Slovenia,1052342.2,2025,67.68398787299645,Olahan sayuran dan buah,IV,"Makanan Olahan, Minuman, Tembakau"
20,Solomon Islands,101398.9,2025,-52.75996162986423,Olahan sayuran dan buah,IV,"Makanan Olahan, Minuman, Tembakau"
20,South Africa,394176.44,2025,-16.661781371040036,Olahan sayuran dan buah,IV,"Makanan Olahan, Minuman, Tembakau"
20,Spain,28147071.86,2025,27.842151435362467,Olahan sayuran dan buah,IV,"Makanan Olahan, Minuman, Tembakau"
20,Sri Lanka,37298.0,2025,96.82321899736148,Olahan sayuran dan buah,IV,"Makanan Olahan, Minuman, Tembakau"
20,Suriname,48934.09,2025,118.19081294142823,Olahan sayuran dan buah,IV,"Makanan Olahan, Minuman, Tembakau"
20,Sweden,1149414.58,2025,40.7701028767293,Olahan sayuran dan buah,IV,"Makanan Olahan, Minuman, Tembakau"
20,Switzerland,3849543.9299999997,2025,17.475031683336535,Olahan sayuran dan buah,IV,"Makanan Olahan, Minuman, Tembakau"
20,Taiwan,3823398.55,2025,53.31130080345432,Olahan sayuran dan buah,IV,"Makanan Olahan, Minuman, Tembakau"
20,Tanzania United Rep. Of,2100.0,2025,,Olahan sayuran dan buah,IV,"Makanan Olahan, Minuman, Tembakau"
20,Thailand,3336664.23,2025,49.564648442366796,Olahan sayuran dan buah,IV,"Makanan Olahan, Minuman, Tembakau"
20,Tonga,9482.58,2025,-77.59897002196972,Olahan sayuran dan buah,IV,"Makanan Olahan, Minuman, Tembakau"
20,Trinidad And Tobago,5205.95,2025,-25.657960500949635,Olahan sayuran dan buah,IV,"Makanan Olahan, Minuman, Tembakau"
20,Turkey,215698.4,2025,31.949232507956317,Olahan sayuran dan buah,IV,"Makanan Olahan, Minuman, Tembakau"
20,Ukraine,488851.11,2025,70.26863512574927,Olahan sayuran dan buah,IV,"Makanan Olahan, Minuman, Tembakau"
20,United Arab Emirates,3726119.24,2025,4.197767476834131,Olahan sayuran dan buah,IV,"Makanan Olahan, Minuman, Tembakau"
20,United Kingdom,12795475.27,2025,3.70642771954951,Olahan sayuran dan buah,IV,"Makanan Olahan, Minuman, Tembakau"
20,United States,106838833.9,2025,-12.365357521669894,Olahan sayuran dan buah,IV,"Makanan Olahan, Minuman, Tembakau"
20,Uruguay,81360.0,2025,247.6923076923077,Olahan sayuran dan buah,IV,"Makanan Olahan, Minuman, Tembakau"
20,Uzbekistan,154346.4,2025,-45.13493530499076,Olahan sayuran dan buah,IV,"Makanan Olahan, Minuman, Tembakau"
20,Vanuatu,2459.8,2025,-90.61347457513934,Olahan sayuran dan buah,IV,"Makanan Olahan, Minuman, Tembakau"
20,Viet Nam,4885109.32,2025,222.3471855807492,Olahan sayuran dan buah,IV,"Makanan Olahan, Minuman, Tembakau"
20,Yemen,50216.4,2025,103.78378378378379,Olahan sayuran dan buah,IV,"Makanan Olahan, Minuman, Tembakau"
21,Afghanistan,189290.2,2025,-83.04771326171809,Olahan makanan lain-lain,IV,"Makanan Olahan, Minuman, Tembakau"
21,Algeria,87912.0,2025,-55.59192580469177,Olahan makanan lain-lain,IV,"Makanan Olahan, Minuman, Tembakau"
21,American Samoa,121140.64,2025,-17.80863816200623,Olahan makanan lain-lain,IV,"Makanan Olahan, Minuman, Tembakau"
21,Angola,140400.0,2025,13.279093302518842,Olahan makanan lain-lain,IV,"Makanan Olahan, Minuman, Tembakau"
21,Argentina,46588.78,2025,7760.697172167104,Olahan makanan lain-lain,IV,"Makanan Olahan, Minuman, Tembakau"
21,Australia,34823747.33,2025,22.962883667800327,Olahan makanan lain-lain,IV,"Makanan Olahan, Minuman, Tembakau"
21,Austria,611825.48,2025,1007.7636002736884,Olahan makanan lain-lain,IV,"Makanan Olahan, Minuman, Tembakau"
21,Azerbaijan,54300.0,2025,-78.66555607069049,Olahan makanan lain-lain,IV,"Makanan Olahan, Minuman, Tembakau"
21,Bahrain,440220.37,2025,2.105043229233151,Olahan makanan lain-lain,IV,"Makanan Olahan, Minuman, Tembakau"
21,Bangladesh,3723426.51,2025,20.952322115862245,Olahan makanan lain-lain,IV,"Makanan Olahan, Minuman, Tembakau"
21,Belgium,383732.19,2025,-32.396678656308815,Olahan makanan lain-lain,IV,"Makanan Olahan, Minuman, Tembakau"
21,Belize,149074.56,2025,16.32955771305286,Olahan makanan lain-lain,IV,"Makanan Olahan, Minuman, Tembakau"
21,Benin,734172.61,2025,1513.7789818437595,Olahan makanan lain-lain,IV,"Makanan Olahan, Minuman, Tembakau"
21,Brazil,4321896.55,2025,34.56310735957292,Olahan makanan lain-lain,IV,"Makanan Olahan, Minuman, Tembakau"
21,Brunei Darussalam,3973252.84,2025,33.22707811526952,Olahan makanan lain-lain,IV,"Makanan Olahan, Minuman, Tembakau"
21,Bulgaria,58550.0,2025,170.49927096865994,Olahan makanan lain-lain,IV,"Makanan Olahan, Minuman, Tembakau"
21,Cambodia,4470526.109999999,2025,42.65855247131687,Olahan makanan lain-lain,IV,"Makanan Olahan, Minuman, Tembakau"
21,Cameroon,350340.56,2025,2.4855080095014093,Olahan makanan lain-lain,IV,"Makanan Olahan, Minuman, Tembakau"
21,Canada,7876908.91,2025,57.909904114862734,Olahan makanan lain-lain,IV,"Makanan Olahan, Minuman, Tembakau"
21,Central African Republic,17.54,2025,,Olahan makanan lain-lain,IV,"Makanan Olahan, Minuman, Tembakau"
21,Chile,150077.73,2025,-40.10639974873679,Olahan makanan lain-lain,IV,"Makanan Olahan, Minuman, Tembakau"
21,China,53046477.18,2025,113.1997352892235,Olahan makanan lain-lain,IV,"Makanan Olahan, Minuman, Tembakau"
21,Colombia,415906.88,2025,-16.158543567162532,Olahan makanan lain-lain,IV,"Makanan Olahan, Minuman, Tembakau"
21,Comoros,570.0,2025,,Olahan makanan lain-lain,IV,"Makanan Olahan, Minuman, Tembakau"
21,Congo,90063.32,2025,,Olahan makanan lain-lain,IV,"Makanan Olahan, Minuman, Tembakau"
21,Cote Divoire,1761362.23,2025,1014.6712269557001,Olahan makanan lain-lain,IV,"Makanan Olahan, Minuman, Tembakau"
21,Croatia,7716414.6,2025,11.60761731047531,Olahan makanan lain-lain,IV,"Makanan Olahan, Minuman, Tembakau"
21,Curacao,3372.0,2025,,Olahan makanan lain-lain,IV,"Makanan Olahan, Minuman, Tembakau"
21,Cyprus,124685.6,2025,11.548529661737215,Olahan makanan lain-lain,IV,"Makanan Olahan, Minuman, Tembakau"
21,Czech Republic,1039065.17,2025,943.0494101368406,Olahan makanan lain-lain,IV,"Makanan Olahan, Minuman, Tembakau"
21,Democratic Rep. Of The Congo,657.96,2025,,Olahan makanan lain-lain,IV,"Makanan Olahan, Minuman, Tembakau"
21,Denmark,515659.5,2025,63.35654401260273,Olahan makanan lain-lain,IV,"Makanan Olahan, Minuman, Tembakau"
21,East Timor,15481962.41,2025,-5.277344826660614,Olahan makanan lain-lain,IV,"Makanan Olahan, Minuman, Tembakau"
21,Egypt,8927801.88,2025,167.58662199409494,Olahan makanan lain-lain,IV,"Makanan Olahan, Minuman, Tembakau"
21,Equatorial Guinea,8800.0,2025,,Olahan makanan lain-lain,IV,"Makanan Olahan, Minuman, Tembakau"
21,Estonia,9040.02,2025,5.245376024364729,Olahan makanan lain-lain,IV,"Makanan Olahan, Minuman, Tembakau"
21,Ethiopia,654745.7999999999,2025,10.305989683143887,Olahan makanan lain-lain,IV,"Makanan Olahan, Minuman, Tembakau"
21,Fiji,1495720.96,2025,20.88372499114074,Olahan makanan lain-lain,IV,"Makanan Olahan, Minuman, Tembakau"
21,Finland,648521.2,2025,804.0386974461916,Olahan makanan lain-lain,IV,"Makanan Olahan, Minuman, Tembakau"
21,France,6069828.79,2025,7.3480113330509855,Olahan makanan lain-lain,IV,"Makanan Olahan, Minuman, Tembakau"
21,French Polynesia,122262.59,2025,,Olahan makanan lain-lain,IV,"Makanan Olahan, Minuman, Tembakau"
21,Gabon,192152.89,2025,169.59367239565066,Olahan makanan lain-lain,IV,"Makanan Olahan, Minuman, Tembakau"
21,Gambia,510158.86,2025,-6.288430329721045,Olahan makanan lain-lain,IV,"Makanan Olahan, Minuman, Tembakau"
21,Georgia,3596960.9400000004,2025,253.07338009533638,Olahan makanan lain-lain,IV,"Makanan Olahan, Minuman, Tembakau"
21,Germany Fed. Rep. Of,24511518.0,2025,33.88876019030286,Olahan makanan lain-lain,IV,"Makanan Olahan, Minuman, Tembakau"
21,Ghana,6149579.86,2025,66.68416093535295,Olahan makanan lain-lain,IV,"Makanan Olahan, Minuman, Tembakau"
21,Guadeloupe,86625.0,2025,275.0,Olahan makanan lain-lain,IV,"Makanan Olahan, Minuman, Tembakau"
21,Guam,328161.34,2025,46.536054706094085,Olahan makanan lain-lain,IV,"Makanan Olahan, Minuman, Tembakau"
21,Guinea,1524272.43,2025,47.30277108746935,Olahan makanan lain-lain,IV,"Makanan Olahan, Minuman, Tembakau"
21,Hong Kong,14557055.04,2025,-14.007605457138132,Olahan makanan lain-lain,IV,"Makanan Olahan, Minuman, Tembakau"
21,Hungary,211956.38,2025,1111.1793142857143,Olahan makanan lain-lain,IV,"Makanan Olahan, Minuman, Tembakau"
21,Iceland,27109.5,2025,,Olahan makanan lain-lain,IV,"Makanan Olahan, Minuman, Tembakau"
21,India,5501235.79,2025,74.62560261383865,Olahan makanan lain-lain,IV,"Makanan Olahan, Minuman, Tembakau"
21,Iran (Islamic Republic Of),12019963.57,2025,-0.1631513475521509,Olahan makanan lain-lain,IV,"Makanan Olahan, Minuman, Tembakau"
21,Iraq,24554817.67,2025,8.858307642907091,Olahan makanan lain-lain,IV,"Makanan Olahan, Minuman, Tembakau"
21,Ireland,248446.0,2025,27.262049558980845,Olahan makanan lain-lain,IV,"Makanan Olahan, Minuman, Tembakau"
21,Israel,6248242.55,2025,-2.591394698486773,Olahan makanan lain-lain,IV,"Makanan Olahan, Minuman, Tembakau"
21,Italy,2508086.45,2025,-21.602816002302966,Olahan makanan lain-lain,IV,"Makanan Olahan, Minuman, Tembakau"
21,Jamaica,841121.28,2025,569.3619361936193,Olahan makanan lain-lain,IV,"Makanan Olahan, Minuman, Tembakau"
21,Japan,32303794.08,2025,43.579173437724116,Olahan makanan lain-lain,IV,"Makanan Olahan, Minuman, Tembakau"
21,Jordan,18032155.92,2025,52.581809636227646,Olahan makanan lain-lain,IV,"Makanan Olahan, Minuman, Tembakau"
21,Kazakhstan,105334.0,2025,313.07450980392156,Olahan makanan lain-lain,IV,"Makanan Olahan, Minuman, Tembakau"
21,Kenya,4357831.18,2025,37.997894149089156,Olahan makanan lain-lain,IV,"Makanan Olahan, Minuman, Tembakau"
21,Kiribati,174346.53,2025,-23.68199108214963,Olahan makanan lain-lain,IV,"Makanan Olahan, Minuman, Tembakau"
21,Korea Republic Of,8546439.37,2025,31.73634035055683,Olahan makanan lain-lain,IV,"Makanan Olahan, Minuman, Tembakau"
21,Kuwait,3912398.71,2025,-5.4861893460458,Olahan makanan lain-lain,IV,"Makanan Olahan, Minuman, Tembakau"
21,Kyrgyzstan,39100.0,2025,-44.230494936528316,Olahan makanan lain-lain,IV,"Makanan Olahan, Minuman, Tembakau"
21,Lao Peoples Dem. Rep.,7753.48,2025,-81.74397468378275,Olahan makanan lain-lain,IV,"Makanan Olahan, Minuman, Tembakau"
21,Latvia,58380.0,2025,-31.39835487661575,Olahan makanan lain-lain,IV,"Makanan Olahan, Minuman, Tembakau"
21,Lebanon,12165132.700000001,2025,11.498750924235743,Olahan makanan lain-lain,IV,"Makanan Olahan, Minuman, Tembakau"
21,Liberia,362182.75,2025,27.38473058446595,Olahan makanan lain-lain,IV,"Makanan Olahan, Minuman, Tembakau"
21,Libyan Arab Jamahiriya,6672740.75,2025,98.08502169723818,Olahan makanan lain-lain,IV,"Makanan Olahan, Minuman, Tembakau"
21,Lithuania,35174.1,2025,7.487888012937368,Olahan makanan lain-lain,IV,"Makanan Olahan, Minuman, Tembakau"
21,Macau,8003.860000000001,2025,-71.88428798102542,Olahan makanan lain-lain,IV,"Makanan Olahan, Minuman, Tembakau"
21,Madagascar,823996.25,2025,11.951760799301157,Olahan makanan lain-lain,IV,"Makanan Olahan, Minuman, Tembakau"
21,Malaysia,256846957.83,2025,50.119669705143735,Olahan makanan lain-lain,IV,"Makanan Olahan, Minuman, Tembakau"
21,Maldives,313220.4,2025,5.309746831280779,Olahan makanan lain-lain,IV,"Makanan Olahan, Minuman, Tembakau"
21,Mali,274.9,2025,-99.66746182282695,Olahan makanan lain-lain,IV,"Makanan Olahan, Minuman, Tembakau"
21,Malta,147125.0,2025,57.847586554657916,Olahan makanan lain-lain,IV,"Makanan Olahan, Minuman, Tembakau"
21,Marshall Islands,79705.94,2025,81.22400072757038,Olahan makanan lain-lain,IV,"Makanan Olahan, Minuman, Tembakau"
21,Mauritania,30972.46,2025,-69.0288531766253,Olahan makanan lain-lain,IV,"Makanan Olahan, Minuman, Tembakau"
21,Mauritius,720510.48,2025,33.18741159363564,Olahan makanan lain-lain,IV,"Makanan Olahan, Minuman, Tembakau"
21,Mexico,16036.61,2025,1794.2369477911648,Olahan makanan lain-lain,IV,"Makanan Olahan, Minuman, Tembakau"
21,Micronesia Fed. States Of,32103.71,2025,2.73397599182832,Olahan makanan lain-lain,IV,"Makanan Olahan, Minuman, Tembakau"
21,Mongolia,363036.99000000005,2025,184.42768990449613,Olahan makanan lain-lain,IV,"Makanan Olahan, Minuman, Tembakau"
21,Morocco,2488093.91,2025,-12.344773535081648,Olahan makanan lain-lain,IV,"Makanan Olahan, Minuman, Tembakau"
21,Mozambique,87238.5,2025,-50.390389536536816,Olahan makanan lain-lain,IV,"Makanan Olahan, Minuman, Tembakau"
21,Myanmar,5352773.38,2025,64.61470136531055,Olahan makanan lain-lain,IV,"Makanan Olahan, Minuman, Tembakau"
21,Namibia,17474.31,2025,-8.075329126988885,Olahan makanan lain-lain,IV,"Makanan Olahan, Minuman, Tembakau"
21,Nauru,25156.23,2025,-39.06817007081844,Olahan makanan lain-lain,IV,"Makanan Olahan, Minuman, Tembakau"
21,Netherlands,39010804.980000004,2025,41.3413587723496,Olahan makanan lain-lain,IV,"Makanan Olahan, Minuman, Tembakau"
21,New Caledonia,149938.58,2025,9.558479675737727,Olahan makanan lain-lain,IV,"Makanan Olahan, Minuman, Tembakau"
21,New Zealand,5568678.15,2025,44.02109233083446,Olahan makanan lain-lain,IV,"Makanan Olahan, Minuman, Tembakau"
21,Nigeria,58708476.080000006,2025,-0.099118047646301,Olahan makanan lain-lain,IV,"Makanan Olahan, Minuman, Tembakau"
21,Northern Mariana Islands,7815.820000000001,2025,-7.1309749571053125,Olahan makanan lain-lain,IV,"Makanan Olahan, Minuman, Tembakau"
21,Norway,1543553.0599999998,2025,66.92094624301872,Olahan makanan lain-lain,IV,"Makanan Olahan, Minuman, Tembakau"
21,Oman,464134.64,2025,-15.703256708087892,Olahan makanan lain-lain,IV,"Makanan Olahan, Minuman, Tembakau"
21,Pakistan,2075533.15,2025,16.09711170549744,Olahan makanan lain-lain,IV,"Makanan Olahan, Minuman, Tembakau"
21,Palestina,9663.0,2025,-99.00200126477206,Olahan makanan lain-lain,IV,"Makanan Olahan, Minuman, Tembakau"
21,Panama,116417.65,2025,-67.85642005179191,Olahan makanan lain-lain,IV,"Makanan Olahan, Minuman, Tembakau"
21,Papua New Guinea,19911008.71,2025,49.59898413626199,Olahan makanan lain-lain,IV,"Makanan Olahan, Minuman, Tembakau"
21,Paraguay,41240.76,2025,140.9626643295355,Olahan makanan lain-lain,IV,"Makanan Olahan, Minuman, Tembakau"
21,Peru,9485.0,2025,-43.534675721756024,Olahan makanan lain-lain,IV,"Makanan Olahan, Minuman, Tembakau"
21,Philippines,492984067.26,2025,-10.531448056584752,Olahan makanan lain-lain,IV,"Makanan Olahan, Minuman, Tembakau"
21,Poland,4812089.17,2025,49.58912185930139,Olahan makanan lain-lain,IV,"Makanan Olahan, Minuman, Tembakau"
21,Portugal,116340.0,2025,22.807017543859647,Olahan makanan lain-lain,IV,"Makanan Olahan, Minuman, Tembakau"
21,Qatar,3314120.09,2025,2.0651085398151094,Olahan makanan lain-lain,IV,"Makanan Olahan, Minuman, Tembakau"
21,Reunion,116340.0,2025,62.7906976744186,Olahan makanan lain-lain,IV,"Makanan Olahan, Minuman, Tembakau"
21,Romania,70716.4,2025,27.416936936936924,Olahan makanan lain-lain,IV,"Makanan Olahan, Minuman, Tembakau"
21,Russia Federation,35281734.81,2025,6.4315415717515005,Olahan makanan lain-lain,IV,"Makanan Olahan, Minuman, Tembakau"
21,Samoa,246003.47,2025,-9.524015132226028,Olahan makanan lain-lain,IV,"Makanan Olahan, Minuman, Tembakau"
21,Saudi Arabia,147222562.02,2025,-1.7018719686776866,Olahan makanan lain-lain,IV,"Makanan Olahan, Minuman, Tembakau"
21,Senegal,1086331.9300000002,2025,18.427430462150156,Olahan makanan lain-lain,IV,"Makanan Olahan, Minuman, Tembakau"
21,Serbia,19106.0,2025,1199.7278911564626,Olahan makanan lain-lain,IV,"Makanan Olahan, Minuman, Tembakau"
21,Seychelles,4006.23,2025,-10.265760266992197,Olahan makanan lain-lain,IV,"Makanan Olahan, Minuman, Tembakau"
21,Sierra Leone,541098.3200000001,2025,-20.519727098766396,Olahan makanan lain-lain,IV,"Makanan Olahan, Minuman, Tembakau"
21,Singapore,228400252.32,2025,15.038121250716511,Olahan makanan lain-lain,IV,"Makanan Olahan, Minuman, Tembakau"
21,Slovakia,116340.0,2025,1450.8960243792217,Olahan makanan lain-lain,IV,"Makanan Olahan, Minuman, Tembakau"
21,Slovenia,360774.27999999997,2025,-34.104221566606654,Olahan makanan lain-lain,IV,"Makanan Olahan, Minuman, Tembakau"
21,Solomon Islands,4192698.87,2025,60.43208324014779,Olahan makanan lain-lain,IV,"Makanan Olahan, Minuman, Tembakau"
21,Somalia,928498.64,2025,-36.545022807433405,Olahan makanan lain-lain,IV,"Makanan Olahan, Minuman, Tembakau"
21,South Africa,664815.11,2025,83.81961567310846,Olahan makanan lain-lain,IV,"Makanan Olahan, Minuman, Tembakau"
21,Spain,6272119.68,2025,40.733182194045185,Olahan makanan lain-lain,IV,"Makanan Olahan, Minuman, Tembakau"
21,Sri Lanka,3268742.48,2025,159.45276442307886,Olahan makanan lain-lain,IV,"Makanan Olahan, Minuman, Tembakau"
21,Suriname,41223.83,2025,-45.530665949285066,Olahan makanan lain-lain,IV,"Makanan Olahan, Minuman, Tembakau"
21,Swaziland,81360.0,2025,,Olahan makanan lain-lain,IV,"Makanan Olahan, Minuman, Tembakau"
21,Sweden,3172190.62,2025,105.67040067412267,Olahan makanan lain-lain,IV,"Makanan Olahan, Minuman, Tembakau"
21,Switzerland,733357.45,2025,379.79638416399496,Olahan makanan lain-lain,IV,"Makanan Olahan, Minuman, Tembakau"
21,Syria Arab Republic,6391238.77,2025,,Olahan makanan lain-lain,IV,"Makanan Olahan, Minuman, Tembakau"
21,Taiwan,29306748.82,2025,8.761101971288914,Olahan makanan lain-lain,IV,"Makanan Olahan, Minuman, Tembakau"
21,Tanzania United Rep. Of,2866956.31,2025,83.97979451383401,Olahan makanan lain-lain,IV,"Makanan Olahan, Minuman, Tembakau"
21,Thailand,91604301.91,2025,32.50096531822064,Olahan makanan lain-lain,IV,"Makanan Olahan, Minuman, Tembakau"
21,Togo,2752047.39,2025,-8.54311744724175,Olahan makanan lain-lain,IV,"Makanan Olahan, Minuman, Tembakau"
21,Tonga,38644.3,2025,48.88961664419188,Olahan makanan lain-lain,IV,"Makanan Olahan, Minuman, Tembakau"
21,Trinidad And Tobago,132157.73,2025,-0.6860415876829433,Olahan makanan lain-lain,IV,"Makanan Olahan, Minuman, Tembakau"
21,Tunisia,50570.0,2025,18.911013083268283,Olahan makanan lain-lain,IV,"Makanan Olahan, Minuman, Tembakau"
21,Turkey,23678805.39,2025,15.876372374626735,Olahan makanan lain-lain,IV,"Makanan Olahan, Minuman, Tembakau"
21,Tuvalu,2486.75,2025,,Olahan makanan lain-lain,IV,"Makanan Olahan, Minuman, Tembakau"
21,Uganda,79301.4,2025,375.51928427516066,Olahan makanan lain-lain,IV,"Makanan Olahan, Minuman, Tembakau"
21,Ukraine,13570.65,2025,100.06855373728439,Olahan makanan lain-lain,IV,"Makanan Olahan, Minuman, Tembakau"
21,United Arab Emirates,38449906.5,2025,-23.726060347682328,Olahan makanan lain-lain,IV,"Makanan Olahan, Minuman, Tembakau"
21,United Kingdom,12877267.760000002,2025,16.494243618210618,Olahan makanan lain-lain,IV,"Makanan Olahan, Minuman, Tembakau"
21,United States,20964673.95,2025,52.9607614392328,Olahan makanan lain-lain,IV,"Makanan Olahan, Minuman, Tembakau"
21,Uzbekistan,202739.0,2025,-87.41636705857526,Olahan makanan lain-lain,IV,"Makanan Olahan, Minuman, Tembakau"
21,Vanuatu,214637.96999999997,2025,167.75799707539232,Olahan makanan lain-lain,IV,"Makanan Olahan, Minuman, Tembakau"
21,Viet Nam,61845064.620000005,2025,17.21915141314227,Olahan makanan lain-lain,IV,"Makanan Olahan, Minuman, Tembakau"
21,Yemen,813544.48,2025,31.73881994088611,Olahan makanan lain-lain,IV,"Makanan Olahan, Minuman, Tembakau"
22,American Samoa,277435.54000000004,2025,-4.441900764638947,"Minuman, alkohol, cuka",IV,"Makanan Olahan, Minuman, Tembakau"
22,Australia,2568031.0999999996,2025,36.099978851230965,"Minuman, alkohol, cuka",IV,"Makanan Olahan, Minuman, Tembakau"
22,Austria,117.12,2025,,"Minuman, alkohol, cuka",IV,"Makanan Olahan, Minuman, Tembakau"
22,Bahrain,302525.99,2025,-11.434101815333689,"Minuman, alkohol, cuka",IV,"Makanan Olahan, Minuman, Tembakau"
22,Bangladesh,1918.75,2025,,"Minuman, alkohol, cuka",IV,"Makanan Olahan, Minuman, Tembakau"
22,Belgium,58337.34,2025,207.32347191265168,"Minuman, alkohol, cuka",IV,"Makanan Olahan, Minuman, Tembakau"
22,Benin,12.2,2025,,"Minuman, alkohol, cuka",IV,"Makanan Olahan, Minuman, Tembakau"
22,Brazil,31.05,2025,,"Minuman, alkohol, cuka",IV,"Makanan Olahan, Minuman, Tembakau"
22,Brunei Darussalam,3216808.3800000004,2025,0.6984648078830767,"Minuman, alkohol, cuka",IV,"Makanan Olahan, Minuman, Tembakau"
22,Cambodia,5643968.970000001,2025,288.7833760549647,"Minuman, alkohol, cuka",IV,"Makanan Olahan, Minuman, Tembakau"
22,Canada,133257.3,2025,36.757933860404925,"Minuman, alkohol, cuka",IV,"Makanan Olahan, Minuman, Tembakau"
22,Cape Verde,1560.0,2025,-30.357142857142854,"Minuman, alkohol, cuka",IV,"Makanan Olahan, Minuman, Tembakau"
22,Chile,36424.45,2025,-11.506105016932548,"Minuman, alkohol, cuka",IV,"Makanan Olahan, Minuman, Tembakau"
22,China,7547497.09,2025,4.6172865177095535,"Minuman, alkohol, cuka",IV,"Makanan Olahan, Minuman, Tembakau"
22,Christmas Islands,152.5,2025,-17.388949079089922,"Minuman, alkohol, cuka",IV,"Makanan Olahan, Minuman, Tembakau"
22,Congo,60.5,2025,92.6751592356688,"Minuman, alkohol, cuka",IV,"Makanan Olahan, Minuman, Tembakau"
22,Cook Islands,222.5,2025,-90.27122512603682,"Minuman, alkohol, cuka",IV,"Makanan Olahan, Minuman, Tembakau"
22,Cote Divoire,365.3,2025,-68.08436282304426,"Minuman, alkohol, cuka",IV,"Makanan Olahan, Minuman, Tembakau"
22,Democratic Rep. Of The Congo,4808.45,2025,-43.94537283680048,"Minuman, alkohol, cuka",IV,"Makanan Olahan, Minuman, Tembakau"
22,Denmark,21.2,2025,573.015873015873,"Minuman, alkohol, cuka",IV,"Makanan Olahan, Minuman, Tembakau"
22,East Timor,11014422.24,2025,-11.621294119979279,"Minuman, alkohol, cuka",IV,"Makanan Olahan, Minuman, Tembakau"
22,Egypt,3277805.7,2025,2880.105119029436,"Minuman, alkohol, cuka",IV,"Makanan Olahan, Minuman, Tembakau"
22,Ethiopia,1221.25,2025,,"Minuman, alkohol, cuka",IV,"Makanan Olahan, Minuman, Tembakau"
22,Fiji,168139.93,2025,1723.7265688892553,"Minuman, alkohol, cuka",IV,"Makanan Olahan, Minuman, Tembakau"
22,France,95.91,2025,831.1650485436893,"Minuman, alkohol, cuka",IV,"Makanan Olahan, Minuman, Tembakau"
22,French Polynesia,148402.0,2025,452.52243195949217,"Minuman, alkohol, cuka",IV,"Makanan Olahan, Minuman, Tembakau"
22,Gabon,27000.0,2025,,"Minuman, alkohol, cuka",IV,"Makanan Olahan, Minuman, Tembakau"
22,Gambia,6292.27,2025,193.20922646784717,"Minuman, alkohol, cuka",IV,"Makanan Olahan, Minuman, Tembakau"
22,Germany Fed. Rep. Of,55194.57,2025,-19.751749714814455,"Minuman, alkohol, cuka",IV,"Makanan Olahan, Minuman, Tembakau"
22,Ghana,367409.16,2025,1121.1720832530095,"Minuman, alkohol, cuka",IV,"Makanan Olahan, Minuman, Tembakau"
22,Guam,3169.89,2025,-3.089622280988702,"Minuman, alkohol, cuka",IV,"Makanan Olahan, Minuman, Tembakau"
22,Guinea,631.37,2025,741.8266666666667,"Minuman, alkohol, cuka",IV,"Makanan Olahan, Minuman, Tembakau"
22,Guyana,86191.15,2025,,"Minuman, alkohol, cuka",IV,"Makanan Olahan, Minuman, Tembakau"
22,Hong Kong,6433623.5,2025,6.0189330112682695,"Minuman, alkohol, cuka",IV,"Makanan Olahan, Minuman, Tembakau"
22,India,1208384.29,2025,138.7915539807439,"Minuman, alkohol, cuka",IV,"Makanan Olahan, Minuman, Tembakau"
22,Iran (Islamic Republic Of),2380.0,2025,-79.91612026699745,"Minuman, alkohol, cuka",IV,"Makanan Olahan, Minuman, Tembakau"
22,Iraq,962724.32,2025,137.04431646623544,"Minuman, alkohol, cuka",IV,"Makanan Olahan, Minuman, Tembakau"
22,Israel,62391.14,2025,89.13598959604336,"Minuman, alkohol, cuka",IV,"Makanan Olahan, Minuman, Tembakau"
22,Jamaica,25718.55,2025,,"Minuman, alkohol, cuka",IV,"Makanan Olahan, Minuman, Tembakau"
22,Japan,2190619.22,2025,59.76077401424909,"Minuman, alkohol, cuka",IV,"Makanan Olahan, Minuman, Tembakau"
22,Jordan,14064.64,2025,-61.02941502449405,"Minuman, alkohol, cuka",IV,"Makanan Olahan, Minuman, Tembakau"
22,Kenya,974621.64,2025,11.33325685862633,"Minuman, alkohol, cuka",IV,"Makanan Olahan, Minuman, Tembakau"
22,Kiribati,79008.54,2025,135.54910399650828,"Minuman, alkohol, cuka",IV,"Makanan Olahan, Minuman, Tembakau"
22,Korea Republic Of,1653486.3,2025,-46.845812411219555,"Minuman, alkohol, cuka",IV,"Makanan Olahan, Minuman, Tembakau"
22,Kuwait,268451.87,2025,430.56759565911966,"Minuman, alkohol, cuka",IV,"Makanan Olahan, Minuman, Tembakau"
22,Lao Peoples Dem. Rep.,7666.58,2025,,"Minuman, alkohol, cuka",IV,"Makanan Olahan, Minuman, Tembakau"
22,Latvia,17.8,2025,,"Minuman, alkohol, cuka",IV,"Makanan Olahan, Minuman, Tembakau"
22,Lebanon,52378.6,2025,,"Minuman, alkohol, cuka",IV,"Makanan Olahan, Minuman, Tembakau"
22,Liberia,3669.25,2025,,"Minuman, alkohol, cuka",IV,"Makanan Olahan, Minuman, Tembakau"
22,Libyan Arab Jamahiriya,1127.54,2025,-99.20613200609415,"Minuman, alkohol, cuka",IV,"Makanan Olahan, Minuman, Tembakau"
22,Lithuania,43.769999999999996,2025,,"Minuman, alkohol, cuka",IV,"Makanan Olahan, Minuman, Tembakau"
22,Macau,95586.97,2025,,"Minuman, alkohol, cuka",IV,"Makanan Olahan, Minuman, Tembakau"
22,Madagascar,21317.64,2025,-34.07663048520271,"Minuman, alkohol, cuka",IV,"Makanan Olahan, Minuman, Tembakau"
22,Malaysia,21190992.19,2025,12.335551348748151,"Minuman, alkohol, cuka",IV,"Makanan Olahan, Minuman, Tembakau"
22,Maldives,353567.63,2025,0.9800070126982234,"Minuman, alkohol, cuka",IV,"Makanan Olahan, Minuman, Tembakau"
22,Marshall Islands,12920.13,2025,265.88911292606394,"Minuman, alkohol, cuka",IV,"Makanan Olahan, Minuman, Tembakau"
22,Mauritius,16416.0,2025,,"Minuman, alkohol, cuka",IV,"Makanan Olahan, Minuman, Tembakau"
22,Micronesia Fed. States Of,24447.26,2025,8.408762360870908,"Minuman, alkohol, cuka",IV,"Makanan Olahan, Minuman, Tembakau"
22,Mongolia,289260.8,2025,399.48283656288515,"Minuman, alkohol, cuka",IV,"Makanan Olahan, Minuman, Tembakau"
22,Morocco,7831.0,2025,,"Minuman, alkohol, cuka",IV,"Makanan Olahan, Minuman, Tembakau"
22,Mozambique,17916.41,2025,,"Minuman, alkohol, cuka",IV,"Makanan Olahan, Minuman, Tembakau"
22,Myanmar,2737540.3400000003,2025,4.317668490148225,"Minuman, alkohol, cuka",IV,"Makanan Olahan, Minuman, Tembakau"
22,Nepal,2640.0,2025,82.57261410788381,"Minuman, alkohol, cuka",IV,"Makanan Olahan, Minuman, Tembakau"
22,Netherlands,756111.73,2025,-33.33102583434251,"Minuman, alkohol, cuka",IV,"Makanan Olahan, Minuman, Tembakau"
22,New Caledonia,562307.2000000001,2025,544.5664477828198,"Minuman, alkohol, cuka",IV,"Makanan Olahan, Minuman, Tembakau"
22,New Zealand,279599.3,2025,49.76178122266445,"Minuman, alkohol, cuka",IV,"Makanan Olahan, Minuman, Tembakau"
22,Nigeria,11229788.79,2025,3.5817691543274397,"Minuman, alkohol, cuka",IV,"Makanan Olahan, Minuman, Tembakau"
22,Northern Mariana Islands,31656.309999999998,2025,32.486384662934334,"Minuman, alkohol, cuka",IV,"Makanan Olahan, Minuman, Tembakau"
22,Norway,40.0,2025,,"Minuman, alkohol, cuka",IV,"Makanan Olahan, Minuman, Tembakau"
22,Oman,1006956.72,2025,1.884429982551712,"Minuman, alkohol, cuka",IV,"Makanan Olahan, Minuman, Tembakau"
22,Pakistan,117688.5,2025,325.6531539025756,"Minuman, alkohol, cuka",IV,"Makanan Olahan, Minuman, Tembakau"
22,Palau,20673.45,2025,75.49617996604415,"Minuman, alkohol, cuka",IV,"Makanan Olahan, Minuman, Tembakau"
22,Panama,10960.820000000002,2025,,"Minuman, alkohol, cuka",IV,"Makanan Olahan, Minuman, Tembakau"
22,Papua New Guinea,4109853.19,2025,24.135304498408516,"Minuman, alkohol, cuka",IV,"Makanan Olahan, Minuman, Tembakau"
22,Peru,1795.0,2025,-55.164231297614585,"Minuman, alkohol, cuka",IV,"Makanan Olahan, Minuman, Tembakau"
22,Philippines,119563904.65,2025,47.98102256851881,"Minuman, alkohol, cuka",IV,"Makanan Olahan, Minuman, Tembakau"
22,Qatar,760784.18,2025,41.21104014877807,"Minuman, alkohol, cuka",IV,"Makanan Olahan, Minuman, Tembakau"
22,Reunion,79804.8,2025,209.08133230054221,"Minuman, alkohol, cuka",IV,"Makanan Olahan, Minuman, Tembakau"
22,Russia Federation,214670.09999999998,2025,-41.04835134144666,"Minuman, alkohol, cuka",IV,"Makanan Olahan, Minuman, Tembakau"
22,Samoa,232294.97,2025,-20.2190167637797,"Minuman, alkohol, cuka",IV,"Makanan Olahan, Minuman, Tembakau"
22,Saudi Arabia,2715353.88,2025,94.39058590077181,"Minuman, alkohol, cuka",IV,"Makanan Olahan, Minuman, Tembakau"
22,Senegal,10914.79,2025,-31.761493861229646,"Minuman, alkohol, cuka",IV,"Makanan Olahan, Minuman, Tembakau"
22,Seychelles,24507.75,2025,-1.9952652689079353,"Minuman, alkohol, cuka",IV,"Makanan Olahan, Minuman, Tembakau"
22,Sierra Leone,8187.5,2025,-1.8250056956485332,"Minuman, alkohol, cuka",IV,"Makanan Olahan, Minuman, Tembakau"
22,Singapore,17406639.91,2025,-0.019352947776650208,"Minuman, alkohol, cuka",IV,"Makanan Olahan, Minuman, Tembakau"
22,Slovenia,68.16,2025,,"Minuman, alkohol, cuka",IV,"Makanan Olahan, Minuman, Tembakau"
22,Solomon Islands,1109987.3800000001,2025,162.0213405825155,"Minuman, alkohol, cuka",IV,"Makanan Olahan, Minuman, Tembakau"
22,South Africa,74283.90999999999,2025,45.57702731992844,"Minuman, alkohol, cuka",IV,"Makanan Olahan, Minuman, Tembakau"
22,Spain,80000.0,2025,723.0452674897119,"Minuman, alkohol, cuka",IV,"Makanan Olahan, Minuman, Tembakau"
22,Sri Lanka,86905.70999999999,2025,1831.2379999999998,"Minuman, alkohol, cuka",IV,"Makanan Olahan, Minuman, Tembakau"
22,Suriname,12037.0,2025,75.21106259097525,"Minuman, alkohol, cuka",IV,"Makanan Olahan, Minuman, Tembakau"
22,Sweden,3333.02,2025,86.94898617382282,"Minuman, alkohol, cuka",IV,"Makanan Olahan, Minuman, Tembakau"
22,Switzerland,11741.46,2025,1902.8076759061832,"Minuman, alkohol, cuka",IV,"Makanan Olahan, Minuman, Tembakau"
22,Taiwan,5913254.36,2025,3.2979338814332197,"Minuman, alkohol, cuka",IV,"Makanan Olahan, Minuman, Tembakau"
22,Tanzania United Rep. Of,7233.0,2025,-63.454469665390874,"Minuman, alkohol, cuka",IV,"Makanan Olahan, Minuman, Tembakau"
22,Thailand,42169614.03,2025,217.65504162286723,"Minuman, alkohol, cuka",IV,"Makanan Olahan, Minuman, Tembakau"
22,Togo,1942.7,2025,168.84488174810755,"Minuman, alkohol, cuka",IV,"Makanan Olahan, Minuman, Tembakau"
22,Tonga,167408.32,2025,-1.3318535811544847,"Minuman, alkohol, cuka",IV,"Makanan Olahan, Minuman, Tembakau"
22,Trinidad And Tobago,3692.25,2025,-92.3379642071025,"Minuman, alkohol, cuka",IV,"Makanan Olahan, Minuman, Tembakau"
22,Tuvalu,1929.52,2025,,"Minuman, alkohol, cuka",IV,"Makanan Olahan, Minuman, Tembakau"
22,United Arab Emirates,6798406.21,2025,10.644321655320095,"Minuman, alkohol, cuka",IV,"Makanan Olahan, Minuman, Tembakau"
22,United Kingdom,111348.56,2025,-52.70049271559052,"Minuman, alkohol, cuka",IV,"Makanan Olahan, Minuman, Tembakau"
22,United States,454481.85,2025,-6.830663411028523,"Minuman, alkohol, cuka",IV,"Makanan Olahan, Minuman, Tembakau"
22,Uzbekistan,11685.0,2025,,"Minuman, alkohol, cuka",IV,"Makanan Olahan, Minuman, Tembakau"
22,Vanuatu,47432.83,2025,72.58845403737558,"Minuman, alkohol, cuka",IV,"Makanan Olahan, Minuman, Tembakau"
22,Viet Nam,17434874.22,2025,-17.56272297411141,"Minuman, alkohol, cuka",IV,"Makanan Olahan, Minuman, Tembakau"
23,Australia,4141404.4499999997,2025,1126.0309562566397,Sisa industri makanan; pakan ternak,IV,"Makanan Olahan, Minuman, Tembakau"
23,Austria,5.0,2025,,Sisa industri makanan; pakan ternak,IV,"Makanan Olahan, Minuman, Tembakau"
23,Bangladesh,5472412.68,2025,426.62217205275414,Sisa industri makanan; pakan ternak,IV,"Makanan Olahan, Minuman, Tembakau"
23,Belgium,3201874.2,2025,-64.3433074997091,Sisa industri makanan; pakan ternak,IV,"Makanan Olahan, Minuman, Tembakau"
23,Brazil,343617.16,2025,42.861307556387054,Sisa industri makanan; pakan ternak,IV,"Makanan Olahan, Minuman, Tembakau"
23,Brunei Darussalam,542441.36,2025,-35.12868469887145,Sisa industri makanan; pakan ternak,IV,"Makanan Olahan, Minuman, Tembakau"
23,Bulgaria,59392.66,2025,209768.05653710247,Sisa industri makanan; pakan ternak,IV,"Makanan Olahan, Minuman, Tembakau"
23,Cambodia,745066.21,2025,-4.30532294218312,Sisa industri makanan; pakan ternak,IV,"Makanan Olahan, Minuman, Tembakau"
23,Canada,739921.1000000001,2025,-23.765111417630933,Sisa industri makanan; pakan ternak,IV,"Makanan Olahan, Minuman, Tembakau"
23,Chile,272663.0,2025,-64.81027622583846,Sisa industri makanan; pakan ternak,IV,"Makanan Olahan, Minuman, Tembakau"
23,China,80848992.55,2025,-84.25103815201952,Sisa industri makanan; pakan ternak,IV,"Makanan Olahan, Minuman, Tembakau"
23,Croatia,1317249.9,2025,-75.68593121903909,Sisa industri makanan; pakan ternak,IV,"Makanan Olahan, Minuman, Tembakau"
23,Cyprus,142870.8,2025,259570.6652126499,Sisa industri makanan; pakan ternak,IV,"Makanan Olahan, Minuman, Tembakau"
23,East Timor,3182522.29,2025,9.433296978465549,Sisa industri makanan; pakan ternak,IV,"Makanan Olahan, Minuman, Tembakau"
23,Egypt,41392.2,2025,-79.30493475326233,Sisa industri makanan; pakan ternak,IV,"Makanan Olahan, Minuman, Tembakau"
23,Estonia,179454.0,2025,50.629532634971795,Sisa industri makanan; pakan ternak,IV,"Makanan Olahan, Minuman, Tembakau"
23,France,116343.45999999999,2025,-37.426624088204655,Sisa industri makanan; pakan ternak,IV,"Makanan Olahan, Minuman, Tembakau"
23,Georgia,148980.0,2025,-8.645503099724673,Sisa industri makanan; pakan ternak,IV,"Makanan Olahan, Minuman, Tembakau"
23,Germany Fed. Rep. Of,16088081.44,2025,151.45579107203008,Sisa industri makanan; pakan ternak,IV,"Makanan Olahan, Minuman, Tembakau"
23,Greece,3703744.84,2025,123.30487503302172,Sisa industri makanan; pakan ternak,IV,"Makanan Olahan, Minuman, Tembakau"
23,Hong Kong,425705.69,2025,321.543162046373,Sisa industri makanan; pakan ternak,IV,"Makanan Olahan, Minuman, Tembakau"
23,Hungary,1.0,2025,,Sisa industri makanan; pakan ternak,IV,"Makanan Olahan, Minuman, Tembakau"
23,India,20887862.810000002,2025,-44.337110168534444,Sisa industri makanan; pakan ternak,IV,"Makanan Olahan, Minuman, Tembakau"
23,Iraq,24403.699999999997,2025,-33.613438520130586,Sisa industri makanan; pakan ternak,IV,"Makanan Olahan, Minuman, Tembakau"
23,Israel,5842143.82,2025,-40.803511229591834,Sisa industri makanan; pakan ternak,IV,"Makanan Olahan, Minuman, Tembakau"
23,Italy,375836.21,2025,-99.84524433432553,Sisa industri makanan; pakan ternak,IV,"Makanan Olahan, Minuman, Tembakau"
23,Japan,21376987.009999998,2025,-13.573788221449885,Sisa industri makanan; pakan ternak,IV,"Makanan Olahan, Minuman, Tembakau"
23,Jordan,573309.2,2025,99.46598388905737,Sisa industri makanan; pakan ternak,IV,"Makanan Olahan, Minuman, Tembakau"
23,Kazakhstan,0.5,2025,-99.6642943467168,Sisa industri makanan; pakan ternak,IV,"Makanan Olahan, Minuman, Tembakau"
23,Kenya,24194.0,2025,-30.318425842722522,Sisa industri makanan; pakan ternak,IV,"Makanan Olahan, Minuman, Tembakau"
23,Korea Republic Of,85230237.66,2025,-25.290901868275185,Sisa industri makanan; pakan ternak,IV,"Makanan Olahan, Minuman, Tembakau"
23,Kuwait,237.5,2025,-99.81725992686395,Sisa industri makanan; pakan ternak,IV,"Makanan Olahan, Minuman, Tembakau"
23,Latvia,1534486.2,2025,34.24760404584712,Sisa industri makanan; pakan ternak,IV,"Makanan Olahan, Minuman, Tembakau"
23,Lithuania,2631713.7,2025,157.00290199756046,Sisa industri makanan; pakan ternak,IV,"Makanan Olahan, Minuman, Tembakau"
23,Madagascar,15666.0,2025,-99.80659985679748,Sisa industri makanan; pakan ternak,IV,"Makanan Olahan, Minuman, Tembakau"
23,Malaysia,12744831.07,2025,-92.34306492453099,Sisa industri makanan; pakan ternak,IV,"Makanan Olahan, Minuman, Tembakau"
23,Maldives,6252.9800000000005,2025,-58.2174224484014,Sisa industri makanan; pakan ternak,IV,"Makanan Olahan, Minuman, Tembakau"
23,Myanmar,65210.0,2025,-80.92573233078132,Sisa industri makanan; pakan ternak,IV,"Makanan Olahan, Minuman, Tembakau"
23,Netherlands,168390627.55,2025,-46.89886775662499,Sisa industri makanan; pakan ternak,IV,"Makanan Olahan, Minuman, Tembakau"
23,New Zealand,225234280.70000002,2025,39.57270275017489,Sisa industri makanan; pakan ternak,IV,"Makanan Olahan, Minuman, Tembakau"
23,Norway,428406.42,2025,143.78506491732824,Sisa industri makanan; pakan ternak,IV,"Makanan Olahan, Minuman, Tembakau"
23,Oman,31490.5,2025,337.98671178595316,Sisa industri makanan; pakan ternak,IV,"Makanan Olahan, Minuman, Tembakau"
23,Pakistan,4467424.24,2025,112.53420853780116,Sisa industri makanan; pakan ternak,IV,"Makanan Olahan, Minuman, Tembakau"
23,Papua New Guinea,63286.6,2025,3002.4668117732413,Sisa industri makanan; pakan ternak,IV,"Makanan Olahan, Minuman, Tembakau"
23,Philippines,9687736.430000002,2025,-26.75680451276002,Sisa industri makanan; pakan ternak,IV,"Makanan Olahan, Minuman, Tembakau"
23,Poland,1871624.82,2025,149.46424345499932,Sisa industri makanan; pakan ternak,IV,"Makanan Olahan, Minuman, Tembakau"
23,Qatar,42711.64,2025,138.34514131633338,Sisa industri makanan; pakan ternak,IV,"Makanan Olahan, Minuman, Tembakau"
23,Romania,62825.28,2025,,Sisa industri makanan; pakan ternak,IV,"Makanan Olahan, Minuman, Tembakau"
23,Russia Federation,2380348.56,2025,17.11740827646225,Sisa industri makanan; pakan ternak,IV,"Makanan Olahan, Minuman, Tembakau"
23,Saudi Arabia,28477555.88,2025,68.8858506384142,Sisa industri makanan; pakan ternak,IV,"Makanan Olahan, Minuman, Tembakau"
23,Singapore,5247426.71,2025,-20.98669539961312,Sisa industri makanan; pakan ternak,IV,"Makanan Olahan, Minuman, Tembakau"
23,Slovenia,396300.94,2025,,Sisa industri makanan; pakan ternak,IV,"Makanan Olahan, Minuman, Tembakau"
23,South Africa,368741.12,2025,-28.761012605209242,Sisa industri makanan; pakan ternak,IV,"Makanan Olahan, Minuman, Tembakau"
23,Spain,66877.5,2025,-99.91795927687176,Sisa industri makanan; pakan ternak,IV,"Makanan Olahan, Minuman, Tembakau"
23,Taiwan,1138359.37,2025,-3.6764248706329243,Sisa industri makanan; pakan ternak,IV,"Makanan Olahan, Minuman, Tembakau"
23,Tanzania United Rep. Of,40456.91,2025,,Sisa industri makanan; pakan ternak,IV,"Makanan Olahan, Minuman, Tembakau"
23,Thailand,26058463.509999998,2025,-48.12562371305927,Sisa industri makanan; pakan ternak,IV,"Makanan Olahan, Minuman, Tembakau"
23,Turkey,53730.5,2025,-97.09157528192188,Sisa industri makanan; pakan ternak,IV,"Makanan Olahan, Minuman, Tembakau"
23,United Arab Emirates,1098601.47,2025,-31.854435338642194,Sisa industri makanan; pakan ternak,IV,"Makanan Olahan, Minuman, Tembakau"
23,United Kingdom,8177948.240000001,2025,-17.120742255520526,Sisa industri makanan; pakan ternak,IV,"Makanan Olahan, Minuman, Tembakau"
23,United States,107612257.05,2025,46.31554900781092,Sisa industri makanan; pakan ternak,IV,"Makanan Olahan, Minuman, Tembakau"
23,Viet Nam,138710848.22,2025,9.677596300547362,Sisa industri makanan; pakan ternak,IV,"Makanan Olahan, Minuman, Tembakau"
24,Algeria,121220.0,2025,-43.61860465116279,Tembakau,IV,"Makanan Olahan, Minuman, Tembakau"
24,American Samoa,91949.7,2025,,Tembakau,IV,"Makanan Olahan, Minuman, Tembakau"
24,Argentina,37888.0,2025,,Tembakau,IV,"Makanan Olahan, Minuman, Tembakau"
24,Armenia,1305413.9,2025,8288.007731226779,Tembakau,IV,"Makanan Olahan, Minuman, Tembakau"
24,Aruba,85050.0,2025,-58.913043478260875,Tembakau,IV,"Makanan Olahan, Minuman, Tembakau"
24,Australia,32846043.39,2025,-31.721772201022823,Tembakau,IV,"Makanan Olahan, Minuman, Tembakau"
24,Austria,130674.07,2025,66211.81873541055,Tembakau,IV,"Makanan Olahan, Minuman, Tembakau"
24,Azerbaijan,273549.39,2025,-3.645932619984064,Tembakau,IV,"Makanan Olahan, Minuman, Tembakau"
24,Bahrain,13150.0,2025,11.440677966101696,Tembakau,IV,"Makanan Olahan, Minuman, Tembakau"
24,Bangladesh,3670028.68,2025,89.40439137410425,Tembakau,IV,"Makanan Olahan, Minuman, Tembakau"
24,Belgium,51063781.32,2025,15.678315217447661,Tembakau,IV,"Makanan Olahan, Minuman, Tembakau"
24,Bhutan,32663.0,2025,25.229944153955046,Tembakau,IV,"Makanan Olahan, Minuman, Tembakau"
24,Brazil,17726711.73,2025,62.54765667475587,Tembakau,IV,"Makanan Olahan, Minuman, Tembakau"
24,Bulgaria,88129.54999999999,2025,-65.84464742431167,Tembakau,IV,"Makanan Olahan, Minuman, Tembakau"
24,Burkina Faso,4.0,2025,,Tembakau,IV,"Makanan Olahan, Minuman, Tembakau"
24,Cambodia,247795171.13,2025,2.3618034019256813,Tembakau,IV,"Makanan Olahan, Minuman, Tembakau"
24,Canada,61282.51,2025,1619.848733599944,Tembakau,IV,"Makanan Olahan, Minuman, Tembakau"
24,Chile,6020.0,2025,-99.20313873328179,Tembakau,IV,"Makanan Olahan, Minuman, Tembakau"
24,China,28415168.57,2025,-31.099624080348477,Tembakau,IV,"Makanan Olahan, Minuman, Tembakau"
24,Colombia,3099.97,2025,7049.3773062730625,Tembakau,IV,"Makanan Olahan, Minuman, Tembakau"
24,Cote Divoire,5.0,2025,-8.592321755027418,Tembakau,IV,"Makanan Olahan, Minuman, Tembakau"
24,Croatia,515482.23,2025,-17.706995194433702,Tembakau,IV,"Makanan Olahan, Minuman, Tembakau"
24,Cyprus,47742.0,2025,-81.5407814100953,Tembakau,IV,"Makanan Olahan, Minuman, Tembakau"
24,Czech Republic,187174.7,2025,17.95101724447582,Tembakau,IV,"Makanan Olahan, Minuman, Tembakau"
24,Denmark,79404.0,2025,21.88809578632282,Tembakau,IV,"Makanan Olahan, Minuman, Tembakau"
24,Dominican Republic,10141257.49,2025,-42.47569004887451,Tembakau,IV,"Makanan Olahan, Minuman, Tembakau"
24,East Timor,13880092.3,2025,20.437673599925308,Tembakau,IV,"Makanan Olahan, Minuman, Tembakau"
24,Egypt,1421137.0,2025,244.94761027629238,Tembakau,IV,"Makanan Olahan, Minuman, Tembakau"
24,Estonia,114080.43,2025,-56.97205155187436,Tembakau,IV,"Makanan Olahan, Minuman, Tembakau"
24,Fiji,3200232.17,2025,-13.915634511548225,Tembakau,IV,"Makanan Olahan, Minuman, Tembakau"
24,Finland,39.0,2025,,Tembakau,IV,"Makanan Olahan, Minuman, Tembakau"
24,France,276060.5,2025,-24.586820883779886,Tembakau,IV,"Makanan Olahan, Minuman, Tembakau"
24,Georgia,5439662.24,2025,18907311.33124783,Tembakau,IV,"Makanan Olahan, Minuman, Tembakau"
24,Germany Fed. Rep. Of,69290499.06,2025,26.37628804745668,Tembakau,IV,"Makanan Olahan, Minuman, Tembakau"
24,Ghana,37010.0,2025,,Tembakau,IV,"Makanan Olahan, Minuman, Tembakau"
24,Greece,771218.3200000001,2025,1.0147576802333984,Tembakau,IV,"Makanan Olahan, Minuman, Tembakau"
24,Honduras,2811478.6700000004,2025,-42.253582510991265,Tembakau,IV,"Makanan Olahan, Minuman, Tembakau"
24,Hong Kong,86976540.28,2025,62.19671346147051,Tembakau,IV,"Makanan Olahan, Minuman, Tembakau"
24,Hungary,1231129.82,2025,104.28475187578672,Tembakau,IV,"Makanan Olahan, Minuman, Tembakau"
24,India,21812902.19,2025,19.157424920274547,Tembakau,IV,"Makanan Olahan, Minuman, Tembakau"
24,Iran (Islamic Republic Of),598955.0,2025,1412.512626262626,Tembakau,IV,"Makanan Olahan, Minuman, Tembakau"
24,Iraq,1063802.0,2025,502.49865998387895,Tembakau,IV,"Makanan Olahan, Minuman, Tembakau"
24,Ireland,68960.0,2025,139.44444444444443,Tembakau,IV,"Makanan Olahan, Minuman, Tembakau"
24,Italy,8259979.66,2025,21.204294529356144,Tembakau,IV,"Makanan Olahan, Minuman, Tembakau"
24,Japan,208515293.57,2025,51.07993401262648,Tembakau,IV,"Makanan Olahan, Minuman, Tembakau"
24,Jordan,163424.8,2025,-72.30878883941752,Tembakau,IV,"Makanan Olahan, Minuman, Tembakau"
24,Kazakhstan,7104552.86,2025,3.427849296817709,Tembakau,IV,"Makanan Olahan, Minuman, Tembakau"
24,Kenya,66125.0,2025,885107.4966532799,Tembakau,IV,"Makanan Olahan, Minuman, Tembakau"
24,Kiribati,254825.0,2025,,Tembakau,IV,"Makanan Olahan, Minuman, Tembakau"
24,Korea Republic Of,51895804.53,2025,4.506940044340421,Tembakau,IV,"Makanan Olahan, Minuman, Tembakau"
24,Kosovo,28500.0,2025,,Tembakau,IV,"Makanan Olahan, Minuman, Tembakau"
24,Kyrgyzstan,38000.0,2025,-0.03288391976323578,Tembakau,IV,"Makanan Olahan, Minuman, Tembakau"
24,Lao Peoples Dem. Rep.,115325.0,2025,-57.73070804958327,Tembakau,IV,"Makanan Olahan, Minuman, Tembakau"
24,Latvia,132271.04,2025,,Tembakau,IV,"Makanan Olahan, Minuman, Tembakau"
24,Lebanon,289879.5,2025,-12.943870502732896,Tembakau,IV,"Makanan Olahan, Minuman, Tembakau"
24,Macau,7585.0,2025,-14.775280898876405,Tembakau,IV,"Makanan Olahan, Minuman, Tembakau"
24,Malaysia,93107971.46,2025,-6.752813941360344,Tembakau,IV,"Makanan Olahan, Minuman, Tembakau"
24,Maldives,447558.68000000005,2025,-47.232299662565616,Tembakau,IV,"Makanan Olahan, Minuman, Tembakau"
24,Malta,6754.3099999999995,2025,,Tembakau,IV,"Makanan Olahan, Minuman, Tembakau"
24,Mexico,340446.1,2025,,Tembakau,IV,"Makanan Olahan, Minuman, Tembakau"
24,Micronesia Fed. States Of,7657.4,2025,10.501176097089324,Tembakau,IV,"Makanan Olahan, Minuman, Tembakau"
24,Mongolia,34322740.0,2025,4208.465575741981,Tembakau,IV,"Makanan Olahan, Minuman, Tembakau"
24,Morocco,108145.62,2025,71.4344005021971,Tembakau,IV,"Makanan Olahan, Minuman, Tembakau"
24,Myanmar,189110.1,2025,-95.22706189208247,Tembakau,IV,"Makanan Olahan, Minuman, Tembakau"
24,Nauru,182411.8,2025,76.13096962323542,Tembakau,IV,"Makanan Olahan, Minuman, Tembakau"
24,Nepal,207539.1,2025,31.800865898737317,Tembakau,IV,"Makanan Olahan, Minuman, Tembakau"
24,Netherlands,22906818.259999998,2025,19.717221404473246,Tembakau,IV,"Makanan Olahan, Minuman, Tembakau"
24,New Zealand,9194082.29,2025,-18.376759689735813,Tembakau,IV,"Makanan Olahan, Minuman, Tembakau"
24,Nicaragua,9251461.34,2025,-21.636031984209957,Tembakau,IV,"Makanan Olahan, Minuman, Tembakau"
24,Nigeria,1752.0,2025,-98.88993081075601,Tembakau,IV,"Makanan Olahan, Minuman, Tembakau"
24,Pakistan,2044098.7999999998,2025,324.51739440328697,Tembakau,IV,"Makanan Olahan, Minuman, Tembakau"
24,Palau,93003.3,2025,285.9490482336196,Tembakau,IV,"Makanan Olahan, Minuman, Tembakau"
24,Papua New Guinea,13557404.8,2025,20.918937146625602,Tembakau,IV,"Makanan Olahan, Minuman, Tembakau"
24,Paraguay,10164960.870000001,2025,-14.837457622287628,Tembakau,IV,"Makanan Olahan, Minuman, Tembakau"
24,Peru,10250.0,2025,,Tembakau,IV,"Makanan Olahan, Minuman, Tembakau"
24,Philippines,304416067.74,2025,-22.496915742654327,Tembakau,IV,"Makanan Olahan, Minuman, Tembakau"
24,Poland,10400119.22,2025,772.4340703678128,Tembakau,IV,"Makanan Olahan, Minuman, Tembakau"
24,Portugal,75008.0,2025,1123.8930659983291,Tembakau,IV,"Makanan Olahan, Minuman, Tembakau"
24,Romania,741288.4,2025,45.30155474116416,Tembakau,IV,"Makanan Olahan, Minuman, Tembakau"
24,Russia Federation,2153520.23,2025,16.006577842464807,Tembakau,IV,"Makanan Olahan, Minuman, Tembakau"
24,Samoa,1186307.5,2025,47.21324714780014,Tembakau,IV,"Makanan Olahan, Minuman, Tembakau"
24,Saudi Arabia,350.55,2025,-78.15819807470638,Tembakau,IV,"Makanan Olahan, Minuman, Tembakau"
24,Serbia,2253987.6,2025,148.51212743648517,Tembakau,IV,"Makanan Olahan, Minuman, Tembakau"
24,Singapore,184566248.7,2025,-7.922700664089863,Tembakau,IV,"Makanan Olahan, Minuman, Tembakau"
24,Solomon Islands,3322389.2800000003,2025,34.95116625759904,Tembakau,IV,"Makanan Olahan, Minuman, Tembakau"
24,South Africa,2271600.5,2025,41299.07746925505,Tembakau,IV,"Makanan Olahan, Minuman, Tembakau"
24,Spain,2660182.5700000003,2025,14.4471023270451,Tembakau,IV,"Makanan Olahan, Minuman, Tembakau"
24,Sri Lanka,20209676.45,2025,-6.8208414894815235,Tembakau,IV,"Makanan Olahan, Minuman, Tembakau"
24,Suriname,31209.5,2025,71.38660076880835,Tembakau,IV,"Makanan Olahan, Minuman, Tembakau"
24,Sweden,26863.75,2025,-76.23896584054202,Tembakau,IV,"Makanan Olahan, Minuman, Tembakau"
24,Switzerland,1132352.59,2025,1323.7388212523165,Tembakau,IV,"Makanan Olahan, Minuman, Tembakau"
24,Syria Arab Republic,3045850.0,2025,156.90367746288797,Tembakau,IV,"Makanan Olahan, Minuman, Tembakau"
24,Taiwan,34761926.370000005,2025,29.9613364765834,Tembakau,IV,"Makanan Olahan, Minuman, Tembakau"
24,Tanzania United Rep. Of,21900.0,2025,,Tembakau,IV,"Makanan Olahan, Minuman, Tembakau"
24,Thailand,113160615.15,2025,70.26937768703971,Tembakau,IV,"Makanan Olahan, Minuman, Tembakau"
24,Togo,10.0,2025,-45.17543859649123,Tembakau,IV,"Makanan Olahan, Minuman, Tembakau"
24,Tunisia,572447.23,2025,-60.844922708618334,Tembakau,IV,"Makanan Olahan, Minuman, Tembakau"
24,Turkey,2694648.94,2025,-29.73997106755717,Tembakau,IV,"Makanan Olahan, Minuman, Tembakau"
24,United Arab Emirates,17611226.21,2025,100.39866852060196,Tembakau,IV,"Makanan Olahan, Minuman, Tembakau"
24,United Kingdom,4772269.65,2025,157.0245327472385,Tembakau,IV,"Makanan Olahan, Minuman, Tembakau"
24,United States,364659087.32,2025,37.61551947569156,Tembakau,IV,"Makanan Olahan, Minuman, Tembakau"
24,Vanuatu,749114.9,2025,136.75906017593334,Tembakau,IV,"Makanan Olahan, Minuman, Tembakau"
24,Viet Nam,156556035.22,2025,6.866810914826125,Tembakau,IV,"Makanan Olahan, Minuman, Tembakau"
